epoch_utc,ra_rad,dec_rad
1740902460.0,3.5109160673546658,-0.19328044277926515
1740902520.0,3.5110791645615,-0.19336306610887913
1740902580.0,3.5112422671825207,-0.19344568244711954
1740902640.0,3.511405375218443,-0.19352829179273492
1740902700.0,3.5115684886699645,-0.19361089414448443
1740902760.0,3.511731607537801,-0.19369348950111132
1740902820.0,3.511894731822651,-0.19377607786136603
1740902880.0,3.5120578615252307,-0.19385865922399187
1740902940.0,3.512220996646219,-0.19394123358774093
1740903000.0,3.5123841371863325,-0.19402380095134789
1740903060.0,3.512547283146287,-0.1941063613135613
1740903120.0,3.512710434526763,-0.19418891467311583
1740903180.0,3.512873591328493,-0.19427146102875306
1740903240.0,3.5130367535521763,-0.19435400037920766
1740903300.0,3.5131999211985097,-0.19443653272321776
1740903360.0,3.513363094268192,-0.19451905805951272
1740903420.0,3.5135262727619394,-0.1946015763868272
1740903480.0,3.5136894566804835,-0.19468408770389065
1740903540.0,3.513852646024489,-0.1947665920094324
1740903600.0,3.514015840794705,-0.1948490893021784
1740903660.0,3.5141790409917957,-0.19493157958085625
1740903720.0,3.5143422466165113,-0.19501406284418843
1740903780.0,3.5145054576695327,-0.19509653909089733
1740903840.0,3.5146686741515922,-0.19517900831970192
1740903900.0,3.5148318960633715,-0.19526147052932455
1740903960.0,3.514995123405603,-0.19534392571848244
1740904020.0,3.515158356178967,-0.19542637388588927
1740904080.0,3.5153215943842153,-0.1955088150302605
1740904140.0,3.5154848380220276,-0.19559124915030981
1740904200.0,3.515648087093119,-0.1956736762447491
1740904260.0,3.515811341598224,-0.1957560963122852
1740904320.0,3.515974601538022,-0.19583850935162997
1740904380.0,3.5161378669132297,-0.19592091536148662
1740904440.0,3.5163011377245788,-0.19600331434056187
1740904500.0,3.516464413972769,-0.196085706287559
1740904560.0,3.5166276956584968,-0.19616809120117942
1740904620.0,3.516790982782514,-0.19625046908012636
1740904680.0,3.5169542753454826,-0.19633283992309436
1740904740.0,3.517117573348172,-0.19641520372878307
1740904800.0,3.5172808767912445,-0.1964975604958888
1740904860.0,3.5174441856754504,-0.19657991022310428
1740904920.0,3.5176075000014886,-0.19666225290912223
1740904980.0,3.5177708197700737,-0.19674458855263544
1740905040.0,3.5179341449819224,-0.19682691715232964
1740905100.0,3.518097475637732,-0.19690923870689758
1740905160.0,3.5182608117382537,-0.19699155321502507
1740905220.0,3.518424153284167,-0.19707386067539437
1740905280.0,3.5185875002762237,-0.19715616108668946
1740905340.0,3.5187508527151037,-0.19723845444759613
1740905400.0,3.5189142106015403,-0.19732074075679146
1740905460.0,3.5190775739362494,-0.19740302001295246
1740905520.0,3.519240942719946,-0.1974852922147596
1740905580.0,3.519404316953346,-0.1975675573608883
1740905640.0,3.5195676966371825,-0.19764981545001375
1740905700.0,3.5197310817721528,-0.19773206648080782
1740905760.0,3.5198944723589736,-0.1978143104519405
1740905820.0,3.5200578683983603,-0.19789654736208542
1740905880.0,3.5202212698910627,-0.1979787772099074
1740905940.0,3.5203846768377622,-0.19806099999407464
1740906000.0,3.5205480892391914,-0.19814321571325208
1740906060.0,3.520711507096084,-0.19822542436610452
1740906120.0,3.520874930409138,-0.198307625951295
1740906180.0,3.5210383591790673,-0.19838982046748138
1740906240.0,3.5212017934066244,-0.19847200791332503
1740906300.0,3.521365233092489,-0.19855418828748547
1740906360.0,3.5215286782374298,-0.1986363615886171
1740906420.0,3.5216921288421097,-0.19871852781537425
1740906480.0,3.521855584907296,-0.1988006869664113
1740906540.0,3.5220190464336874,-0.19888283904038256
1740906600.0,3.5221825134219995,-0.1989649840359354
1740906660.0,3.5223459858729824,-0.199047121951719
1740906720.0,3.522509463787335,-0.19912925278638416
1740906780.0,3.5226729471657725,-0.199211376538573
1740906840.0,3.522836436009045,-0.1992934932069347
1740906900.0,3.522999930317834,-0.19937560279010785
1740906960.0,3.523163430092907,-0.1994577052867381
1740907020.0,3.523326935334961,-0.1995398006954641
1740907080.0,3.523490446044731,-0.19962188901492442
1740907140.0,3.523653962222914,-0.19970397024375605
1740907200.0,3.5238174838702614,-0.19978604438059588
1740907260.0,3.5239810109874874,-0.199868111424079
1740907320.0,3.5241445435753254,-0.1999501713728371
1740907380.0,3.5243080816344747,-0.20003222422550188
1740907440.0,3.5244716251656847,-0.2001142699807067
1740907500.0,3.524635174169671,-0.20019630863707802
1740907560.0,3.524798728647168,-0.20027834019324223
1740907620.0,3.524962288598872,-0.20036036464782403
1740907680.0,3.5251258540255335,-0.20044238199945333
1740907740.0,3.5252894249278697,-0.20052439224674962
1740907800.0,3.5254530013066123,-0.20060639538833225
1740907860.0,3.5256165831624955,-0.20068839142282774
1740907920.0,3.5257801704962164,-0.20077038034884678
1740907980.0,3.5259437633085255,-0.20085236216501576
1740908040.0,3.526107361600139,-0.20093433686994366
1740908100.0,3.5262709653717894,-0.20101630446224822
1740908160.0,3.5264345746241927,-0.20109826494054012
1740908220.0,3.5265981893580993,-0.20118021830343533
1740908280.0,3.5267618095742246,-0.20126216454954282
1740908340.0,3.5269254352732844,-0.2013441036774681
1740908400.0,3.5270890664560115,-0.2014260356858201
1740908460.0,3.527252703123139,-0.20150796057320955
1740908520.0,3.5274163452754004,-0.20158987833823322
1740908580.0,3.5275799929135108,-0.20167178897950178
1740908640.0,3.5277436460382203,-0.2017536924956138
1740908700.0,3.5279073046502276,-0.20183558888516773
1740908760.0,3.5280709687502836,-0.20191747814676908
1740908820.0,3.528234638339103,-0.2019993602790111
1740908880.0,3.528398313417437,-0.20208123528049057
1740908940.0,3.528561993986001,-0.20216310314980246
1740909000.0,3.5287256800455276,-0.2022449638855418
1740909060.0,3.528889371596732,-0.20232681748629838
1740909120.0,3.529053068640366,-0.20240866395066714
1740909180.0,3.529216771177145,-0.20249050327723273
1740909240.0,3.5293804792078185,-0.2025723354645866
1740909300.0,3.529544192733103,-0.20265416051131502
1740909360.0,3.529707911753713,-0.20273597841600083
1740909420.0,3.529871636270418,-0.202817789177232
1740909480.0,3.530035366283915,-0.2028995927935914
1740909540.0,3.5301991017949725,-0.20298138926365655
1740909600.0,3.5303628428042706,-0.20306317858600845
1740909660.0,3.530526589312595,-0.20314496075922997
1740909720.0,3.530690341320644,-0.20322673578189338
1740909780.0,3.5308540988291686,-0.20330850365257622
1740909840.0,3.531017861838865,-0.20339026436985264
1740909900.0,3.531181630350521,-0.20347201793229835
1740909960.0,3.531345404364833,-0.20355376433848052
1740910020.0,3.5315091838825348,-0.2036355035869749
1740910080.0,3.5316729689043767,-0.20371723567634692
1740910140.0,3.5318367594310742,-0.20379896060516528
1740910200.0,3.532000555463378,-0.20388067837200063
1740910260.0,3.532164357002004,-0.20396238897541133
1740910320.0,3.532328164047702,-0.20404409241396618
1740910380.0,3.5324919766011877,-0.2041257886862253
1740910440.0,3.532655794663212,-0.2042074777907523
1740910500.0,3.5328196182345075,-0.2042891597261038
1740910560.0,3.5329834473158077,-0.20437083449084162
1740910620.0,3.533147281907828,-0.2044525020835206
1740910680.0,3.533311122011336,-0.20453416250269912
1740910740.0,3.5334749676270474,-0.2046158157469269
1740910800.0,3.5336388187557133,-0.20469746181476214
1740910860.0,3.533802675398031,-0.20477910070475636
1740910920.0,3.5339665375547864,-0.20486073241545907
1740910980.0,3.5341304052266778,-0.20494235694542
1740911040.0,3.534294278414455,-0.20502397429318525
1740911100.0,3.5344581571188516,-0.20510558445730617
1740911160.0,3.534622041340618,-0.20518718743632547
1740911220.0,3.534785931080452,-0.20526878322878403
1740911280.0,3.53494982633914,-0.2053503718332297
1740911340.0,3.5351137271173787,-0.20543195324820518
1740911400.0,3.5352776334159373,-0.20551352747224438
1740911460.0,3.5354415452355306,-0.20559509450389166
1740911520.0,3.5356054625768913,-0.20567665434168098
1740911580.0,3.5357693854407715,-0.2057582069841515
1740911640.0,3.5359333138279023,-0.2058397524298389
1740911700.0,3.5360972477390353,-0.2059212906772753
1740911760.0,3.536261187174886,-0.20600282172499293
1740911820.0,3.5364251321362046,-0.20608434557152572
1740911880.0,3.5365890826237245,-0.20616586221540056
1740911940.0,3.5367530386381785,-0.20624737165514792
1740912000.0,3.5369170001803174,-0.206328873889293
1740912060.0,3.537080967250891,-0.20641036891636796
1740912120.0,3.537244939850598,-0.20649185673488932
1740912180.0,3.537408917980224,-0.20657333734338917
1740912240.0,3.5375729016404662,-0.20665481074038228
1740912300.0,3.537736890832093,-0.2067362769243956
1740912360.0,3.5379008855558207,-0.20681773589394561
1740912420.0,3.5380648858124166,-0.20689918764755227
1740912480.0,3.538228891602596,-0.2069806321837355
1740912540.0,3.5383929029271104,-0.20706206950100484
1740912600.0,3.538556919786691,-0.20714349959788195
1740912660.0,3.5387209421820733,-0.20722492247287633
1740912720.0,3.5388849701140233,-0.207306338124501
1740912780.0,3.539049003583257,-0.20738774655126888
1740912840.0,3.5392130425905255,-0.20746914775168948
1740912900.0,3.5393770871365615,-0.20755054172426884
1740912960.0,3.5395411372221153,-0.20763192846751638
1740913020.0,3.5397051928479204,-0.20771330797993814
1740913080.0,3.5398692540147096,-0.2077946802600384
1740913140.0,3.540033320723251,-0.20787604530632484
1740913200.0,3.540197392974259,-0.20795740311729302
1740913260.0,3.540361470768468,-0.20803875369144895
1740913320.0,3.5405255541066634,-0.20812009702729162
1740913380.0,3.540689642989543,-0.20820143312331832
1740913440.0,3.5408537374178564,-0.20828276197802978
1740913500.0,3.541017837392356,-0.2083640835899181
1740913560.0,3.5411819429137905,-0.2084453979574822
1740913620.0,3.541346053982894,-0.20852670507921592
1740913680.0,3.541510170600381,-0.20860800495360785
1740913740.0,3.541674292767038,-0.20868929757915344
1740913800.0,3.5418384204835807,-0.20877058295434126
1740913860.0,3.542002553750759,-0.20885186107765988
1740913920.0,3.542166692569306,-0.20893313194759955
1740913980.0,3.5423308369399895,-0.20901439556264537
1740914040.0,3.542494986863525,-0.20909565192128057
1740914100.0,3.542659142340664,-0.20917690102199205
1740914160.0,3.5428233033721557,-0.20925814286326652
1740914220.0,3.542987469958734,-0.20933937744357864
1740914280.0,3.5431516421011486,-0.2094206047614099
1740914340.0,3.543315819800151,-0.2095018248152454
1740914400.0,3.5434800030564566,-0.20958303760355626
1740914460.0,3.543644191870832,-0.2096642431248257
1740914520.0,3.543808386244012,-0.2097454413775249
1740914580.0,3.5439725861767637,-0.20982663236013538
1740914640.0,3.5441367916697857,-0.20990781607112124
1740914700.0,3.5443010027238624,-0.20998899250896055
1740914760.0,3.54446521933971,-0.21007016167212447
1740914820.0,3.544629441518079,-0.21015132355908053
1740914880.0,3.5447936692597377,-0.2102324781683016
1740914940.0,3.544957902565401,-0.21031362549824825
1740915000.0,3.5451221414358205,-0.21039476554739514
1740915060.0,3.5452863858717447,-0.21047589831420108
1740915120.0,3.545450635873926,-0.2105570237971337
1740915180.0,3.5456148914430794,-0.2106381419946519
1740915240.0,3.5457791525799904,-0.2107192529052232
1740915300.0,3.545943419285374,-0.2108003565273048
1740915360.0,3.546107691559981,-0.21088145285935556
1740915420.0,3.5462719694045797,-0.2109625418998361
1740915480.0,3.546436252819885,-0.21104362364720178
1740915540.0,3.5466005418066304,-0.21112469809990803
1740915600.0,3.546764836365619,-0.21120576525641194
1740915660.0,3.5469291364975306,-0.2112868251151654
1740915720.0,3.5470934422031517,-0.2113678776746203
1740915780.0,3.5472577534832324,-0.21144892293323034
1740915840.0,3.5474220703384876,-0.2115299608894438
1740915900.0,3.5475863927696687,-0.21161099154170923
1740915960.0,3.547750720777543,-0.21169201488847667
1740916020.0,3.547915054362844,-0.2117730309281911
1740916080.0,3.548079393526305,-0.2118540396592991
1740916140.0,3.548243738268693,-0.2119350410802439
1740916200.0,3.5484080885907416,-0.21201603518947218
1740916260.0,3.5485724444932183,-0.21209702198542177
1740916320.0,3.5487368059768394,-0.21217800146653767
1740916380.0,3.5489011730423554,-0.21225897363125254
1740916440.0,3.549065545690516,-0.21233993847801652
1740916500.0,3.54922992392209,-0.21242089600525885
1740916560.0,3.549394307737792,-0.21250184621141915
1740916620.0,3.549558697138391,-0.21258278909493017
1740916680.0,3.5497230921246192,-0.21266372465422806
1740916740.0,3.549887492697228,-0.21274465288774902
1740916800.0,3.5500518988569847,-0.21282557379392048
1740916860.0,3.5502163106046045,-0.21290648737117696
1740916920.0,3.5503807279408384,-0.21298739361794405
1740916980.0,3.5505451508664376,-0.2130682925326528
1740917040.0,3.550709579382169,-0.21314918411373412
1740917100.0,3.550874013488765,-0.2132300683596085
1740917160.0,3.5510384531869605,-0.21331094526870514
1740917220.0,3.5512028984775226,-0.21339181483944625
1740917280.0,3.551367349361184,-0.21347267707025927
1740917340.0,3.5515318058386955,-0.2135535319595595
1740917400.0,3.5516962679108075,-0.2136343795057726
1740917460.0,3.5518607355782708,-0.21371521970731733
1740917520.0,3.552025208841836,-0.2137960525626159
1740917580.0,3.552189687702235,-0.21387687807007835
1740917640.0,3.552354172160219,-0.21395769622812857
1740917700.0,3.5525186622165568,-0.21403850703517838
1740917760.0,3.552683157871962,-0.21411931048964128
1740917820.0,3.552847659127205,-0.21420010658993416
1740917880.0,3.5530121659830347,-0.21428089533446715
1740917940.0,3.553176678440184,-0.2143616767216519
1740918000.0,3.553341196499422,-0.21444245074989676
1740918060.0,3.5535057201614806,-0.21452321741761168
1740918120.0,3.553670249427111,-0.21460397672320491
1740918180.0,3.553834784297063,-0.21468472866508648
1740918240.0,3.553999324772088,-0.2147654732416577
1740918300.0,3.5541638708529186,-0.21484621045132327
1740918360.0,3.554328422540322,-0.21492694029248796
1740918420.0,3.554492979835033,-0.21500766276355487
1740918480.0,3.5546575427378175,-0.21508837786292698
1740918540.0,3.55482211124941,-0.21516908558900205
1740918600.0,3.5549866853705607,-0.21524978594017963
1740918660.0,3.55515126510202,-0.2153304789148593
1740918720.0,3.5553158504445204,-0.2154111645114353
1740918780.0,3.555480441398848,-0.21549184272830718
1740918840.0,3.555645037965718,-0.21557251356387097
1740918900.0,3.5558096401458807,-0.21565317701651576
1740918960.0,3.5559742479401053,-0.2157338330846376
1740919020.0,3.556138861349123,-0.215814481766629
1740919080.0,3.556303480373686,-0.21589512306087905
1740919140.0,3.5564681050145435,-0.21597575696578028
1740919200.0,3.556632735272447,-0.21605638347971828
1740919260.0,3.556797371148146,-0.21613700260108382
1740919320.0,3.5569620126423915,-0.2162176143282608
1740919380.0,3.5571266597559337,-0.21629821865963472
1740919440.0,3.5572913124895065,-0.21637881559359293
1740919500.0,3.5574559708438596,-0.21645940512851577
1740919560.0,3.557620634819761,-0.21653998726278703
1740919620.0,3.5577853044179615,-0.2166205619947923
1740919680.0,3.5579499796391763,-0.21670112932290495
1740919740.0,3.5581146604841916,-0.21678168924550878
1740919800.0,3.5582793469537393,-0.2168622417609824
1740919860.0,3.558444039048553,-0.2169427868676991
1740919920.0,3.5586087367694184,-0.21702332456403933
1740919980.0,3.5587734401170508,-0.21710385484837635
1740920040.0,3.558938149092235,-0.21718437771908705
1740920100.0,3.55910286369567,-0.21726489317454126
1740920160.0,3.5592675839281585,-0.21734540121311235
1740920220.0,3.5594323097903984,-0.2174259018331702
1740920280.0,3.559597041283193,-0.21750639503308983
1740920340.0,3.559761778407257,-0.21758688081123423
1740920400.0,3.5599265211633413,-0.2176673591659767
1740920460.0,3.5600912695521973,-0.21774783009567839
1740920520.0,3.5602560235745737,-0.21782829359871436
1740920580.0,3.56042078323124,-0.21790874967344057
1740920640.0,3.560585548522911,-0.21798919831822508
1740920700.0,3.560750319450373,-0.21806963953143255
1740920760.0,3.5609150960143405,-0.2181500733114224
1740920820.0,3.561079878215581,-0.21823049965655741
1740920880.0,3.561244666054847,-0.21831091856519705
1740920940.0,3.5614094595328702,-0.21839133003569894
1740921000.0,3.5615742586504187,-0.21847173406642426
1740921060.0,3.5617390634082424,-0.21855213065572537
1740921120.0,3.561903873807075,-0.2186325198019634
1740921180.0,3.562068689847685,-0.21871290150349254
1740921240.0,3.5622335115307875,-0.21879327575866345
1740921300.0,3.562398338857168,-0.21887364256583025
1740921360.0,3.562563171827576,-0.21895400192334713
1740921420.0,3.562728010442728,-0.21903435382956649
1740921480.0,3.5628928547034096,-0.2191146982828355
1740921540.0,3.5630577046103356,-0.21919503528150305
1740921600.0,3.563222560164292,-0.21927536482391638
1740921660.0,3.563387421365995,-0.2193556869084261
1740921720.0,3.5635522882162105,-0.21943600153337764
1740921780.0,3.563717160715691,-0.21951630869711472
1740921840.0,3.5638820388651866,-0.21959660839798273
1740921900.0,3.564046922665429,-0.21967690063432363
1740921960.0,3.564211812117188,-0.21975718540448283
1740922020.0,3.564376707221195,-0.21983746270679702
1740922080.0,3.56454160797822,-0.21991773253961167
1740922140.0,3.5647065143889938,-0.21999799490125996
1740922200.0,3.564871426454268,-0.22007824979008386
1740922260.0,3.5650363441748105,-0.22015849720442177
1740922320.0,3.565201267551354,-0.22023873714261213
1740922380.0,3.565366196584632,-0.220318969602983
1740922440.0,3.5655311312754296,-0.22039919458387447
1740922500.0,3.5656960716244797,-0.2204794120836181
1740922560.0,3.5658610176325336,-0.2205596221005505
1740922620.0,3.5660259693003233,-0.22063982463299794
1740922680.0,3.5661909266286176,-0.22072001967929364
1740922740.0,3.5663558896181664,-0.22080020723776905
1740922800.0,3.5665208582697026,-0.2208803873067487
1740922860.0,3.5666858325839947,-0.22096055988456398
1740922920.0,3.5668508125617753,-0.22104072496953941
1740922980.0,3.5670157982037956,-0.2211208825600047
1740923040.0,3.5671807895108225,-0.22120103265427912
1740923100.0,3.56734578648359,-0.22128117525069413
1740923160.0,3.5675107891228475,-0.22136131034756373
1740923220.0,3.5676757974293296,-0.2214414379432194
1740923280.0,3.56784081140382,-0.22152155803597512
1740923340.0,3.568005831047053,-0.22160167062415714
1740923400.0,3.568170856359761,-0.22168177570607775
1740923460.0,3.568335887342712,-0.2217618732800649
1740923520.0,3.56850092399664,-0.22184196334442735
1740923580.0,3.5686659663223113,-0.22192204589748438
1740923640.0,3.56883101432046,-0.22200212093755345
1740923700.0,3.5689960679918538,-0.22208218846294867
1740923760.0,3.5691611273372255,-0.2221622484719839
1740923820.0,3.5693261923573085,-0.22224230096296804
1740923880.0,3.5694912630528703,-0.2223223459342168
1740923940.0,3.5696563394246796,-0.2224023833840442
1740924000.0,3.569821421473452,-0.22248241331075377
1740924060.0,3.569986509199954,-0.22256243571265955
1740924120.0,3.5701516026049203,-0.22264245058806678
1740924180.0,3.5703167016891175,-0.22272245793528428
1740924240.0,3.570481806453263,-0.22280245775261728
1740924300.0,3.5706469168981574,-0.22288245003837465
1740924360.0,3.5708120330245,-0.22296243479085634
1740924420.0,3.5709771548330593,-0.2230424120083677
1740924480.0,3.5711422823245678,-0.22312238168921222
1740924540.0,3.57130741549981,-0.22320234383169174
1740924600.0,3.5714725543595027,-0.22328229843410805
1740924660.0,3.5716376989043965,-0.22336224549475767
1740924720.0,3.5718028491352585,-0.22344218501194416
1740924780.0,3.571968005052804,-0.22352211698396063
1740924840.0,3.57213316665782,-0.22360204140911227
1740924900.0,3.572298333951038,-0.22368195828568702
1740924960.0,3.572463506933192,-0.2237618676119831
1740925020.0,3.572628685605049,-0.2238417693862971
1740925080.0,3.5727938699673434,-0.22392166360692387
1740925140.0,3.5729590600208243,-0.2240015502721512
1740925200.0,3.57312425576626,-0.22408142938027562
1740925260.0,3.5732894572043667,-0.22416130092958678
1740925320.0,3.573454664335912,-0.22424116491837073
1740925380.0,3.573619877161646,-0.2243210213449258
1740925440.0,3.5737850956823025,-0.22440087020753277
1740925500.0,3.5739503198986484,-0.22448071150448126
1740925560.0,3.5741155498114003,-0.22456054523405738
1740925620.0,3.5742807854213434,-0.22464037139454893
1740925680.0,3.5744460267291926,-0.22472018998424026
1740925740.0,3.5746112737357167,-0.22480000100141223
1740925800.0,3.574776526441649,-0.2248798044443509
1740925860.0,3.5749417848477387,-0.2249596003113372
1740925920.0,3.5751070489547367,-0.22503938860065537
1740925980.0,3.575272318763394,-0.22511916931058107
1740926040.0,3.5754375942744434,-0.2251989424393934
1740926100.0,3.575602875488653,-0.22527870798538194
1740926160.0,3.575768162406755,-0.22535846594681005
1740926220.0,3.5759334550295017,-0.2254382163219639
1740926280.0,3.5760987533576416,-0.22551795910911732
1740926340.0,3.5762640573919087,-0.22559769430654414
1740926400.0,3.576429367133054,-0.22567742191252177
1740926460.0,3.5765946825818444,-0.22575714192531882
1740926520.0,3.576760003738996,-0.22583685434321266
1740926580.0,3.5769253306052766,-0.22591655916447367
1740926640.0,3.5770906631814188,-0.2259962563873722
1740926700.0,3.5772560014681742,-0.22607594601017694
1740926760.0,3.57742134546631,-0.22615562803115993
1740926820.0,3.5775866951765245,-0.22623530244858817
1740926880.0,3.5777520505996203,-0.2263149692607302
1740926940.0,3.577917411736278,-0.22639462846584943
1740927000.0,3.5780827785873193,-0.2264742800622163
1740927060.0,3.578248151153423,-0.22655392404809238
1740927120.0,3.5784135294353754,-0.22663356042174462
1740927180.0,3.57857891343391,-0.2267131891814329
1740927240.0,3.578744303149758,-0.22679281032542237
1740927300.0,3.5789096985836895,-0.22687242385197293
1740927360.0,3.5790750997364364,-0.22695202975934622
1740927420.0,3.57924050660875,-0.2270316280458022
1740927480.0,3.57940591920138,-0.227111218709599
1740927540.0,3.5795713375150586,-0.22719080174899473
1740927600.0,3.5797367615505213,-0.22727037716224763
1740927660.0,3.5799021913085336,-0.22734994494761407
1740927720.0,3.5800676267898477,-0.22742950510335225
1740927780.0,3.5802330679951955,-0.22750905762771328
1740927840.0,3.580398514925311,-0.22758860251895366
1740927900.0,3.5805639675809613,-0.22766813977532274
1740927960.0,3.5807294259628626,-0.2277476693950753
1740928020.0,3.5808948900717823,-0.22782719137646418
1740928080.0,3.5810603599084714,-0.22790670571774055
1740928140.0,3.5812258354736626,-0.2279862124171521
1740928200.0,3.5813913167680718,-0.22806571147294838
1740928260.0,3.5815568037925014,-0.22814520288337695
1740928320.0,3.5817222965476496,-0.22822468664668732
1740928380.0,3.581887795034268,-0.2283041627611254
1740928440.0,3.5820532992531224,-0.22838363122493713
1740928500.0,3.5822188092049476,-0.2284630920363667
1740928560.0,3.582384324890459,-0.22854254519365658
1740928620.0,3.582549846310441,-0.22862199069505623
1740928680.0,3.5827153734656103,-0.22870142853879935
1740928740.0,3.5828809063567344,-0.2287808587231371
1740928800.0,3.5830464449845287,-0.2288602812463015
1740928860.0,3.583211989349744,-0.2289396961065385
1740928920.0,3.58337753945313,-0.22901910330208525
1740928980.0,3.583543095295439,-0.22909850283118077
1740929040.0,3.583708656877402,-0.229177894692064
1740929100.0,3.583874224199753,-0.22925727888297048
1740929160.0,3.58403979726326,-0.22933665540213732
1740929220.0,3.5842053760686383,-0.22941602424779656
1740929280.0,3.5843709606166385,-0.22949538541818718
1740929340.0,3.584536550908029,-0.22957473891154112
1740929400.0,3.5847021469435068,-0.22965408472608861
1740929460.0,3.5848677487238407,-0.22973342286006343
1740929520.0,3.585033356249782,-0.229812753311701
1740929580.0,3.5851989695220445,-0.22989207607922463
1740929640.0,3.585364588541397,-0.2299713911608697
1740929700.0,3.5855302133085725,-0.23005069855486304
1740929760.0,3.5856958438243045,-0.2301299982594314
1740929820.0,3.585861480089342,-0.23020929027280496
1740929880.0,3.58602712210442,-0.230288574593207
1740929940.0,3.586192769870288,-0.23036785121886774
1740930000.0,3.5863584233876966,-0.23044712014800875
1740930060.0,3.5865240826573612,-0.23052638137885498
1740930120.0,3.5866897476800323,-0.23060563490962963
1740930180.0,3.5868554184564783,-0.23068488073855783
1740930240.0,3.5870210949873793,-0.23076411886385576
1740930300.0,3.5871867772735384,-0.23084334928375017
1740930360.0,3.587352465315671,-0.23092257199645738
1740930420.0,3.5875181591145107,-0.2310017870002006
1740930480.0,3.5876838586707906,-0.23108099429319615
1740930540.0,3.5878495639852948,-0.23116019387366546
1740930600.0,3.5880152750587055,-0.23123938573981967
1740930660.0,3.5881809918918073,-0.23131856988988023
1740930720.0,3.5883467144853154,-0.23139774632205992
1740930780.0,3.5885124428399813,-0.231476915034575
1740930840.0,3.5886781769565377,-0.23155607602564005
1740930900.0,3.5888439168357347,-0.23163522929346783
1740930960.0,3.589009662478288,-0.23171437483626936
1740931020.0,3.589175413884966,-0.23179351265226095
1740931080.0,3.589341171056501,-0.23187264273964836
1740931140.0,3.5895069339936096,-0.2319517650966444
1740931200.0,3.589672702697059,-0.2320308797214583
1740931260.0,3.589838477167565,-0.23210998661230298
1740931320.0,3.590004257405878,-0.23218908576737887
1740931380.0,3.590170043412748,-0.2322681771848988
1740931440.0,3.590335835188892,-0.23234726086306687
1740931500.0,3.5905016327350587,-0.23242633680009056
1740931560.0,3.5906674360519824,-0.23250540499417394
1740931620.0,3.5908332451403955,-0.23258446544351938
1740931680.0,3.590999060001049,-0.23266351814633432
1740931740.0,3.591164880634676,-0.23274256310081942
1740931800.0,3.591330707042009,-0.23282160030517698
1740931860.0,3.5914965392237987,-0.23290062975760928
1740931920.0,3.5916623771807785,-0.23297965145631513
1740931980.0,3.5918282209136807,-0.23305866539949513
1740932040.0,3.5919940704232216,-0.23313767158534807
1740932100.0,3.592159925710169,-0.2332166700120728
1740932160.0,3.592325786775255,-0.2332956606778646
1740932220.0,3.5924916536192137,-0.23337464358092586
1740932280.0,3.5926575262427614,-0.23345361871944662
1740932340.0,3.592823404646664,-0.2335325860916257
1740932400.0,3.592989288831638,-0.23361154569565842
1740932460.0,3.5931551787984346,-0.23369049752973664
1740932520.0,3.5933210745477866,-0.2337694415920522
1740932580.0,3.5934869760804085,-0.23384837788080046
1740932640.0,3.5936528833970516,-0.23392730639417145
1740932700.0,3.5938187964984665,-0.23400622713035704
1740932760.0,3.593984715385368,-0.23408514008754908
1740932820.0,3.5941506400585084,-0.23416404526393414
1740932880.0,3.5943165705186018,-0.23424294265770237
1740932940.0,3.594482506766381,-0.23432183226704206
1740933000.0,3.5946484488026145,-0.23440071409013982
1740933060.0,3.5948143966280006,-0.23447958812518402
1740933120.0,3.5949803502433078,-0.23455845437035777
1740933180.0,3.5951463096492327,-0.23463731282384942
1740933240.0,3.5953122748465263,-0.23471616348383859
1740933300.0,3.5954782458359396,-0.2347950063485136
1740933360.0,3.5956442226181884,-0.2348738414160576
1740933420.0,3.595810205194005,-0.23495266868465195
1740933480.0,3.5959761935641223,-0.23503148815247626
1740933540.0,3.5961421877292743,-0.2351102998177154
1740933600.0,3.596308187690211,-0.23518910367854545
1740933660.0,3.5964741934476474,-0.23526789973314963
1740933720.0,3.5966402050023354,-0.23534668797970396
1740933780.0,3.596806222354989,-0.2354254684163864
1740933840.0,3.5969722455063424,-0.2355042410413765
1740933900.0,3.597138274457128,-0.23558300585284866
1740933960.0,3.5973043092080967,-0.23566176284898083
1740934020.0,3.597470349759946,-0.23574051202794558
1740934080.0,3.5976363961134443,-0.23581925338792079
1740934140.0,3.59780244826929,-0.23589798692708086
1740934200.0,3.5979685062282503,-0.23597671264359493
1740934260.0,3.598134569991042,-0.23605543053563913
1740934320.0,3.598300639558379,-0.23613414060138263
1740934380.0,3.598466714931013,-0.23621284283899807
1740934440.0,3.59863279610966,-0.2362915372466546
1740934500.0,3.5987988830950868,-0.23637022382252304
1740934560.0,3.598964975887974,-0.23644890256477094
1740934620.0,3.599131074489073,-0.23652757347156905
1740934680.0,3.5992971788991164,-0.23660623654108312
1740934740.0,3.599463289118855,-0.23668489177147878
1740934800.0,3.599629405148986,-0.23676353916092865
1740934860.0,3.5997955269902437,-0.2368421787075897
1740934920.0,3.599961654643378,-0.23692081040963106
1740934980.0,3.6001277881091043,-0.23699943426521838
1740935040.0,3.600293927388139,-0.2370780502725121
1740935100.0,3.600460072481231,-0.2371566584296779
1740935160.0,3.6006262233891144,-0.2372352587348761
1740935220.0,3.600792380112505,-0.23731385118626905
1740935280.0,3.6009585426521356,-0.23739243578201527
1740935340.0,3.6011247110087385,-0.23747101252027694
1740935400.0,3.601290885183031,-0.2375495813992146
1740935460.0,3.6014570651757443,-0.2376281424169833
1740935520.0,3.60162325098763,-0.23770669557174529
1740935580.0,3.6017894426193684,-0.23778524086165398
1740935640.0,3.6019556400717274,-0.23786377828486982
1740935700.0,3.6021218433454227,-0.23794230783954798
1740935760.0,3.6022880524411702,-0.23802082952384188
1740935820.0,3.6024542673597195,-0.2380993433359085
1740935880.0,3.602620488101787,-0.2381778492738995
1740935940.0,3.602786714668088,-0.2382563473359718
1740936000.0,3.6029529470593555,-0.23833483752027368
1740936060.0,3.60311918527634,-0.23841331982496022
1740936120.0,3.6032854293197225,-0.23849179424818498
1740936180.0,3.6034516791902704,-0.2385702607880908
1740936240.0,3.6036179348886828,-0.23864871944283644
1740936300.0,3.603784196415691,-0.23872717021056664
1740936360.0,3.603950463772047,-0.23880561308943304
1740936420.0,3.6041167369584315,-0.23888404807758207
1740936480.0,3.604283015975611,-0.23896247517316027
1740936540.0,3.604449300824268,-0.23904089437431233
1740936600.0,3.6046155915051696,-0.23911930567919168
1740936660.0,3.6047818880190134,-0.23919770908593604
1740936720.0,3.6049481903665335,-0.23927610459269713
1740936780.0,3.605114498548462,-0.23935449219761445
1740936840.0,3.605280812565497,-0.23943287189883267
1740936900.0,3.6054471324183726,-0.23951124369449475
1740936960.0,3.6056134581078387,-0.23958960758274372
1740937020.0,3.605779789634593,-0.239667963561719
1740937080.0,3.605946126999352,-0.23974631162956536
1740937140.0,3.606112470202865,-0.23982465178441872
1740937200.0,3.606278819245831,-0.23990298402442037
1740937260.0,3.606445174128983,-0.23998130834771148
1740937320.0,3.606611534853054,-0.2400596247524281
1740937380.0,3.6067779014187415,-0.24013793323670965
1740937440.0,3.6069442738267794,-0.24021623379869042
1740937500.0,3.6071106520779006,-0.24029452643651159
1740937560.0,3.60727703617282,-0.24037281114830397
1740937620.0,3.6074434261122366,-0.24045108793220699
1740937680.0,3.607609821896901,-0.24052935678634962
1740937740.0,3.6077762235275275,-0.24060761770887143
1740937800.0,3.607942631004832,-0.24068587069790315
1740937860.0,3.6081090443295487,-0.24076411575157725
1740937920.0,3.608275463502375,-0.24084235286802796
1740937980.0,3.6084418885240437,-0.24092058204538433
1740938040.0,3.608608319395271,-0.24099880328177883
1740938100.0,3.608774756116789,-0.24107701657534047
1740938160.0,3.6089411986892976,-0.24115522192419825
1740938220.0,3.6091076471135275,-0.24123341932648296
1740938280.0,3.609274101390196,-0.2413116087803201
1740938340.0,3.6094405615200356,-0.2413897902838404
1740938400.0,3.609607027503727,-0.24146796383516936
1740938460.0,3.6097734993420376,-0.24154612943243253
1740938520.0,3.6099399770356486,-0.24162428707375894
1740938580.0,3.6101064605853113,-0.24170243675726885
1740938640.0,3.6102729499917046,-0.24178057848109125
1740938700.0,3.610439445255563,-0.2418587122433499
1740938760.0,3.610605946377619,-0.24193683804216515
1740938820.0,3.6107724533585883,-0.24201495587566066
1740938880.0,3.6109389661991513,-0.2420930657419603
1740938940.0,3.6111054849000763,-0.24217116763918078
1740939000.0,3.6112720094620436,-0.2422492615654512
1740939060.0,3.611438539885787,-0.2423273475188848
1740939120.0,3.6116050761720033,-0.24240542549760535
1740939180.0,3.611771618321427,-0.24248349549972792
1740939240.0,3.611938166334773,-0.24256155752337277
1740939300.0,3.612104720212756,-0.24263961156666017
1740939360.0,3.6122712799560937,-0.2427176576277052
1740939420.0,3.612437845565482,-0.24279569570462461
1740939480.0,3.6126044170416556,-0.24287372579553346
1740939540.0,3.612770994385312,-0.2429517478985486
1740939600.0,3.6129375775972012,-0.24302976201178494
1740939660.0,3.613104166678005,-0.24310776813335588
1740939720.0,3.6132707616284376,-0.24318576626137473
1740939780.0,3.6134373624492335,-0.24326375639395822
1740939840.0,3.613603969141072,-0.2433417385292092
1740939900.0,3.6137705817047046,-0.24341971266525148
1740939960.0,3.613937200140829,-0.24349767880018955
1740940020.0,3.614103824450161,-0.24357563693213505
1740940080.0,3.6142704546333984,-0.2436535870591977
1740940140.0,3.6144370906912746,-0.24373152917948912
1740940200.0,3.614603732624505,-0.24380946329111566
1740940260.0,3.6147703804337703,-0.24388738939218876
1740940320.0,3.6149370341198033,-0.24396530748081136
1740940380.0,3.61510369368332,-0.24404321755509317
1740940440.0,3.6152703591250357,-0.2441211196131406
1740940500.0,3.6154370304456314,-0.24419901365306165
1740940560.0,3.61560370764584,-0.24427689967295743
1740940620.0,3.615770390726377,-0.244354777670936
1740940680.0,3.6159370796879577,-0.24443264764510014
1740940740.0,3.6161037745312634,-0.24451050959355625
1740940800.0,3.6162704752570263,-0.24458836351440014
1740940860.0,3.616437181865963,-0.2446662094057451
1740940920.0,3.6166038943587537,-0.24474404726568175
1740940980.0,3.616770612736131,-0.2448218770923199
1740941040.0,3.6169373369988107,-0.24489969888375535
1740941100.0,3.617104067147474,-0.24497751263808926
1740941160.0,3.617270803182854,-0.24505531835342267
1740941220.0,3.617437545105648,-0.2451331160278549
1740941280.0,3.6176042929165724,-0.2452109056594818
1740941340.0,3.6177710466163244,-0.24528868724640276
1740941400.0,3.617937806205603,-0.2453664607867153
1740941460.0,3.618104571685141,-0.24544422627851356
1740941520.0,3.618271343055637,-0.24552198371989867
1740941580.0,3.618438120317788,-0.2455997331089611
1740941640.0,3.61860490347231,-0.2456774744437986
1740941700.0,3.6187716925199016,-0.24575520772250514
1740941760.0,3.6189384874612776,-0.2458329329431749
1740941820.0,3.619105288297137,-0.2459106501039002
1740941880.0,3.6192720950281956,-0.24598835920277515
1740941940.0,3.61943890765515,-0.24606606023789038
1740942000.0,3.6196057261786994,-0.2461437532073382
1740942060.0,3.6197725505995595,-0.24622143810921102
1740942120.0,3.6199393809184457,-0.24629911494159593
1740942180.0,3.6201062171360388,-0.24637678370258703
1740942240.0,3.620273059253054,-0.2464544443902697
1740942300.0,3.62043990727019,-0.24653209700273626
1740942360.0,3.6206067611881614,-0.24660974153807214
1740942420.0,3.6207736210076673,-0.2466873779943679
1740942480.0,3.6209404867294057,-0.24676500636970897
1740942540.0,3.6211073583540743,-0.24684262666218068
1740942600.0,3.6212742358823884,-0.2469202388698719
1740942660.0,3.6214411193150475,-0.24699784299086627
1740942720.0,3.6216080086527658,-0.24707543902324916
1740942780.0,3.6217749038962244,-0.2471530269651042
1740942840.0,3.621941805046122,-0.24723060681451853
1740942900.0,3.622108712103191,-0.2473081785695722
1740942960.0,3.622275625068112,-0.24738574222834894
1740943020.0,3.6224425439415664,-0.2474632977889306
1740943080.0,3.6226094687242862,-0.24754084524939907
1740943140.0,3.6227763994169706,-0.2476183846078362
1740943200.0,3.6229433360202994,-0.24769591586232215
1740943260.0,3.623110278534989,-0.24777343901093532
1740943320.0,3.623277226961737,-0.24785095405175758
1740943380.0,3.623444181301224,-0.24792846098286733
1740943440.0,3.623611141554183,-0.24800595980234122
1740943500.0,3.623778107721278,-0.2480834505082611
1740943560.0,3.623945079803241,-0.24816093309870196
1740943620.0,3.6241120578007355,-0.2482384075717386
1740943680.0,3.6242790417144954,-0.2483158739254512
1740943740.0,3.6244460315451823,-0.24839333215791468
1740943800.0,3.624613027293531,-0.24847078226720215
1740943860.0,3.624780028960204,-0.24854822425138856
1740943920.0,3.6249470365459167,-0.24862565810854878
1740943980.0,3.6251140500513848,-0.24870308383675774
1740944040.0,3.6252810694772535,-0.24878050143408684
1740944100.0,3.6254480948242747,-0.2488579108986092
1740944160.0,3.62561512609311,-0.24893531222839804
1740944220.0,3.625782163284459,-0.24901270542152124
1740944280.0,3.6259492063990186,-0.24909009047605546
1740944340.0,3.6261162554375055,-0.2491674673900651
1740944400.0,3.626283310400582,-0.2492448361616251
1740944460.0,3.626450371288964,-0.24932219678880163
1740944520.0,3.6266174381033323,-0.24939954926966784
1740944580.0,3.626784510844402,-0.24947689360228814
1740944640.0,3.6269515895128377,-0.2495542297847305
1740944700.0,3.627118674109371,-0.24963155781506455
1740944760.0,3.627285764634648,-0.24970887769135297
1740944820.0,3.627452861089402,-0.24978618941166716
1740944880.0,3.6276199634742956,-0.24986349297406987
1740944940.0,3.6277870717900456,-0.24994078837662717
1740945000.0,3.6279541860373494,-0.25001807561740536
1740945060.0,3.62812130621687,-0.25009535469446526
1740945120.0,3.6282884323293056,-0.2501726256058766
1740945180.0,3.6284555643753724,-0.25024988834969514
1740945240.0,3.6286227023557327,-0.25032714292398867
1740945300.0,3.6287898462710855,-0.25040438932681647
1740945360.0,3.6289569961221284,-0.2504816275562429
1740945420.0,3.6291241519095596,-0.25055885761032726
1740945480.0,3.6292913136340426,-0.2506360794871322
1740945540.0,3.6294584812962922,-0.2507132931847168
1740945600.0,3.6296256548969903,-0.2507904987011387
1740945660.0,3.629792834436817,-0.2508676960344604
1740945720.0,3.6299600199164703,-0.2509448851827377
1740945780.0,3.6301272113366307,-0.25102206614403155
1740945840.0,3.6302944086979974,-0.2510992389163994
1740945900.0,3.6304616120012496,-0.25117640349789516
1740945960.0,3.630628821247086,-0.25125355988657977
1740946020.0,3.6307960364361875,-0.2513307080805072
1740946080.0,3.6309632575692343,-0.25140784807773325
1740946140.0,3.631130484646908,-0.2514849798763117
1740946200.0,3.6312977176699235,-0.2515621034743001
1740946260.0,3.631464956638944,-0.25163921886975243
1740946320.0,3.6316322015546683,-0.25171632606071914
1740946380.0,3.6317994524177584,-0.25179342504525587
1740946440.0,3.631966709228931,-0.2518705158214149
1740946500.0,3.6321339719888663,-0.25194759838725017
1740946560.0,3.632301240698227,-0.25202467274081036
1740946620.0,3.6324685153577128,-0.25210173888014775
1740946680.0,3.632635795968003,-0.25217879680331456
1740946740.0,3.6328030825297963,-0.2522558465083612
1740946800.0,3.6329703750437554,-0.25233288799333464
1740946860.0,3.6331376735105616,-0.25240992125628714
1740946920.0,3.6333049779309303,-0.2524869462952657
1740946980.0,3.633472288305507,-0.2525639631083207
1740947040.0,3.6336396046350075,-0.2526409716934939
1740947100.0,3.6338069269200775,-0.25271797204883933
1740947160.0,3.6339742551614327,-0.25279496417240566
1740947220.0,3.634141589359736,-0.2528719480622294
1740947280.0,3.6343089295156688,-0.25294892371636624
1740947340.0,3.6344762756299285,-0.25302589113285795
1740947400.0,3.634643627703179,-0.253102850309748
1740947460.0,3.6348109857361,-0.2531798012450816
1740947520.0,3.6349783497293733,-0.253256743936904
1740947580.0,3.635145719683696,-0.2533336783832605
1740947640.0,3.635313095599732,-0.25341060458218745
1740947700.0,3.6354804774781617,-0.25348752253173545
1740947760.0,3.635647865319666,-0.2535644322299427
1740947820.0,3.635815259124908,-0.2536413336748474
1740947880.0,3.635982658894603,-0.25371822686449663
1740947940.0,3.6361500646293976,-0.2537951117969304
1740948000.0,3.636317476329972,-0.25387198847018505
1740948060.0,3.636484893997024,-0.2539488568823042
1740948120.0,3.6366523176312167,-0.2540257170313243
1740948180.0,3.636819747233214,-0.25410256891528543
1740948240.0,3.6369871828037135,-0.25417941253222753
1740948300.0,3.6371546243433786,-0.254256247880187
1740948360.0,3.6373220718529082,-0.25433307495720053
1740948420.0,3.637489525332947,-0.25440989376130446
1740948480.0,3.6376569847841758,-0.25448670429053716
1740948540.0,3.6378244502072934,-0.2545635065429334
1740948600.0,3.6379919216029446,-0.2546403005165331
1740948660.0,3.638159398971829,-0.25471708620936223
1740948720.0,3.638326882314608,-0.25479386361946443
1740948780.0,3.6384943716319462,-0.2548706327448709
1740948840.0,3.6386618669245236,-0.25494739358361285
1740948900.0,3.6388293681930213,-0.25502414613372515
1740948960.0,3.63899687543812,-0.2551008903932442
1740949020.0,3.6391643886604648,-0.2551776263601961
1740949080.0,3.6393319078607544,-0.25525435403261737
1740949140.0,3.6394994330396515,-0.2553310734085357
1740949200.0,3.639666964197803,-0.255407784485986
1740949260.0,3.6398345013359235,-0.2554844872629976
1740949320.0,3.6400020444546586,-0.2555611817376002
1740949380.0,3.6401695935546723,-0.25563786790782145
1740949440.0,3.6403371486366622,-0.25571454577169267
1740949500.0,3.6405047097012746,-0.25579121532724514
1740949560.0,3.6406722767491897,-0.2558678765725031
1740949620.0,3.6408398497810532,-0.2559445295054962
1740949680.0,3.641007428797581,-0.2560211741242503
1740949740.0,3.6411750137994017,-0.25609781042679325
1740949800.0,3.6413426047871953,-0.25617443841115284
1740949860.0,3.6415102017616428,-0.25625105807535514
1740949920.0,3.64167780472339,-0.25632766941742086
1740949980.0,3.6418454136731175,-0.2564042724353831
1740950040.0,3.6420130286114882,-0.2564808671272608
1740950100.0,3.6421806495391658,-0.2565574534910784
1740950160.0,3.6423482764568136,-0.2566340315248653
1740950220.0,3.6425159093651294,-0.25671060122663886
1740950280.0,3.6426835482647415,-0.25678716259442336
1740950340.0,3.6428511931563308,-0.25686371562624477
1740950400.0,3.643018844040561,-0.2569402603201205
1740950460.0,3.643186500918094,-0.25701679667407656
1740950520.0,3.643354163789594,-0.25709332468613194
1740950580.0,3.643521832655724,-0.257169844354304
1740950640.0,3.643689507517165,-0.25724635567662046
1740950700.0,3.6438571883745623,-0.2573228586510952
1740950760.0,3.6440248752285793,-0.25739935327575075
1740950820.0,3.6441925680798795,-0.25747583954860614
1740950880.0,3.6443602669291253,-0.2575523174676787
1740950940.0,3.6445279717769985,-0.25762878703098924
1740951000.0,3.644695682624144,-0.2577052482365515
1740951060.0,3.644863399471207,-0.2577817010823846
1740951120.0,3.6450311223188705,-0.25785814556650755
1740951180.0,3.6451988511677955,-0.2579345816869359
1740951240.0,3.645366586018646,-0.25801100944168354
1740951300.0,3.645534326872068,-0.25808742882876773
1740951360.0,3.645702073728707,-0.2581638398462022
1740951420.0,3.6458698265892613,-0.2582402424920062
1740951480.0,3.6460375854543763,-0.2583166367641899
1740951540.0,3.6462053503246987,-0.2583930226607672
1740951600.0,3.6463731212008903,-0.25846940017975356
1740951660.0,3.646540898083615,-0.2585457693191629
1740951720.0,3.646708680973536,-0.2586221300770072
1740951780.0,3.6468764698713,-0.25869848245129506
1740951840.0,3.647044264777551,-0.2587748264400439
1740951900.0,3.6472120656929885,-0.2588511620412604
1740951960.0,3.6473798726182234,-0.2589274892529602
1740952020.0,3.6475476855539353,-0.2590038080731501
1740952080.0,3.6477155045007703,-0.25908011849984397
1740952140.0,3.647883329459393,-0.2591564205310468
1740952200.0,3.6480511604304646,-0.25923271416477256
1740952260.0,3.6482189974146144,-0.2593089993990279
1740952320.0,3.6483868404125235,-0.25938527623182156
1740952380.0,3.6485546894248366,-0.2594615446611637
1740952440.0,3.648722544452183,-0.2595378046850596
1740952500.0,3.6488904054952607,-0.25961405630151774
1740952560.0,3.6490582725546976,-0.25969029950854317
1740952620.0,3.6492261456311392,-0.25976653430414454
1740952680.0,3.64939402472525,-0.2598427606863286
1740952740.0,3.6495619098376744,-0.2599189786530988
1740952800.0,3.6497298009690757,-0.2599951882024619
1740952860.0,3.649897698120101,-0.260071389332423
1740952920.0,3.6500656012913946,-0.26014758204098376
1740952980.0,3.6502335104836208,-0.26022376632615096
1740953040.0,3.6504014256974076,-0.2602999421859296
1740953100.0,3.650569346933417,-0.26037610961832147
1740953160.0,3.6507372741923145,-0.2604522686213298
1740953220.0,3.650905207474709,-0.2605284191929544
1740953280.0,3.6510731467813,-0.26060456133120047
1740953340.0,3.651241092112697,-0.2606806950340695
1740953400.0,3.651409043469547,-0.26075682029956143
1740953460.0,3.6515770008525306,-0.2608329371256778
1740953520.0,3.6517449642622752,-0.2609090455104185
1740953580.0,3.651912933699427,-0.26098514545178514
1740953640.0,3.6520809091646322,-0.2610612369477775
1740953700.0,3.652248890658536,-0.2611373199963938
1740953760.0,3.6524168781817847,-0.261213394595632
1740953820.0,3.6525848717350238,-0.2612894607434921
1740953880.0,3.6527528713189166,-0.26136551843797384
1740953940.0,3.6529208769340906,-0.2614415676770719
1740954000.0,3.6530888885811934,-0.2615176084587861
1740954060.0,3.6532569062608693,-0.2615936407811111
1740954120.0,3.6534249299737467,-0.26166966464204494
1740954180.0,3.653592959720489,-0.2617456800395823
1740954240.0,3.6537609955017425,-0.26182168697172126
1740954300.0,3.653929037318135,-0.2618976854364582
1740954360.0,3.6540970851703123,-0.26197367543178424
1740954420.0,3.65426513905892,-0.2620496569556957
1740954480.0,3.654433198984605,-0.262125630006189
1740954540.0,3.6546012649479933,-0.26220159458125525
1740954600.0,3.6547693369497334,-0.262277550678889
1740954660.0,3.6549374149904694,-0.26235349829708327
1740954720.0,3.6551054990708476,-0.2624294374338325
1740954780.0,3.655273589191496,-0.2625053680871262
1740954840.0,3.6554416853530602,-0.2625812902549572
1740954900.0,3.6556097875561693,-0.2626572039353201
1740954960.0,3.655777895801469,-0.26273310912620085
1740955020.0,3.6559460100896044,-0.26280900582559574
1740955080.0,3.6561141304212037,-0.2628848940314907
1740955140.0,3.6562822567969135,-0.26296077374187854
1740955200.0,3.656450389217362,-0.26303664495475043
1740955260.0,3.6566185276831766,-0.2631125076680906
1740955320.0,3.6567866721950217,-0.26318836187989353
1740955380.0,3.6569548227535074,-0.26326420758814345
1740955440.0,3.657122979359297,-0.26334004479083317
1740955500.0,3.6572911420129843,-0.26341587348594514
1740955560.0,3.6574593107152498,-0.26349169367147046
1740955620.0,3.6576274854667044,-0.2635675053453968
1740955680.0,3.6577956662679756,-0.26364330850571
1740955740.0,3.6579638531197105,-0.2637191031503942
1740955800.0,3.6581320460225375,-0.2637948892774371
1740955860.0,3.6583002449771005,-0.2638706668848263
1740955920.0,3.6584684499840123,-0.2639464359705477
1740955980.0,3.6586366610439174,-0.26402219653258013
1740956040.0,3.658804878157445,-0.2640979485689131
1740956100.0,3.6589731013252407,-0.2641736920775324
1740956160.0,3.659141330547915,-0.264249427056417
1740956220.0,3.659309565826096,-0.2643251535035528
1740956280.0,3.6594778071604477,-0.26440087141692387
1740956340.0,3.659646054551563,-0.2644765807945109
1740956400.0,3.659814308000088,-0.26455228163429984
1740956460.0,3.659982567506651,-0.26462797393426774
1740956520.0,3.6601508330718624,-0.26470365769239884
1740956580.0,3.6603191046963857,-0.2647793329066737
1740956640.0,3.660487382380832,-0.2648549995750766
1740956700.0,3.660655666125829,-0.2649306576955828
1740956760.0,3.6608239559319884,-0.2650063072661766
1740956820.0,3.660992251799973,-0.26508194828483855
1740956880.0,3.661160553730376,-0.2651575807495458
1740956940.0,3.661328861723843,-0.2652332046582774
1740957000.0,3.6614971757810038,-0.26530882000901207
1740957060.0,3.66166549590245,-0.26538442679973057
1740957120.0,3.661833822088845,-0.2654600250284083
1740957180.0,3.6620021543408012,-0.265535614693026
1740957240.0,3.662170492658928,-0.26561119579155895
1740957300.0,3.6623388370438716,-0.26568676832198435
1740957360.0,3.662507187496243,-0.26576233228227764
1740957420.0,3.662675544016671,-0.2658378876704212
1740957480.0,3.6628439066057825,-0.26591343448438176
1740957540.0,3.6630122752641894,-0.2659889727221452
1740957600.0,3.6631806499925026,-0.26606450238167995
1740957660.0,3.663349030791367,-0.26614002346096316
1740957720.0,3.663517417661395,-0.2662155359579685
1740957780.0,3.6636858106032135,-0.2662910398706731
1740957840.0,3.6638542096174342,-0.2663665351970472
1740957900.0,3.6640226147046846,-0.2664420219350663
1740957960.0,3.6641910258655765,-0.26651750008270386
1740958020.0,3.6643594431007207,-0.266592969637932
1740958080.0,3.6645278664107614,-0.26666843059872597
1740958140.0,3.6646962957962943,-0.2667438829630544
1740958200.0,3.6648647312579636,-0.2668193267288925
1740958260.0,3.6650331727963463,-0.2668947618942072
1740958320.0,3.665201620412105,-0.26697018845697545
1740958380.0,3.6653700741058155,-0.2670456064151658
1740958440.0,3.6655385338781232,-0.2671210157667466
1740958500.0,3.6657069997296405,-0.2671964165096916
1740958560.0,3.66587547166096,-0.2672718086419675
1740958620.0,3.6660439496727264,-0.2673471921615479
1740958680.0,3.666212433765535,-0.26742256706639783
1740958740.0,3.6663809239400127,-0.2674979333544892
1740958800.0,3.6665494201967705,-0.2675732910237903
1740958860.0,3.6667179225364204,-0.2676486400722681
1740958920.0,3.666886430959572,-0.26772398049789076
1740958980.0,3.667054945466837,-0.26779931229862686
1740959040.0,3.667223466058843,-0.26787463547244483
1740959100.0,3.6673919927361838,-0.2679499500173061
1740959160.0,3.6675605254994705,-0.26802525593118437
1740959220.0,3.667729064349349,-0.26810055321204107
1740959280.0,3.6678976092863764,-0.26817584185784465
1740959340.0,3.6680661603112,-0.26825112186656
1740959400.0,3.66823471742443,-0.2683263932361522
1740959460.0,3.6684032806266433,-0.2684016559645843
1740959520.0,3.668571849918484,-0.2684769100498249
1740959580.0,3.668740425300547,-0.26855215548983524
1740959640.0,3.6689090067734598,-0.2686273922825839
1740959700.0,3.669077594337781,-0.2687026204260271
1740959760.0,3.669246187994174,-0.26877783991813675
1740959820.0,3.669414787743215,-0.26885305075686905
1740959880.0,3.669583393585514,-0.26892825294018724
1740959940.0,3.6697520055217003,-0.26900344646606145
1740960000.0,3.669920623552349,-0.2690786313324444
1740960060.0,3.670089247678072,-0.2691538075373029
1740960120.0,3.670257877899479,-0.2692289750785947
1740960180.0,3.6704265142171826,-0.26930413395428676
1740960240.0,3.6705951566317743,-0.2693792841623351
1740960300.0,3.6707638051438654,-0.2694544257007012
1740960360.0,3.6709324597540673,-0.2695295585673466
1740960420.0,3.6711011204629562,-0.2696046827602292
1740960480.0,3.67126978727116,-0.26967979827731053
1740960540.0,3.6714384601792713,-0.26975490511655015
1740960600.0,3.6716071391879024,-0.26983000327590617
1740960660.0,3.6717758242976455,-0.26990509275333474
1740960720.0,3.6719445155090953,-0.26998017354679904
1740960780.0,3.672113212822861,-0.2700552456542519
1740960840.0,3.6722819162395375,-0.2701303090736582
1740960900.0,3.672450625759735,-0.2702053638029689
1740960960.0,3.6726193413840305,-0.27028040984014196
1740961020.0,3.67278806311305,-0.2703554471831354
1740961080.0,3.6729567909473886,-0.2704304758299072
1740961140.0,3.673125524887623,-0.27050549577841176
1740961200.0,3.673294264934362,-0.2705805070266053
1740961260.0,3.673463011088218,-0.2706555095724424
1740961320.0,3.673631763349766,-0.2707305034138809
1740961380.0,3.6738005217196,-0.27080548854887354
1740961440.0,3.673969286198331,-0.27088046497537666
1740961500.0,3.674138056786552,-0.27095543269134464
1740961560.0,3.6743068334848563,-0.2710303916947267
1740961620.0,3.6744756162938375,-0.27110534198348263
1740961680.0,3.6746444052140896,-0.27118028355556334
1740961740.0,3.6748132002462226,-0.2712552164089233
1740961800.0,3.674982001390795,-0.27133014054151533
1740961860.0,3.6751508086484366,-0.2714050559512903
1740961920.0,3.6753196220197037,-0.2714799626362027
1740961980.0,3.675488441505226,-0.2715548605942019
1740962040.0,3.675657267105562,-0.2716297498232405
1740962100.0,3.675826098821322,-0.2717046303212713
1740962160.0,3.675994936653082,-0.2717795020862452
1740962220.0,3.6761637806014535,-0.27185436511611144
1740962280.0,3.6763326306670288,-0.27192921940882114
1740962340.0,3.676501486850368,-0.2720040649623269
1740962400.0,3.6766703491520807,-0.2720789017745727
1740962460.0,3.6768392175727427,-0.2721537298435131
1740962520.0,3.6770080921129487,-0.2722285491670974
1740962580.0,3.6771769727733083,-0.27230335974327463
1740962640.0,3.677345859554381,-0.27237816156999245
1740962700.0,3.6775147524567595,-0.2724529546451983
1740962760.0,3.67768365148102,-0.2725277389668432
1740962820.0,3.6778525566277733,-0.2726025145328728
1740962880.0,3.678021467897595,-0.2726772813412347
1740962940.0,3.6781903852910793,-0.27275203938987813
1740963000.0,3.6783593088087847,-0.272826788676747
1740963060.0,3.6785282384513036,-0.2729015291997906
1740963120.0,3.6786971742192476,-0.27297626095695643
1740963180.0,3.6788661161131575,-0.2730509839461868
1740963240.0,3.679035064133645,-0.27312569816543086
1740963300.0,3.6792040182813026,-0.2732004036126344
1740963360.0,3.679372978556671,-0.2732751002857414
1740963420.0,3.6795419449603797,-0.2733497881826976
1740963480.0,3.679710917492969,-0.2734244673014471
1740963540.0,3.6798798961550494,-0.2734991376399355
1740963600.0,3.6800488809471807,-0.2735737991961034
1740963660.0,3.6802178718699725,-0.2736484519679018
1740963720.0,3.6803868689239665,-0.27372309595326766
1740963780.0,3.680555872109756,-0.2737977311501485
1740963840.0,3.680724881427917,-0.2738723575564848
1740963900.0,3.6808938968790423,-0.27394697517022065
1740963960.0,3.681062918463709,-0.2740215839893
1740964020.0,3.681231946182475,-0.2740961840116615
1740964080.0,3.6814009800359333,-0.27417077523525113
1740964140.0,3.6815700200246426,-0.2742453576580075
1740964200.0,3.6817390661491967,-0.27431993127787463
1740964260.0,3.681908118410172,-0.2743944960927948
1740964320.0,3.6820771768081433,-0.27446905210070327
1740964380.0,3.6822462413436696,-0.2745435992995441
1740964440.0,3.682415312017327,-0.2746181376872612
1740964500.0,3.6825843888297087,-0.27469266726178987
1740964560.0,3.682753471781373,-0.274767188021069
1740964620.0,3.6829225608728966,-0.2748416999630441
1740964680.0,3.6830916561048377,-0.2749162030856489
1740964740.0,3.683260757477789,-0.2749906973868256
1740964800.0,3.683429864992328,-0.27506518286451115
1740964860.0,3.683598978648994,-0.27513965951664787
1740964920.0,3.6837680984483816,-0.2752141273411676
1740964980.0,3.6839372243910664,-0.2752885863360143
1740965040.0,3.684106356477589,-0.2753630364991214
1740965100.0,3.6842754947085434,-0.27543747782842953
1740965160.0,3.684444639084488,-0.2755119103218722
1740965220.0,3.684613789605999,-0.2755863339773917
1740965280.0,3.684782946273634,-0.2756607487929214
1740965340.0,3.6849521090879698,-0.2757351547663968
1740965400.0,3.685121278049565,-0.27580955189575473
1740965460.0,3.685290453158995,-0.2758839401789323
1740965520.0,3.6854596344168185,-0.2759583196138666
1740965580.0,3.6856288218236113,-0.27603269019848925
1740965640.0,3.685798015379915,-0.27610705193073914
1740965700.0,3.6859672150863223,-0.276181404808548
1740965760.0,3.6861364209433924,-0.2762557488298494
1740965820.0,3.6863056329516652,-0.2763300839925821
1740965880.0,3.6864748511117185,-0.27640441029467955
1740965940.0,3.6866440754241445,-0.2764787277340736
1740966000.0,3.686813305889449,-0.2765530363086961
1740966060.0,3.6869825425082436,-0.2766273360164839
1740966120.0,3.687151785281052,-0.27670162685536903
1740966180.0,3.687321034208467,-0.27677590882328473
1740966240.0,3.687490289291013,-0.2768501819181596
1740966300.0,3.6876595505292995,-0.2769244461379339
1740966360.0,3.6878288179238514,-0.27699870148053424
1740966420.0,3.687998091475227,-0.2770729479438925
1740966480.0,3.688167371183984,-0.27714718552594036
1740966540.0,3.6883366570506997,-0.27722141422461144
1740966600.0,3.6885059490759313,-0.2772956340378357
1740966660.0,3.6886752472602202,-0.2773698449635432
1740966720.0,3.688844551604126,-0.2774440469996658
1740966780.0,3.6890138621082054,-0.27751824014412996
1740966840.0,3.689183178773018,-0.2775924243948727
1740966900.0,3.689352501599105,-0.27766659974981883
1740966960.0,3.689521830587059,-0.27774076620689847
1740967020.0,3.6896911657374045,-0.2778149237640433
1740967080.0,3.6898605070506996,-0.2778890724191799
1740967140.0,3.6900298545274848,-0.27796321217024017
1740967200.0,3.690199208168337,-0.2780373430151487
1740967260.0,3.690368567973814,-0.2781114649518375
1740967320.0,3.69053793394444,-0.2781855779782329
1740967380.0,3.690707306080773,-0.27825968209226154
1740967440.0,3.690876684383389,-0.27833377729185527
1740967500.0,3.6910460688527946,-0.2784078635749354
1740967560.0,3.6912154594895834,-0.27848194093943535
1740967620.0,3.691384856294295,-0.27855600938327824
1740967680.0,3.6915542592674546,-0.2786300689043941
1740967740.0,3.691723668409637,-0.2787041195007043
1740967800.0,3.6918930837213844,-0.27877816117014226
1740967860.0,3.692062505203237,-0.27885219391062593
1740967920.0,3.692231932855753,-0.27892621772008874
1740967980.0,3.6924013666794746,-0.2790002325964503
1740968040.0,3.692570806674942,-0.2790742385376389
1740968100.0,3.692740252842714,-0.2791482355415793
1740968160.0,3.692909705183314,-0.2792222236061964
1740968220.0,3.6930791636973006,-0.2792962027294132
1740968280.0,3.693248628385233,-0.2793701729091563
1740968340.0,3.693418099247633,-0.27944413414334857
1740968400.0,3.6935875762850614,-0.27951808642991327
1740968460.0,3.69375705949804,-0.2795920297667752
1740968520.0,3.693926548887128,-0.27966596415185907
1740968580.0,3.6940960444528663,-0.27973988958308793
1740968640.0,3.6942655461957963,-0.2798138060583832
1740968700.0,3.6944350541164415,-0.27988771357566605
1740968760.0,3.6946045682153605,-0.27996161213286314
1740968820.0,3.694774088493111,-0.28003550172789227
1740968880.0,3.6949436149502,-0.28010938235868
1740968940.0,3.695113147587168,-0.28018325402314587
1740969000.0,3.695282686404574,-0.2802571167192129
1740969060.0,3.6954522314029417,-0.2803309704448007
1740969120.0,3.6956217825828284,-0.28040481519783417
1740969180.0,3.6957913399447593,-0.2804786509762292
1740969240.0,3.69596090348924,-0.2805524777779055
1740969300.0,3.696130473216863,-0.280626295600793
1740969360.0,3.6963000491281353,-0.28070010444280435
1740969420.0,3.6964696312235805,-0.28077390430186094
1740969480.0,3.6966392195037576,-0.28084769517588215
1740969540.0,3.6968088139691884,-0.2809214770627895
1740969600.0,3.6969784146203986,-0.2809952499605006
1740969660.0,3.6971480214579455,-0.2810690138669353
1740969720.0,3.6973176344823533,-0.2811427687800146
1740969780.0,3.697487253694145,-0.28121651469765646
1740969840.0,3.697656879093844,-0.28129025161777527
1740969900.0,3.6978265106819928,-0.2813639795382958
1740969960.0,3.6979961484591484,-0.2814376984571323
1740970020.0,3.6981657924258,-0.2815114083722044
1740970080.0,3.698335442582506,-0.2815851092814282
1740970140.0,3.698505098929773,-0.28165880118272146
1740970200.0,3.6986747614681414,-0.2817324840740038
1740970260.0,3.6988444301981533,-0.2818061579531896
1740970320.0,3.699014105120314,-0.2818798228181948
1740970380.0,3.699183786235164,-0.2819534786669391
1740970440.0,3.6993534735432276,-0.28202712549733666
1740970500.0,3.6995231670450113,-0.2821007633073055
1740970560.0,3.699692866741091,-0.28217439209476336
1740970620.0,3.6998625726319547,-0.28224801185762277
1740970680.0,3.700032284718109,-0.2823216225937981
1740970740.0,3.7002020030001295,-0.28239522430120906
1740970800.0,3.7003717274785055,-0.2824688169777697
1740970860.0,3.700541458153778,-0.28254240062139113
1740970920.0,3.7007111950264524,-0.28261597522999277
1740970980.0,3.70088093809707,-0.2826895408014872
1740971040.0,3.7010506873661377,-0.2827630973337888
1740971100.0,3.7012204428341784,-0.2828366448248119
1740971160.0,3.7013902045017155,-0.2829101832724691
1740971220.0,3.701559972369274,-0.2829837126746764
1740971280.0,3.701729746437393,-0.28305723302934827
1740971340.0,3.7018995267065447,-0.2831307443343954
1740971400.0,3.702069313177288,-0.2832042465877322
1740971460.0,3.702239105850111,-0.2832777397872712
1740971520.0,3.7024089047255724,-0.28335122393092516
1740971580.0,3.7025787098041434,-0.28342469901660816
1740971640.0,3.7027485210863817,-0.2834981650422277
1740971700.0,3.7029183385727777,-0.2835716220057033
1740971760.0,3.7030881622638545,-0.2836450699049389
1740971820.0,3.703257992160117,-0.2837185087378539
1740971880.0,3.7034278282621074,-0.2837919385023541
1740971940.0,3.7035976705703137,-0.28386535919635375
1740972000.0,3.703767519085278,-0.2839387708177637
1740972060.0,3.7039373738074706,-0.2840121733644929
1740972120.0,3.7041072347374504,-0.28408556683445596
1740972180.0,3.7042771018757055,-0.28415895122556173
1740972240.0,3.7044469752227602,-0.2842323265357195
1740972300.0,3.704616854779103,-0.2843056927628382
1740972360.0,3.704786740545258,-0.2843790499048322
1740972420.0,3.7049566325217476,-0.2844523979596089
1740972480.0,3.7051265307090784,-0.2845257369250774
1740972540.0,3.7052964351077398,-0.28459906679914676
1740972600.0,3.705466345718255,-0.2846723875797278
1740972660.0,3.70563626254113,-0.2847456992647279
1740972720.0,3.705806185576888,-0.284819001852058
1740972780.0,3.705976114826018,-0.2848922953396235
1740972840.0,3.706146050289027,-0.28496557972533715
1740972900.0,3.70631599196642,-0.2850388550071045
1740972960.0,3.7064859398587213,-0.28511212118283463
1740973020.0,3.706655893966419,-0.28518537825043316
1740973080.0,3.7068258542900203,-0.2852586262078126
1740973140.0,3.7069958208300293,-0.2853318650528753
1740973200.0,3.7071657935869546,-0.2854050947835318
1740973260.0,3.7073357725613008,-0.2854783153976897
1740973320.0,3.707505757753557,-0.28555152689325436
1740973380.0,3.707675749164247,-0.2856247292681299
1740973440.0,3.707845746793859,-0.2856979225202287
1740973500.0,3.7080157506428817,-0.285771106647453
1740973560.0,3.708185760711857,-0.28584428164771186
1740973620.0,3.7083557770012376,-0.28591744751890735
1740973680.0,3.7085257995115484,-0.28599060425895034
1740973740.0,3.708695828243294,-0.2860637518657447
1740973800.0,3.7088658631969467,-0.2861368903371943
1740973860.0,3.7090359043730294,-0.28621001967120646
1740973920.0,3.709205951772032,-0.2862831398656868
1740973980.0,3.7093760053944593,-0.2863562509185357
1740974040.0,3.709546065240783,-0.28642935282766224
1740974100.0,3.7097161313115268,-0.28650244559097204
1740974160.0,3.7098862036071796,-0.286575529206369
1740974220.0,3.7100562821282126,-0.2866486036717499
1740974280.0,3.710226366875166,-0.2867216689850308
1740974340.0,3.710396457848495,-0.2867947251441087
1740974400.0,3.7105665550487044,-0.28686777214688747
1740974460.0,3.7107366584762835,-0.28694080999127075
1740974520.0,3.710906768131721,-0.28701383867516445
1740974580.0,3.711076884015541,-0.28708685819647217
1740974640.0,3.7112470061281964,-0.28715986855309267
1740974700.0,3.711417134470193,-0.28723286974293155
1740974760.0,3.7115872690420213,-0.2873058617638926
1740974820.0,3.7117574098441684,-0.28737884461387453
1740974880.0,3.7119275568771233,-0.28745181829078287
1740974940.0,3.712097710141393,-0.2875247827925215
1740975000.0,3.7122678696374294,-0.2875977381169891
1740975060.0,3.712438035365741,-0.28767068426208775
1740975120.0,3.712608207326832,-0.2877436212257213
1740975180.0,3.712778385521158,-0.28781654900579007
1740975240.0,3.712948569949206,-0.2878894676001962
1740975300.0,3.7131187606114997,-0.2879623770068384
1740975360.0,3.713288957508477,-0.2880352772236187
1740975420.0,3.7134591606406424,-0.288108168248441
1740975480.0,3.713629370008503,-0.28818105007920214
1740975540.0,3.7137995856124952,-0.28825392271380423
1740975600.0,3.7139698074531418,-0.2883267861501477
1740975660.0,3.714140035530897,-0.28839964038613286
1740975720.0,3.714310269846267,-0.2884724854196601
1740975780.0,3.7144805103997056,-0.28854532124862803
1740975840.0,3.714650757191719,-0.2886181478709371
1740975900.0,3.714821010222778,-0.2886909652844875
1740975960.0,3.714991269493354,-0.288763773487178
1740976020.0,3.7151615350039537,-0.28883657247690725
1740976080.0,3.715331806755013,-0.2889093622515755
1740976140.0,3.7155020847470555,-0.28898214280908324
1740976200.0,3.715672368980518,-0.2890549141473237
1740976260.0,3.715842659455888,-0.2891276762642009
1740976320.0,3.7160129561736728,-0.2892004291576099
1740976380.0,3.7161832591343087,-0.2892731728254528
1740976440.0,3.7163535683382833,-0.28934590726562304
1740976500.0,3.7165238837860866,-0.2894186324760209
1740976560.0,3.716694205478189,-0.28949134845454505
1740976620.0,3.7168645334150447,-0.28956405519909423
1740976680.0,3.7170348675971248,-0.2896367527075599
1740976740.0,3.717205208024935,-0.28970944097784773
1740976800.0,3.7173755546989304,-0.28978212000784936
1740976860.0,3.7175459076195807,-0.2898547897954617
1740976920.0,3.7177162667873405,-0.28992745033858514
1740976980.0,3.717886632202716,-0.2900001016351113
1740977040.0,3.718057003866143,-0.29007274368294217
1740977100.0,3.7182273817781106,-0.2901453764799731
1740977160.0,3.7183977659390903,-0.29021800002409903
1740977220.0,3.7185681563495354,-0.2902906143132135
1740977280.0,3.718738553009917,-0.2903632193452185
1740977340.0,3.718908955920707,-0.29043581511800404
1740977400.0,3.719079365082376,-0.2905084016294704
1740977460.0,3.7192497804953777,-0.290580978877511
1740977520.0,3.719420202160202,-0.2906535468600192
1740977580.0,3.719590630077284,-0.2907261055748954
1740977640.0,3.719761064247095,-0.2907986550200295
1740977700.0,3.7199315046701242,-0.2908711951933184
1740977760.0,3.7201019513468077,-0.29094372609266067
1740977820.0,3.7202724042776167,-0.2910162477159444
1740977880.0,3.7204428634630053,-0.2910887600610667
1740977940.0,3.7206133289034446,-0.29116126312592594
1740978000.0,3.720783800599406,-0.2912337569084104
1740978060.0,3.7209542785513423,-0.29130624140641703
1740978120.0,3.7211247627596906,-0.29137871661783904
1740978180.0,3.7212952532249575,-0.2914511825405717
1740978240.0,3.7214657499475434,-0.29152363917250645
1740978300.0,3.721636252927955,-0.29159608651153696
1740978360.0,3.7218067621666293,-0.29166852455555997
1740978420.0,3.721977277664036,-0.2917409533024636
1740978480.0,3.722147799420613,-0.29181337275014474
1740978540.0,3.7223183274368306,-0.29188578289649686
1740978600.0,3.7224888617131424,-0.29195818373941157
1740978660.0,3.722659402250003,-0.29203057527677867
1740978720.0,3.722829949047848,-0.29210295750649334
1740978780.0,3.723000502107167,-0.29217533042644905
1740978840.0,3.723171061428395,-0.29224769403453743
1740978900.0,3.7233416270119695,-0.2923200483286483
1740978960.0,3.7235121988583786,-0.29239239330667505
1740979020.0,3.7236827769680416,-0.2924647289665128
1740979080.0,3.723853361341429,-0.29253705530604984
1740979140.0,3.724023951978978,-0.29260937232317763
1740979200.0,3.724194548881142,-0.2926816800157845
1740979260.0,3.7243651520483922,-0.2927539783817707
1740979320.0,3.724535761481148,-0.29282626741902085
1740979380.0,3.724706377179879,-0.29289854712542673
1740979440.0,3.7248769991450064,-0.2929708174988798
1740979500.0,3.7250476273769992,-0.29304307853727196
1740979560.0,3.7252182618762957,-0.2931153302384929
1740979620.0,3.725388902643366,-0.29318757260043254
1740979680.0,3.7255595496786116,-0.29325980562098264
1740979740.0,3.725730202982504,-0.2933320292980312
1740979800.0,3.725900862555497,-0.2934042436294735
1740979860.0,3.7260715283980095,-0.2934764486131923
1740979920.0,3.7262422005105122,-0.2935486442470829
1740979980.0,3.7264128788934245,-0.29362083052903326
1740980040.0,3.7265835635472007,-0.29369300745693344
1740980100.0,3.726754254472276,-0.2937651750286733
1740980160.0,3.7269249516691043,-0.2938373332421391
1740980220.0,3.7270956551381054,-0.29390948209522627
1740980280.0,3.727266364879733,-0.2939816215858175
1740980340.0,3.7274370808944393,-0.2940537517118044
1740980400.0,3.727607803182628,-0.294125872471077
1740980460.0,3.727778531744768,-0.29419798386152346
1740980520.0,3.727949266581281,-0.2942700858810318
1740980580.0,3.7281200076926,-0.29434217852749034
1740980640.0,3.7282907550791817,-0.2944142617987871
1740980700.0,3.7284615087414608,-0.29448633569281374
1740980760.0,3.7286322686798568,-0.2945584002074532
1740980820.0,3.728803034894806,-0.29463045534059534
1740980880.0,3.7289738073867444,-0.2947025010901319
1740980940.0,3.7291445861561257,-0.2947745374539457
1740981000.0,3.7293153712033518,-0.2948465644299267
1740981060.0,3.729486162528876,-0.29491858201596294
1740981120.0,3.729656960133118,-0.294990590209941
1740981180.0,3.729827764016531,-0.2950625890097489
1740981240.0,3.729998574179516,-0.29513457841327134
1740981300.0,3.730169390622528,-0.2952065584183965
1740981360.0,3.730340213345967,-0.2952785290230125
1740981420.0,3.7305110423503054,-0.29535049022500565
1740981480.0,3.7306818776359267,-0.29542244202226425
1740981540.0,3.7308527192033014,-0.29549438441267295
1740981600.0,3.731023567052815,-0.29556631739411815
1740981660.0,3.7311944211849375,-0.2956382409644879
1740981720.0,3.7313652816000533,-0.29571015512166693
1740981780.0,3.7315361482986167,-0.2957820598635417
1740981840.0,3.7317070212810455,-0.29585395518799845
1740981900.0,3.7318779005477425,-0.2959258410929238
1740981960.0,3.7320487860991776,-0.2959977175762023
1740982020.0,3.7322196779357353,-0.29606958463572036
1740982080.0,3.7323905760578517,-0.2961414422693609
1740982140.0,3.7325614804659466,-0.29621329047501554
1740982200.0,3.732732391160455,-0.2962851292505638
1740982260.0,3.732903308141762,-0.29635695859389544
1740982320.0,3.7330742314103382,-0.29642877850289345
1740982380.0,3.7332451609665678,-0.29650058897544074
1740982440.0,3.733416096810887,-0.2965723900094255
1740982500.0,3.7335870389436976,-0.29664418160273054
1740982560.0,3.733757987365418,-0.29671596375324233
1740982620.0,3.733928942076502,-0.2967877364588456
1740982680.0,3.7340999030773165,-0.2968594997174231
1740982740.0,3.734270870368315,-0.2969312535268597
1740982800.0,3.734441843949899,-0.2970029978850416
1740982860.0,3.734612823822488,-0.2970747327898501
1740982920.0,3.734783809986482,-0.29714645823917335
1740982980.0,3.734954802442318,-0.2972181742308907
1740983040.0,3.7351258011903807,-0.29728988076288687
1740983100.0,3.7352968062311227,-0.29736157783304823
1740983160.0,3.7354678175649116,-0.29743326543925597
1740983220.0,3.735638835192201,-0.29750494357939655
1740983280.0,3.735809859113374,-0.29757661225135273
1740983340.0,3.7359808893288498,-0.29764827145300415
1740983400.0,3.7361519258390308,-0.2977199211822387
1740983460.0,3.736322968644335,-0.2977915614369361
1740983520.0,3.7364940177451813,-0.2978631922149826
1740983580.0,3.7366650731419537,-0.29793481351425755
1740983640.0,3.7368361348350883,-0.2980064253326492
1740983700.0,3.73700720282497,-0.2980780276680335
1740983760.0,3.7371782771119997,-0.2981496205183003
1740983820.0,3.7373493576966133,-0.2982212038813273
1740983880.0,3.7375204445791783,-0.2982927777549974
1740983940.0,3.7376915377601296,-0.2983643421371953
1740984000.0,3.73786263723987,-0.29843589702580214
1740984060.0,3.7380337430187827,-0.2985074424186991
1740984120.0,3.738204855097287,-0.29857897831376906
1740984180.0,3.7383759734757662,-0.298650504708895
1740984240.0,3.7385470981546405,-0.29872202160195627
1740984300.0,3.7387182291343275,-0.29879352899083755
1740984360.0,3.7388893664151763,-0.2988650268734201
1740984420.0,3.739060509997624,-0.29893651524758325
1740984480.0,3.7392316598820714,-0.29900799411121165
1740984540.0,3.7394028160689032,-0.2990794634621848
1740984600.0,3.7395739785585373,-0.29915092329838555
1740984660.0,3.739745147351341,-0.2992223736176916
1740984720.0,3.739916322447733,-0.29929381441799113
1740984780.0,3.740087503848097,-0.29936524569715833
1740984840.0,3.740258691552835,-0.2994366674530778
1740984900.0,3.7404298855623472,-0.299508079683629
1740984960.0,3.7406010858770364,-0.29957948238669313
1740985020.0,3.7407722924972684,-0.29965087556015135
1740985080.0,3.7409435054234454,-0.29972225920188306
1740985140.0,3.741114724655985,-0.2997936333097694
1740985200.0,3.741285950195237,-0.29986499788169335
1740985260.0,3.741457182041638,-0.29993635291553083
1740985320.0,3.7416284201955543,-0.30000769840916647
1740985380.0,3.7417996646573695,-0.300079034360478
1740985440.0,3.741970915427485,-0.30015036076734825
1740985500.0,3.742142172506303,-0.3002216776276532
1740985560.0,3.7423134358941716,-0.30029298493927414
1740985620.0,3.742484705591528,-0.30036428270009374
1740985680.0,3.7426559815987206,-0.30043557090798817
1740985740.0,3.742827263916169,-0.30050684956083845
1740985800.0,3.7429985525442393,-0.30057811865652756
1740985860.0,3.743169847483315,-0.3006493781929297
1740985920.0,3.743341148733781,-0.3007206281679243
1740985980.0,3.74351245629602,-0.3007918685793959
1740986040.0,3.7436837701704353,-0.30086309942522227
1740986100.0,3.7438550903573917,-0.3009343207032794
1740986160.0,3.7440264168572917,-0.3010055324114501
1740986220.0,3.744197749670483,-0.30107673454760864
1740986280.0,3.744369088797369,-0.3011479271096396
1740986340.0,3.7445404342383317,-0.3012191100954208
1740986400.0,3.7447117859937396,-0.30129028350282805
1740986460.0,3.7448831440639925,-0.3013614473297425
1740986520.0,3.74505450844944,-0.30143260157404195
1740986580.0,3.745225879150483,-0.30150374623360404
1740986640.0,3.7453972561675073,-0.3015748813063133
1740986700.0,3.74556863950086,-0.3016460067900389
1740986760.0,3.745740029150943,-0.3017171226826653
1740986820.0,3.745911425118124,-0.3017882289820686
1740986880.0,3.7460828274027675,-0.30185932568612983
1740986940.0,3.7462542360052593,-0.301930412792725
1740987000.0,3.7464256509259646,-0.30200149029973
1740987060.0,3.7465970721652684,-0.3020725582050278
1740987120.0,3.746768499723537,-0.3021436165064926
1740987180.0,3.7469399336011535,-0.302214665202002
1740987240.0,3.7471113737984676,-0.30228570428943724
1740987300.0,3.7472828203158635,-0.3023567337666725
1740987360.0,3.747454273153708,-0.3024277536315907
1740987420.0,3.747625732312384,-0.3024987638820625
1740987480.0,3.7477971977922406,-0.30256976451596906
1740987540.0,3.747968669593663,-0.3026407555311881
1740987600.0,3.7481401477169993,-0.3027117369255973
1740987660.0,3.748311632162634,-0.30278270869707075
1740987720.0,3.748483122930933,-0.3028536708434898
1740987780.0,3.7486546200222635,-0.302924623362732
1740987840.0,3.748826123436974,-0.3029955662526699
1740987900.0,3.7489976331754313,-0.3030664995111828
1740987960.0,3.74916914923802,-0.3031374231361467
1740988020.0,3.749340671625087,-0.30320833712544104
1740988080.0,3.749512200337019,-0.3032792414769434
1740988140.0,3.749683735374129,-0.30335013618852635
1740988200.0,3.7498552767368354,-0.30342102125806925
1740988260.0,3.7500268244254524,-0.30349189668344806
1740988320.0,3.7501983784403823,-0.30356276246253866
1740988380.0,3.750369938781956,-0.3036336185932223
1740988440.0,3.750541505450523,-0.30370446507336796
1740988500.0,3.750713078446467,-0.30377530190085666
1740988560.0,3.750884657770154,-0.3038461290735662
1740988620.0,3.751056243421917,-0.3039169465893689
1740988680.0,3.7512278354021213,-0.3039877544461409
1740988740.0,3.7513994337111165,-0.3040585526417615
1740988800.0,3.751571038349269,-0.30412934117410834
1740988860.0,3.75174264931691,-0.3042001200410487
1740988920.0,3.7519142666144414,-0.3042708892404689
1740988980.0,3.752085890242178,-0.3043416487702415
1740989040.0,3.7522575202004673,-0.3044123986282372
1740989100.0,3.7524291564896943,-0.304483138812337
1740989160.0,3.75260079911019,-0.3045538693204187
1740989220.0,3.752772448062305,-0.30462459015035137
1740989280.0,3.752944103346404,-0.304695301300016
1740989340.0,3.753115764962819,-0.30476600276728677
1740989400.0,3.7532874329119004,-0.30483669455003626
1740989460.0,3.753459107194013,-0.30490737664614553
1740989520.0,3.753630787809472,-0.3049780490534836
1740989580.0,3.753802474758678,-0.3050487117699298
1740989640.0,3.7539741680419287,-0.305119364793362
1740989700.0,3.75414586765959,-0.3051900081216489
1740989760.0,3.754317573612011,-0.30526064175267187
1740989820.0,3.7544892858995236,-0.3053312656843016
1740989880.0,3.754661004522494,-0.3054018799144156
1740989940.0,3.7548327294812367,-0.3054724844408847
1740990000.0,3.7550044607761,-0.30554307926159185
1740990060.0,3.755176198407451,-0.3056136643744076
1740990120.0,3.7553479423756215,-0.30568423977720455
1740990180.0,3.755519692680926,-0.3057548054678603
1740990240.0,3.7556914493237294,-0.30582536144424727
1740990300.0,3.7558632123043827,-0.30589590770424496
1740990360.0,3.756034981623199,-0.3059664442457223
1740990420.0,3.756206757280527,-0.3060369710665604
1740990480.0,3.756378539276699,-0.3061074881646283
1740990540.0,3.7565503276120644,-0.30617799553780367
1740990600.0,3.756722122286954,-0.30624849318395886
1740990660.0,3.7568939233017,-0.30631898110096983
1740990720.0,3.757065730656651,-0.3063894592867092
1740990780.0,3.757237544352121,-0.3064599277390526
1740990840.0,3.75740936438846,-0.30653038645587627
1740990900.0,3.7575811907659817,-0.3066008354350507
1740990960.0,3.7577530234850345,-0.3066712746744519
1740991020.0,3.757924862545951,-0.30674170417195573
1740991080.0,3.75809670794908,-0.30681212392543306
1740991140.0,3.758268559694718,-0.3068825339327614
1740991200.0,3.758440417783196,-0.3069529341918115
1740991260.0,3.7586122822148815,-0.3070233247004611
1740991320.0,3.7587841529900534,-0.3070937054565808
1740991380.0,3.7589560301090787,-0.3071640764580449
1740991440.0,3.759127913572271,-0.30723443770272746
1740991500.0,3.7592998033799616,-0.30730478918850623
1740991560.0,3.759471699532483,-0.30737513091325025
1740991620.0,3.7596436020301307,-0.30744546287483354
1740991680.0,3.759815510873255,-0.30751578507113214
1740991740.0,3.7599874260621875,-0.3075860975000185
1740991800.0,3.760159347597224,-0.3076564001593667
1740991860.0,3.760331275478714,-0.3077266930470511
1740991920.0,3.7605032097069713,-0.3077969761609439
1740991980.0,3.7606751502823106,-0.3078672494989196
1740992040.0,3.7608470972050636,-0.30793751305884864
1740992100.0,3.7610190504755443,-0.30800776683860887
1740992160.0,3.761191010094066,-0.30807801083607256
1740992220.0,3.7613629760609615,-0.3081482450491123
1740992280.0,3.7615349483765446,-0.3082184694756005
1740992340.0,3.7617069270411294,-0.3082886841134096
1740992400.0,3.76187891205503,-0.30835888896041724
1740992460.0,3.7620509034185776,-0.3084290840144941
1740992520.0,3.7622229011320876,-0.3084992692735128
1740992580.0,3.762394905195855,-0.3085694447353491
1740992640.0,3.7625669156102135,-0.30863961039787013
1740992700.0,3.762738932375458,-0.3087097662589591
1740992760.0,3.7629109554919378,-0.30877991231647944
1740992820.0,3.7630829849599157,-0.3088500485683073
1740992880.0,3.763255020779757,-0.30892017501231844
1740992940.0,3.7634270629517244,-0.3089902916463819
1740993000.0,3.763599111476167,-0.30906039846837363
1740993060.0,3.7637711663533637,-0.3091304954761643
1740993120.0,3.7639432275836455,-0.3092005826676298
1740993180.0,3.764115295167328,-0.3092706600406392
1740993240.0,3.7642873691046894,-0.30934072759306824
1740993300.0,3.7644594493960613,-0.3094107853227879
1740993360.0,3.764631536041741,-0.3094808332276721
1740993420.0,3.764803629042042,-0.30955087130559517
1740993480.0,3.7649757283972614,-0.30962089955442773
1740993540.0,3.7651478341077134,-0.30969091797204057
1740993600.0,3.7653199461736775,-0.3097609265563078
1740993660.0,3.765492064595502,-0.3098309253051054
1740993720.0,3.765664189373449,-0.3099009142163024
1740993780.0,3.765836320507833,-0.3099708932877728
1740993840.0,3.766008457998968,-0.31004086251738744
1740993900.0,3.76618060184715,-0.31011082190302225
1740993960.0,3.7663527520526596,-0.3101807714425461
1740994020.0,3.7665249086158274,-0.3102507111338332
1740994080.0,3.7666970715369334,-0.31032064097475603
1740994140.0,3.7668692408162734,-0.310390560963187
1740994200.0,3.767041416454162,-0.31046047109699865
1740994260.0,3.767213598450879,-0.31053037137406325
1740994320.0,3.7673857868067198,-0.3106002617922534
1740994380.0,3.767557981522,-0.3106701423494415
1740994440.0,3.7677301825969804,-0.3107400130434965
1740994500.0,3.767902390032011,-0.3108098738722995
1740994560.0,3.7680746038273347,-0.3108797248337126
1740994620.0,3.7682468239832496,-0.31094956592561335
1740994680.0,3.768419050500087,-0.31101939714587606
1740994740.0,3.76859128337809,-0.3110892184923678
1740994800.0,3.7687635226175744,-0.31115902996296296
1740994860.0,3.7689357682188365,-0.31122883155553377
1740994920.0,3.769108020182155,-0.31129862326795626
1740994980.0,3.76928027850781,-0.31136840509809416
1740995040.0,3.7694525431961146,-0.31143817704382865
1740995100.0,3.769624814247349,-0.3115079391030251
1740995160.0,3.7697970916617916,-0.3115776912735595
1740995220.0,3.7699693754397225,-0.31164743355330266
1740995280.0,3.7701416655814377,-0.31171716594012505
1740995340.0,3.770313962087217,-0.31178688843190105
1740995400.0,3.7704862649573565,-0.3118566010265048
1740995460.0,3.770658574192136,-0.3119263037218034
1740995520.0,3.770830889791835,-0.3119959965156712
1740995580.0,3.771003211756732,-0.3120656794059824
1740995640.0,3.7711755400871065,-0.31213535239060397
1740995700.0,3.771347874783273,-0.31220501546741214
1740995760.0,3.7715202158454577,-0.3122746686342791
1740995820.0,3.7716925632739753,-0.31234431188907397
1740995880.0,3.7718649170691054,-0.31241394522966914
1740995940.0,3.7720372772311093,-0.31248356865393706
1740996000.0,3.772209643760283,-0.3125531821597502
1740996060.0,3.77238201665689,-0.3126227857449826
1740996120.0,3.772554395921208,-0.31269237940750344
1740996180.0,3.772726781553517,-0.31276196314518323
1740996240.0,3.772899173554096,-0.31283153695589805
1740996300.0,3.773071571923207,-0.31290110083751504
1740996360.0,3.7732439766611465,-0.3129706547879118
1740996420.0,3.773416387768159,-0.3130401988049557
1740996480.0,3.7735888052445414,-0.3131097328865174
1740996540.0,3.7737612290905553,-0.31317925703047617
1740996600.0,3.7739336593064623,-0.31324877123469763
1740996660.0,3.7741060958925416,-0.31331827549705243
1740996720.0,3.7742785388490554,-0.3133877698154148
1740996780.0,3.774450988176283,-0.3134572541876588
1740996840.0,3.774623443874503,-0.31352672861165526
1740996900.0,3.774795905943961,-0.31359619308527487
1740996960.0,3.7749683743849345,-0.31366564760638826
1740997020.0,3.7751408491976863,-0.31373509217286966
1740997080.0,3.775313330382496,-0.31380452678258974
1740997140.0,3.7754858179396074,-0.31387395143342106
1740997200.0,3.7756583118692824,-0.31394336612323237
1740997260.0,3.7758308121718174,-0.31401277084990153
1740997320.0,3.77600331884744,-0.3140821656112956
1740997380.0,3.776175831896429,-0.31415155040528714
1740997440.0,3.776348351319046,-0.3142209252297468
1740997500.0,3.7765208771155536,-0.31429029008255227
1740997560.0,3.776693409286195,-0.31435964496156726
1740997620.0,3.7768659478312503,-0.3144289898646695
1740997680.0,3.777038492750981,-0.3144983247897296
1740997740.0,3.777211044045632,-0.3145676497346183
1740997800.0,3.7773836017154467,-0.3146369646972063
1740997860.0,3.777556165760705,-0.3147062696753678
1740997920.0,3.7777287361816683,-0.31477556466697354
1740997980.0,3.7779013129785812,-0.31484484966989407
1740998040.0,3.778073896151688,-0.31491412468200375
1740998100.0,3.7782464857012505,-0.3149833897011749
1740998160.0,3.778419081627531,-0.3150526447252765
1740998220.0,3.778591683930773,-0.31512188975218103
1740998280.0,3.778764292611238,-0.3151911247797592
1740998340.0,3.7789369076691717,-0.31526034980588863
1740998400.0,3.779109529104818,-0.3153295648284348
1740998460.0,3.7792821569184376,-0.3153987698452737
1740998520.0,3.7794547911102763,-0.31546796485427425
1740998580.0,3.7796274316805776,-0.3155371498533089
1740998640.0,3.7798000786295862,-0.31560632484025175
1740998700.0,3.779972731957564,-0.3156754898129736
1740998760.0,3.780145391664755,-0.3157446447693434
1740998820.0,3.7803180577513857,-0.31581378970723706
1740998880.0,3.7804907302177364,-0.3158829246245252
1740998940.0,3.7806634090640157,-0.31595204951907696
1740999000.0,3.7808360942904855,-0.31602116438876987
1740999060.0,3.7810087858973733,-0.31609026923146943
1740999120.0,3.781181483884958,-0.3161593640450533
1740999180.0,3.781354188253449,-0.3162284488273922
1740999240.0,3.7815268990030906,-0.31629752357635516
1740999300.0,3.781699616134127,-0.3163665882898162
1740999360.0,3.7818723396468026,-0.31643564296564786
1740999420.0,3.7820450695413625,-0.3165046876017209
1740999480.0,3.7822178058180325,-0.3165737221959094
1740999540.0,3.78239054847704,-0.31664274674608234
1740999600.0,3.7825632975186467,-0.31671176125011397
1740999660.0,3.7827360529430796,-0.316780765705875
1740999720.0,3.782908814750566,-0.31684976011123944
1740999780.0,3.783081582941349,-0.3169187444640747
1740999840.0,3.7832543575156565,-0.31698771876226
1740999900.0,3.783427138473733,-0.3170566830036611
1740999960.0,3.783599925815805,-0.31712563718615366
1741000020.0,3.7837727195420996,-0.3171945813076085
1741000080.0,3.783945519652843,-0.3172635153658998
1741000140.0,3.7841183261482976,-0.3173324393588982
1741000200.0,3.7842911390286558,-0.3174013532844745
1741000260.0,3.7844639582941606,-0.31747025714050287
1741000320.0,3.7846367839450403,-0.3175391509248539
1741000380.0,3.7848096159815383,-0.31760803463540016
1741000440.0,3.7849824544038646,-0.31767690827001577
1741000500.0,3.785155299212246,-0.31774577182657315
1741000560.0,3.7853281504069094,-0.317814625302943
1741000620.0,3.7855010079880813,-0.31788346869699796
1741000680.0,3.7856738719559893,-0.31795230200660846
1741000740.0,3.7858467423108597,-0.3180211252296488
1741000800.0,3.7860196190529023,-0.3180899383639932
1741000860.0,3.7861925021823604,-0.3181587414075141
1741000920.0,3.7863653916994275,-0.3182275343580786
1741000980.0,3.7865382876043476,-0.3182963172135627
1741001040.0,3.7867111898973294,-0.3183650899718407
1741001100.0,3.7868840985786005,-0.3184338526307814
1741001160.0,3.78705701364837,-0.3185026051882608
1741001220.0,3.787229935106865,-0.3185713476421478
1741001280.0,3.7874028629542944,-0.31864007999031846
1741001340.0,3.7875757971908857,-0.31870880223064335
1741001400.0,3.787748737816848,-0.31877751436099494
1741001460.0,3.787921684832391,-0.3188462163792475
1741001520.0,3.788094638237742,-0.3189149082832716
1741001580.0,3.7882675980331095,-0.31898359007094146
1741001640.0,3.788440564218703,-0.3190522617401297
1741001700.0,3.78861353679475,-0.3191209232887085
1741001760.0,3.788786515761442,-0.31918957471455045
1741001820.0,3.788959501118989,-0.319258216015528
1741001880.0,3.7891324928676178,-0.31932684718951704
1741001940.0,3.78930549100752,-0.3193954682343866
1741002000.0,3.78947849553894,-0.31946407914800895
1741002060.0,3.7896515064620346,-0.3195326799282636
1741002120.0,3.7898245237770487,-0.3196012705730127
1741002180.0,3.7899975474841914,-0.3196698510801407
1741002240.0,3.790170577583638,-0.3197384214475148
1741002300.0,3.7903436140756144,-0.3198069816730058
1741002360.0,3.790516656960331,-0.31987553175449135
1741002420.0,3.7906897062379783,-0.3199440716898422
1741002480.0,3.790862761908767,-0.32001260147693233
1741002540.0,3.7910358239729063,-0.32008112111363446
1741002600.0,3.7912088924305705,-0.3201496305978209
1741002660.0,3.791381967281987,-0.32021812992736753
1741002720.0,3.791555048527364,-0.3202866191001452
1741002780.0,3.79172813616686,-0.32035509811402624
1741002840.0,3.791901230200719,-0.3204235669668883
1741002900.0,3.792074330629115,-0.32049202565660045
1741002960.0,3.7922474374522577,-0.3205604741810367
1741003020.0,3.792420550670322,-0.32062891253807146
1741003080.0,3.792593670283534,-0.3206973407255788
1741003140.0,3.792766796292069,-0.320765758741433
1741003200.0,3.7929399286961183,-0.32083416658350455
1741003260.0,3.793113067495893,-0.32090256424966956
1741003320.0,3.7932862126915827,-0.32097095173779866
1741003380.0,3.793459364283363,-0.3210393290457678
1741003440.0,3.7936325222714613,-0.32110769617145124
1741003500.0,3.7938056866560164,-0.32117605311271963
1741003560.0,3.7939788574372733,-0.32124439986745235
1741003620.0,3.7941520346153887,-0.3213127364335166
1741003680.0,3.7943252181905547,-0.32138106280879186
1741003740.0,3.7944984081629807,-0.3214493789911454
1741003800.0,3.7946716045328244,-0.3215176849784582
1741003860.0,3.7948448073002763,-0.3215859807685976
1741003920.0,3.795018016465547,-0.3216542663594448
1741003980.0,3.795191232028811,-0.3217225417488686
1741004040.0,3.7953644539902425,-0.32179080693474166
1741004100.0,3.7955376823500333,-0.321859061914945
1741004160.0,3.7957109171083587,-0.3219273066873458
1741004220.0,3.7958841582654275,-0.3219955412498237
1741004280.0,3.7960574058213967,-0.3220637656002474
1741004340.0,3.7962306597764415,-0.3221319797364946
1741004400.0,3.7964039201307704,-0.32220018365644143
1741004460.0,3.796577186884541,-0.3222683773579567
1741004520.0,3.796750460037928,-0.3223365608389199
1741004580.0,3.796923739591123,-0.3224047340972034
1741004640.0,3.797097025544319,-0.32247289713068145
1741004700.0,3.797270317897654,-0.32254104993722643
1741004760.0,3.7974436166513383,-0.3226091925147196
1741004820.0,3.797616921805512,-0.32267732486102807
1741004880.0,3.797790233360401,-0.3227454469740313
1741004940.0,3.797963551316128,-0.32281355885160357
1741005000.0,3.798136875672903,-0.3228816604916154
1741005060.0,3.7983102064308643,-0.32294975189194636
1741005120.0,3.7984835435902227,-0.3230178330504723
1741005180.0,3.798656887151117,-0.3230859039650623
1741005240.0,3.7988302371137213,-0.32315396463359397
1741005300.0,3.7990035934782287,-0.3232220150539449
1741005360.0,3.7991769562447777,-0.32329005522398757
1741005420.0,3.7993503254135614,-0.3233580851415963
1741005480.0,3.7995237009847367,-0.32342610480464856
1741005540.0,3.79969708295846,-0.323494114211017
1741005600.0,3.799870471334924,-0.3235621133585809
1741005660.0,3.800043866114268,-0.32363010224521105
1741005720.0,3.800217267296684,-0.3236980808687851
1741005780.0,3.8003906748822933,-0.32376604922717717
1741005840.0,3.8005640888712895,-0.323834007318265
1741005900.0,3.800737509263846,-0.3239019551399211
1741005960.0,3.8009109360600855,-0.3239698926900248
1741006020.0,3.8010843692602,-0.3240378199664468
1741006080.0,3.8012578088643463,-0.32410573696706835
1741006140.0,3.801431254872664,-0.32417364368976
1741006200.0,3.8016047072853274,-0.3242415401323996
1741006260.0,3.8017781661025123,-0.32430942629286297
1741006320.0,3.8019516313243393,-0.3243773021690278
1741006380.0,3.8021251029509835,-0.32444516775876836
1741006440.0,3.802298580982603,-0.3245130230599588
1741006500.0,3.802472065419336,-0.32458086807047676
1741006560.0,3.802645556261375,-0.32464870278820174
1741006620.0,3.8028190535088244,-0.3247165272110043
1741006680.0,3.802992557161859,-0.32478434133676226
1741006740.0,3.8031660672206535,-0.32485214516335326
1741006800.0,3.8033395836853128,-0.3249199386886532
1741006860.0,3.8035131065560286,-0.3249877219105398
1741006920.0,3.8036866358329404,-0.32505549482688373
1741006980.0,3.8038601715161704,-0.32512325743556786
1741007040.0,3.8040337136059104,-0.3251910097344665
1741007100.0,3.8042072621022833,-0.32525875172145724
1741007160.0,3.8043808170054283,-0.32532648339441433
1741007220.0,3.8045543783155025,-0.32539420475121883
1741007280.0,3.8047279460326626,-0.32546191578974154
1741007340.0,3.8049015201570313,-0.32552961650786366
1741007400.0,3.8050751006887653,-0.3255973069034593
1741007460.0,3.8052486876280045,-0.3256649869744079
1741007520.0,3.8054222809748883,-0.3257326567185871
1741007580.0,3.8055958807295567,-0.32580031613387117
1741007640.0,3.8057694868921663,-0.32586796521813777
1741007700.0,3.805943099462857,-0.3259356039692663
1741007760.0,3.8061167184417513,-0.32600323238513096
1741007820.0,3.806290343828988,-0.3260708504636111
1741007880.0,3.806463975624707,-0.3261384582025845
1741007940.0,3.8066376138290665,-0.32620605559992893
1741008000.0,3.806811258442187,-0.3262736426535184
1741008060.0,3.806984909464192,-0.3263412193612358
1741008120.0,3.807158566895255,-0.3264087857209537
1741008180.0,3.807332230735464,-0.32647634173055506
1741008240.0,3.8075059009849754,-0.3265438873879122
1741008300.0,3.8076795776439294,-0.3266114226909063
1741008360.0,3.807853260712431,-0.32667894763741334
1741008420.0,3.808026950190653,-0.3267464622253145
1741008480.0,3.808200646078685,-0.32681396645248384
1741008540.0,3.808374348376683,-0.32688146031680276
1741008600.0,3.808548057084752,-0.32694894381614703
1741008660.0,3.808721772203048,-0.32701641694839784
1741008720.0,3.8088954937316943,-0.32708387971143116
1741008780.0,3.8090692216708133,-0.32715133210312636
1741008840.0,3.8092429560205083,-0.32721877412135947
1741008900.0,3.809416696780938,-0.32728620576401507
1741008960.0,3.809590443952206,-0.32735362702896564
1741009020.0,3.8097641975344354,-0.32742103791409055
1741009080.0,3.809937957527782,-0.3274884384172728
1741009140.0,3.8101117239323345,-0.32755582853638654
1741009200.0,3.810285496748214,-0.32762320826931285
1741009260.0,3.8104592759755604,-0.3276905776139296
1741009320.0,3.810633061614478,-0.32775793656811786
1741009380.0,3.8108068536650905,-0.32782528512975523
1741009440.0,3.810980652127519,-0.32789262329672125
1741009500.0,3.8111544570019027,-0.32795995106689707
1741009560.0,3.811328268288312,-0.3280272684381568
1741009620.0,3.8115020859869038,-0.3280945754083817
1741009680.0,3.8116759100977835,-0.32816187197545643
1741009740.0,3.8118497406210374,-0.32822915813725684
1741009800.0,3.8120235775568228,-0.32829643389166074
1741009860.0,3.812197420905228,-0.32836369923655095
1741009920.0,3.812371270666373,-0.32843095416980517
1741009980.0,3.8125451268403823,-0.3284981986893028
1741010040.0,3.812718989427324,-0.32856543279292677
1741010100.0,3.812892858427356,-0.32863265647855305
1741010160.0,3.8130667338405657,-0.3286998697440663
1741010220.0,3.8132406156670746,-0.32876707258734417
1741010280.0,3.8134145039069707,-0.328834265006266
1741010340.0,3.813588398560376,-0.32890144699871315
1741010400.0,3.813762299627412,-0.3289686185625684
1741010460.0,3.8139362071081493,-0.329035779695706
1741010520.0,3.81411012100271,-0.329102930396014
1741010580.0,3.8142840413111982,-0.32917007066136506
1741010640.0,3.814457968033719,-0.3292372004896471
1741010700.0,3.8146319011703778,-0.32930431987873793
1741010760.0,3.814805840721261,-0.32937142882651693
1741010820.0,3.814979786686508,-0.32943852733086876
1741010880.0,3.815153739066172,-0.3295056153896711
1741010940.0,3.8153276978603747,-0.3295726930008069
1741011000.0,3.8155016630692384,-0.3296397601621555
1741011060.0,3.8156756346928153,-0.32970681687160164
1741011120.0,3.815849612731228,-0.32977386312702306
1741011180.0,3.8160235971845804,-0.32984089892630253
1741011240.0,3.816197588052961,-0.3299079242673213
1741011300.0,3.816371585336456,-0.3299749391479623
1741011360.0,3.8165455890351527,-0.33004194356610306
1741011420.0,3.8167195991491734,-0.33010893751963194
1741011480.0,3.8168936156786066,-0.3301759210064283
1741011540.0,3.817067638623538,-0.3302428940243715
1741011600.0,3.817241667984037,-0.33030985657134626
1741011660.0,3.817415703760228,-0.33037680864523017
1741011720.0,3.817589745952179,-0.33044375024391337
1741011780.0,3.817763794559995,-0.33051068136527145
1741011840.0,3.8179378495837466,-0.3305776020071893
1741011900.0,3.81811191102352,-0.33064451216754986
1741011960.0,3.8182859788794383,-0.33071141184423414
1741012020.0,3.8184600531515533,-0.3307783010351269
1741012080.0,3.8186341338399523,-0.3308451797381093
1741012140.0,3.81880822094474,-0.3309120479510642
1741012200.0,3.8189823144659694,-0.3309789056718728
1741012260.0,3.819156414403762,-0.33104575289842164
1741012320.0,3.81933052075817,-0.33111258962859347
1741012380.0,3.8195046335292813,-0.33117941586026955
1741012440.0,3.819678752717183,-0.3312462315913327
1741012500.0,3.819852878321962,-0.3313130368196676
1741012560.0,3.8200270103436704,-0.331379831543159
1741012620.0,3.8202011487824317,-0.33144661575968803
1741012680.0,3.8203752936382624,-0.33151338946713754
1741012740.0,3.8205494449113018,-0.33158015266339574
1741012800.0,3.820723602601585,-0.3316469053463421
1741012860.0,3.820897766709183,-0.3317136475138595
1741012920.0,3.821071937234217,-0.33178037916383774
1741012980.0,3.821246114176721,-0.33184710029415815
1741013040.0,3.821420297536766,-0.3319138109027018
1741013100.0,3.8215944873144396,-0.3319805109873568
1741013160.0,3.821768683509828,-0.3320472005460062
1741013220.0,3.821942886122967,-0.3321138795765346
1741013280.0,3.8221170951539603,-0.3321805480768249
1741013340.0,3.8222913106028438,-0.3322472060447652
1741013400.0,3.8224655324697223,-0.3323138534782368
1741013460.0,3.822639760754629,-0.33238049037512774
1741013520.0,3.822813995457653,-0.3324471167333192
1741013580.0,3.822988236578847,-0.33251373255069944
1741013640.0,3.8231624841182965,-0.3325803378251548
1741013700.0,3.823336738076037,-0.33264693255456285
1741013760.0,3.8235109984521567,-0.33271351673681715
1741013820.0,3.823685265246707,-0.3327800903698023
1741013880.0,3.823859538459758,-0.33284665345139763
1741013940.0,3.824033818091362,-0.3329132059794949
1741014000.0,3.8242081041415883,-0.33297974795197877
1741014060.0,3.82438239661049,-0.3330462793667321
1741014120.0,3.824556695498137,-0.3331128002216431
1741014180.0,3.8247310008045816,-0.3331793105145998
1741014240.0,3.824905312529876,-0.3332458102434817
1741014300.0,3.825079630674072,-0.3333122994061823
1741014360.0,3.82525395523724,-0.33337877800058435
1741014420.0,3.825428286219433,-0.3334452460245743
1741014480.0,3.825602623620702,-0.3335117034760386
1741014540.0,3.8257769674411004,-0.33357815035286714
1741014600.0,3.825951317680697,-0.33364458665294106
1741014660.0,3.8261256743395102,-0.33371101237415196
1741014720.0,3.826300037417627,-0.33377742751438466
1741014780.0,3.826474406915065,-0.3338438320715236
1741014840.0,3.826648782831893,-0.33391022604346066
1741014900.0,3.826823165168165,-0.3339766094280821
1741014960.0,3.826997553923932,-0.3340429822232743
1741015020.0,3.8271719490992124,-0.334109344426922
1741015080.0,3.8273463506940755,-0.3341756960369185
1741015140.0,3.8275207587085736,-0.3342420370511468
1741015200.0,3.8276951731427418,-0.3343083674674968
1741015260.0,3.8278695939966147,-0.3343746872838549
1741015320.0,3.828044021270263,-0.33444099649811093
1741015380.0,3.8282184549637033,-0.33450729510815136
1741015440.0,3.828392895076988,-0.334573583111866
1741015500.0,3.8285673416101695,-0.33463986050714145
1741015560.0,3.828741794563266,-0.3347061272918674
1741015620.0,3.8289162539363284,-0.33477238346392857
1741015680.0,3.8290907197293933,-0.3348386290212202
1741015740.0,3.8292651919425116,-0.33490486396162855
1741015800.0,3.829439670575702,-0.3349710882830401
1741015860.0,3.8296141556290153,-0.335037301983343
1741015920.0,3.829788647102471,-0.33510350506043235
1741015980.0,3.82996314499612,-0.3351696975121911
1741016040.0,3.8301376493099966,-0.3352358793365109
1741016100.0,3.8303121600441203,-0.33530205053128165
1741016160.0,3.830486677198542,-0.3353682110943914
1741016220.0,3.830661200773262,-0.3354343610237319
1741016280.0,3.8308357307683503,-0.3355005003171913
1741016340.0,3.8310102671838244,-0.3355666289726595
1741016400.0,3.8311848100197015,-0.3356327469880246
1741016460.0,3.8313593592760338,-0.3356988543611834
1741016520.0,3.831533914952805,-0.3357649510900173
1741016580.0,3.8317084770501,-0.33583103717242296
1741016640.0,3.831883045567904,-0.3358971126062869
1741016700.0,3.83205762050625,-0.3359631773895025
1741016760.0,3.832232201865174,-0.3360292315199579
1741016820.0,3.832406789644693,-0.3360952749955447
1741016880.0,3.8325813838448246,-0.3361613078141546
1741016940.0,3.832755984465604,-0.33622732997367927
1741017000.0,3.8329305915070475,-0.33629334147200673
1741017060.0,3.833105204969174,-0.33635934230703046
1741017120.0,3.833279824852017,-0.3364253324766421
1741017180.0,3.8334544511555606,-0.33649131197873156
1741017240.0,3.833629083879856,-0.33655728081119046
1741017300.0,3.833803723024921,-0.33662323897190866
1741017360.0,3.8339783685907554,-0.3366891864587849
1741017420.0,3.8341530205773773,-0.33675512326970364
1741017480.0,3.8343276789848035,-0.33682104940256025
1741017540.0,3.8345023438130696,-0.33688696485524794
1741017600.0,3.834677015062157,-0.33695286962565496
1741017660.0,3.834851692732101,-0.33701876371167816
1741017720.0,3.8350263768229027,-0.3370846471112074
1741017780.0,3.835201067334579,-0.33715051982213434
1741017840.0,3.835375764267146,-0.33721638184235414
1741017900.0,3.835550467620588,-0.3372822331697567
1741017960.0,3.835725177394939,-0.33734807380223886
1741018020.0,3.8358998935902164,-0.33741390373769053
1741018080.0,3.8360746162064037,-0.33747972297400863
1741018140.0,3.8362493452435,-0.33754553150907946
1741018200.0,3.83642408070154,-0.33761132934080357
1741018260.0,3.8365988225805077,-0.33767711646707416
1741018320.0,3.836773570880419,-0.33774289288578124
1741018380.0,3.836948325601274,-0.3378086585948181
1741018440.0,3.8371230867430737,-0.3378744135920835
1741018500.0,3.837297854305817,-0.3379401578754672
1741018560.0,3.837472628289522,-0.3380058914428644
1741018620.0,3.8376474086941545,-0.3380716142921703
1741018680.0,3.837822195519748,-0.3381373264212799
1741018740.0,3.8379969887662857,-0.3382030278280832
1741018800.0,3.8381717884337676,-0.33826871851048224
1741018860.0,3.8383465945221764,-0.338334398466367
1741018920.0,3.8385214070315463,-0.33840006769363423
1741018980.0,3.8386962259618254,-0.33846572619017573
1741019040.0,3.838871051313049,-0.3385313739538917
1741019100.0,3.8390458830851997,-0.3385970109826739
1741019160.0,3.8392207212782417,-0.3386626372744175
1741019220.0,3.83939556589221,-0.338728252827021
1741019280.0,3.839570416927071,-0.3387938576383779
1741019340.0,3.839745274382805,-0.338859451706385
1741019400.0,3.8399201382594317,-0.3389250350289357
1741019460.0,3.840095008556916,-0.3389906076039286
1741019520.0,3.8402698852752732,-0.33905616942926065
1741019580.0,3.840444768414453,-0.3391217205028269
1741019640.0,3.8406196579744725,-0.3391872608225244
1741019700.0,3.8407945539553134,-0.339252790386248
1741019760.0,3.840969456356942,-0.3393183091918948
1741019820.0,3.841144365179357,-0.3393838172373651
1741019880.0,3.8413192804225416,-0.3394493145205506
1741019940.0,3.841494202086479,-0.3395148010393516
1741020000.0,3.8416691301711334,-0.3395802767916649
1741020060.0,3.8418440646765224,-0.3396457417753893
1741020120.0,3.8420190056025936,-0.33971119598841987
1741020180.0,3.84219395294933,-0.3397766394286569
1741020240.0,3.842368906716731,-0.33984207209399386
1741020300.0,3.8425438669047622,-0.3399074939823346
1741020360.0,3.842718833513388,-0.33997290509157074
1741020420.0,3.8428938065425924,-0.3400383054196044
1741020480.0,3.8430687859923562,-0.34010369496433424
1741020540.0,3.8432437718626633,-0.34016907372365535
1741020600.0,3.8434187641534603,-0.3402344416954698
1741020660.0,3.843593762864747,-0.3402997988776763
1741020720.0,3.843768767996473,-0.3403651452681682
1741020780.0,3.843943779548619,-0.3404304808648511
1741020840.0,3.844118797521168,-0.3404958056656237
1741020900.0,3.844293821914068,-0.340561119668381
1741020960.0,3.844468852727301,-0.3406264228710252
1741021020.0,3.8446438899608326,-0.34069171527145486
1741021080.0,3.8448189336146275,-0.34075699686757044
1741021140.0,3.844993983688651,-0.3408222676572688
1741021200.0,3.8451690401828857,-0.3408875276384572
1741021260.0,3.845344103097279,-0.34095277680902913
1741021320.0,3.845519172431779,-0.3410180151668849
1741021380.0,3.845694248186385,-0.3410832427099284
1741021440.0,3.845869330361045,-0.3411484594360582
1741021500.0,3.846044418955707,-0.3412136653431747
1741021560.0,3.846219513970353,-0.3412788604291784
1741021620.0,3.846394615404931,-0.3413440446919712
1741021680.0,3.8465697232593885,-0.3414092181294536
1741021740.0,3.8467448375337074,-0.3414743807395276
1741021800.0,3.846919958227837,-0.3415395325200937
1741021860.0,3.8470950853417234,-0.341604673469054
1741021920.0,3.847270218875332,-0.34166980358430876
1741021980.0,3.8474453588286113,-0.341734922863762
1741022040.0,3.847620505201525,-0.34180003130531217
1741022100.0,3.847795657994022,-0.34186512890686666
1741022160.0,3.8479708172060496,-0.34193021566632076
1741022220.0,3.8481459828375724,-0.34199529158158337
1741022280.0,3.848321154888538,-0.34206035665055323
1741022340.0,3.8484963333588773,-0.3421254108711342
1741022400.0,3.848671518248573,-0.34219045424122824
1741022460.0,3.8488467095575363,-0.3422554867587377
1741022520.0,3.8490219072857514,-0.34232050842156975
1741022580.0,3.84919711143313,-0.34238551922762134
1741022640.0,3.8493723219996383,-0.3424505191747998
1741022700.0,3.849547538985223,-0.34251550826100907
1741022760.0,3.8497227623898143,-0.3425804864841476
1741022820.0,3.8498979922133776,-0.34264545384212813
1741022880.0,3.8500732284558428,-0.34271041033284755
1741022940.0,3.850248471117141,-0.34277535595420955
1741023000.0,3.8504237201972358,-0.34284029070412336
1741023060.0,3.8505989756960584,-0.34290521458049283
1741023120.0,3.8507742376135217,-0.3429701275812148
1741023180.0,3.8509495059496075,-0.3430350297042037
1741023240.0,3.851124780704229,-0.343099920947358
1741023300.0,3.851300061877333,-0.3431648013085852
1741023360.0,3.8514753494688514,-0.34322967078579075
1741023420.0,3.851650643478713,-0.34329452937687865
1741023480.0,3.8518259439068663,-0.34335937707975267
1741023540.0,3.8520012507532404,-0.3434242138923237
1741023600.0,3.852176564017749,-0.3434890398124938
1741023660.0,3.8523518837003565,-0.34355385483816864
1741023720.0,3.852527209800977,-0.3436186589672556
1741023780.0,3.8527025423195385,-0.34368345219765833
1741023840.0,3.852877881255973,-0.34374823452728615
1741023900.0,3.8530532266102098,-0.3438130059540446
1741023960.0,3.8532285783821623,-0.34387776647583757
1741024020.0,3.8534039365717945,-0.3439425160905776
1741024080.0,3.8535793011790025,-0.34400725479616673
1741024140.0,3.853754672203717,-0.3440719825905124
1741024200.0,3.853930049645867,-0.3441366994715273
1741024260.0,3.8541054335053833,-0.34420140543710986
1741024320.0,3.854280823782161,-0.34426610048517275
1741024380.0,3.8544562204761657,-0.3443307846136268
1741024440.0,3.854631623587274,-0.3443954578203724
1741024500.0,3.854807033115435,-0.3444601201033239
1741024560.0,3.854982449060561,-0.3445247714603868
1741024620.0,3.8551578714225463,-0.3445894118894668
1741024680.0,3.855333300201375,-0.34465404138848
1741024740.0,3.8555087353968887,-0.3447186599553267
1741024800.0,3.8556841770090537,-0.34478326758792127
1741024860.0,3.855859625037764,-0.3448478642841693
1741024920.0,3.856035079482933,-0.34491245004197985
1741024980.0,3.8562105403444735,-0.3449770248592656
1741025040.0,3.8563860076223158,-0.3450415887339338
1741025100.0,3.8565614813163545,-0.3451061416638918
1741025160.0,3.856736961426521,-0.3451706836470541
1741025220.0,3.8569124479526913,-0.34523521468132434
1741025280.0,3.8570879408948144,-0.34529973476462217
1741025340.0,3.8572634402527854,-0.34536424389484804
1741025400.0,3.8574389460264826,-0.3454287420699162
1741025460.0,3.85761445821587,-0.3454932292877374
1741025520.0,3.857789976820808,-0.34555770554622445
1741025580.0,3.857965501841211,-0.3456221708432828
1741025640.0,3.8581410332769894,-0.3456866251768285
1741025700.0,3.8583165711280576,-0.3457510685447708
1741025760.0,3.858492115394293,-0.3458155009450187
1741025820.0,3.858667666075608,-0.3458799223754882
1741025880.0,3.858843223171933,-0.3459443328340885
1741025940.0,3.8590187866831287,-0.3460087323187304
1741026000.0,3.859194356609107,-0.34607312082732833
1741026060.0,3.859369932949764,-0.34613749835779123
1741026120.0,3.85954551570503,-0.34620186490803523
1741026180.0,3.859721104874747,-0.3462662204759712
1741026240.0,3.859896700458846,-0.34633056505951004
1741026300.0,3.860072302457222,-0.346394898656566
1741026360.0,3.86024791086977,-0.3464592212650534
1741026420.0,3.860423525696368,-0.34652353288288307
1741026480.0,3.860599146936929,-0.3465878335079694
1741026540.0,3.8607747745913135,-0.3466521231382267
1741026600.0,3.8609504086594515,-0.3467164017715658
1741026660.0,3.86112604914122,-0.3467806694059046
1741026720.0,3.861301696036498,-0.3468449260391555
1741026780.0,3.861477349345163,-0.3469091716692278
1741026840.0,3.8616530090671444,-0.3469734062940427
1741026900.0,3.8618286752022866,-0.34703762991151105
1741026960.0,3.8620043477505006,-0.3471018425195472
1741027020.0,3.8621800267116657,-0.3471660441160673
1741027080.0,3.8623557120856766,-0.347230234698989
1741027140.0,3.8625314038724112,-0.34729441426622154
1741027200.0,3.8627071020717296,-0.3473585828156844
1741027260.0,3.8628828066835452,-0.34742274034529025
1741027320.0,3.8630585177077172,-0.3474868868529568
1741027380.0,3.863234235144142,-0.34755102233660207
1741027440.0,3.86340995899268,-0.34761514679413663
1741027500.0,3.863585689253243,-0.34767926022347856
1741027560.0,3.8637614259256745,-0.3477433626225455
1741027620.0,3.8639371690098696,-0.34780745398925533
1741027680.0,3.8641129185056893,-0.34787153432152074
1741027740.0,3.864288674413028,-0.34793560361725934
1741027800.0,3.864464436731746,-0.3479996618743909
1741027860.0,3.8646402054617397,-0.3480637090908331
1741027920.0,3.8648159806028333,-0.34812774526449686
1741027980.0,3.864991762154958,-0.34819177039330695
1741028040.0,3.865167550117939,-0.3482557844751777
1741028100.0,3.865343344491671,-0.3483197875080287
1741028160.0,3.865519145276015,-0.34838377948977256
1741028220.0,3.865694952470849,-0.34844776041833575
1741028280.0,3.8658707660760325,-0.34851173029162924
1741028340.0,3.8660465860914264,-0.3485756891075777
1741028400.0,3.8662224125168914,-0.3486396368640972
1741028460.0,3.866398245352322,-0.3487035735591039
1741028520.0,3.8665740845975614,-0.3487674991905226
1741028580.0,3.8667499302524706,-0.3488314137562693
1741028640.0,3.866925782316927,-0.3488953172542602
1741028700.0,3.8671016407907732,-0.3489592096824218
1741028760.0,3.8672775056738873,-0.3490230910386701
1741028820.0,3.867453376966112,-0.349086961320923
1741028880.0,3.867629254667326,-0.3491508205271052
1741028940.0,3.8678051387773706,-0.34921466865513473
1741029000.0,3.8679810292961077,-0.34927850570293095
1741029060.0,3.8681569262234143,-0.3493423316684188
1741029120.0,3.8683328295591166,-0.3494061465495126
1741029180.0,3.868508739303074,-0.34946995034413875
1741029240.0,3.868684655455165,-0.34953374305021695
1741029300.0,3.8688605780152154,-0.34959752466567023
1741029360.0,3.8690365069830843,-0.3496612951884147
1741029420.0,3.8692124423586334,-0.3497250546163769
1741029480.0,3.8693883841417223,-0.34978880294747805
1741029540.0,3.869564332332177,-0.34985254017964124
1741029600.0,3.8697402869298396,-0.34991626631078443
1741029660.0,3.8699162479345888,-0.34997998133883573
1741029720.0,3.8700922153462494,-0.35004368526171314
1741029780.0,3.870268189164682,-0.3501073780773431
1741029840.0,3.87044416938973,-0.3501710597836434
1741029900.0,3.870620156021218,-0.35023473037854586
1741029960.0,3.8707961490590246,-0.35029838985996664
1741030020.0,3.870972148502957,-0.3503620382258322
1741030080.0,3.8711481543528943,-0.3504256754740638
1741030140.0,3.8713241666086433,-0.3504893016025899
1741030200.0,3.8715001852700475,-0.3505529166093299
1741030260.0,3.871676210336967,-0.3506165204922105
1741030320.0,3.871852241809245,-0.3506801132491563
1741030380.0,3.8720282796866896,-0.3507436948780923
1741030440.0,3.8722043239691604,-0.3508072653769398
1741030500.0,3.8723803746564838,-0.35087082474363046
1741030560.0,3.872556431748502,-0.35093437297608393
1741030620.0,3.872732495245041,-0.35099791007222675
1741030680.0,3.8729085651459436,-0.35106143602998724
1741030740.0,3.873084641451035,-0.35112495084728834
1741030800.0,3.8732607241601587,-0.3511884545220567
1741030860.0,3.8734368132731216,-0.3512519470522189
1741030920.0,3.8736129087897853,-0.35131542843570146
1741030980.0,3.873789010709957,-0.3513788986704308
1741031040.0,3.873965119033463,-0.3514423577543319
1741031100.0,3.8741412337601453,-0.3515058056853331
1741031160.0,3.8743173548898295,-0.3515692424613641
1741031220.0,3.8744934824223245,-0.3516326680803466
1741031280.0,3.8746696163574725,-0.35169608254021223
1741031340.0,3.8748457566950814,-0.3517594858388893
1741031400.0,3.8750219034349938,-0.35182287797430245
1741031460.0,3.8751980565770365,-0.3518862589443819
1741031520.0,3.875374216120999,-0.351949628747056
1741031580.0,3.8755503820667245,-0.3520129873802511
1741031640.0,3.8757265544140385,-0.3520763348418957
1741031700.0,3.8759027331627487,-0.35213967112992317
1741031760.0,3.876078918312664,-0.35220299624226015
1741031820.0,3.876255109863626,-0.3522663101768332
1741031880.0,3.8764313078154258,-0.35232961293157394
1741031940.0,3.87660751216789,-0.35239290450441263
1741032000.0,3.8767837229208424,-0.3524561848932792
1741032060.0,3.8769599400740917,-0.3525194540961002
1741032120.0,3.8771361636274455,-0.35258271211080916
1741032180.0,3.877312393580713,-0.3526459589353361
1741032240.0,3.8774886299337186,-0.35270919456761113
1741032300.0,3.8776648726862537,-0.3527724190055642
1741032360.0,3.8778411218381423,-0.3528356322471272
1741032420.0,3.8780173773891935,-0.3528988342902301
1741032480.0,3.878193639339198,-0.3529620251328082
1741032540.0,3.8783699076879814,-0.35302520477278626
1741032600.0,3.8785461824353504,-0.3530883732081014
1741032660.0,3.878722463581097,-0.3531515304366835
1741032720.0,3.8788987511250284,-0.3532146764564645
1741032780.0,3.8790750450669527,-0.3532778112653796
1741032840.0,3.8792513454066784,-0.3533409348613571
1741032900.0,3.879427652143996,-0.3534040472423323
1741032960.0,3.8796039652787124,-0.35346714840624044
1741033020.0,3.8797802848106198,-0.3535302383510064
1741033080.0,3.8799566107395074,-0.35359331707457053
1741033140.0,3.880132943065219,-0.35365638457486653
1741033200.0,3.8803092817874925,-0.3537194408498261
1741033260.0,3.880485626906171,-0.35378248589738104
1741033320.0,3.8806619784210272,-0.3538455197154684
1741033380.0,3.8808383363318693,-0.3539085423020217
1741033440.0,3.8810147006384708,-0.35397155365497607
1741033500.0,3.881191071340639,-0.3540345537722635
1741033560.0,3.881367448438165,-0.35409754265182625
1741033620.0,3.881543831930821,-0.35416052029158895
1741033680.0,3.8817202218184343,-0.354223486689494
1741033740.0,3.881896618100776,-0.35428644184347485
1741033800.0,3.8820730207776206,-0.35434938575146685
1741033860.0,3.882249429848776,-0.35441231841140697
1741033920.0,3.882425845314014,-0.35447523982123397
1741033980.0,3.882602267173144,-0.3545381499788761
1741034040.0,3.882778695425921,-0.3546010488822775
1741034100.0,3.882955130072136,-0.3546639365293716
1741034160.0,3.883131571111597,-0.3547268129180955
1741034220.0,3.883308018544059,-0.3547896780463861
1741034280.0,3.883484472369313,-0.3548525319121839
1741034340.0,3.8836609325871496,-0.35491537451342264
1741034400.0,3.883837399197342,-0.35497820584804085
1741034460.0,3.884013872199646,-0.3550410259139775
1741034520.0,3.884190351593869,-0.3551038347091712
1741034580.0,3.8843668373798015,-0.35516663223156075
1741034640.0,3.884543329557165,-0.35522941847907963
1741034700.0,3.8847198281257844,-0.3552921934496738
1741034760.0,3.8848963330854156,-0.3553549571412748
1741034820.0,3.8850728444358316,-0.3554177095518285
1741034880.0,3.8852493621768236,-0.3554804506792719
1741034940.0,3.885425886308129,-0.3555431805215421
1741035000.0,3.885602416829538,-0.3556058990765829
1741035060.0,3.8857789537408247,-0.35566860634233327
1741035120.0,3.885955497041762,-0.35573130231673183
1741035180.0,3.8861320467321048,-0.35579398699772097
1741035240.0,3.886308602811627,-0.35585666038323766
1741035300.0,3.886485165280084,-0.35591932247122754
1741035360.0,3.8866617341372667,-0.35598197325962955
1741035420.0,3.88683830938293,-0.35604461274638405
1741035480.0,3.8870148910168125,-0.35610724092943336
1741035540.0,3.8871914790387225,-0.35616985780671984
1741035600.0,3.88736807344838,-0.3562324633761838
1741035660.0,3.8875446742455764,-0.3562950576357694
1741035720.0,3.8877212814300495,-0.35635764058341707
1741035780.0,3.887897895001573,-0.3564202122170726
1741035840.0,3.8880745149599014,-0.356482772534673
1741035900.0,3.8882511413048086,-0.3565453215341657
1741035960.0,3.888427774036015,-0.3566078592134931
1741036020.0,3.888604413153329,-0.35667038557059905
1741036080.0,3.8887810586564355,-0.3567329006034241
1741036140.0,3.888957710545162,-0.35679540430991413
1741036200.0,3.8891343688192093,-0.35685789668801465
1741036260.0,3.889311033478352,-0.3569203777356699
1741036320.0,3.8894877045223457,-0.35698284745082026
1741036380.0,3.889664381950928,-0.357045305831415
1741036440.0,3.8898410657638727,-0.35710775287539637
1741036500.0,3.8900177559608826,-0.35717018858071015
1741036560.0,3.890194452541766,-0.357232612945302
1741036620.0,3.8903711555062253,-0.3572950259671195
1741036680.0,3.890547864854018,-0.35735742764410133
1741036740.0,3.8907245805848802,-0.3574198179742021
1741036800.0,3.8909013026985866,-0.35748219695536393
1741036860.0,3.891078031194857,-0.35754456458553086
1741036920.0,3.891254766073448,-0.357606920862654
1741036980.0,3.891431507334079,-0.3576692657846771
1741037040.0,3.8916082549765245,-0.3577315993495497
1741037100.0,3.891785009000487,-0.3577939215552155
1741037160.0,3.8919617694057393,-0.35785623239962566
1741037220.0,3.8921385361920033,-0.3579185318807259
1741037280.0,3.892315309358999,-0.3579808199964655
1741037340.0,3.8924920889064993,-0.3580430967447901
1741037400.0,3.892668874834225,-0.35810536212365085
1741037460.0,3.892845667141915,-0.3581676161309968
1741037520.0,3.893022465829289,-0.35822985876477204
1741037580.0,3.893199270896086,-0.35829209002292933
1741037640.0,3.8933760823420442,-0.3583543099034161
1741037700.0,3.893552900166884,-0.3584165184041868
1741037760.0,3.893729724370361,-0.35847871552318383
1741037820.0,3.8939065549521614,-0.35854090125836147
1741037880.0,3.894083391912058,-0.35860307560766913
1741037940.0,3.8942602352497544,-0.35866523856905597
1741038000.0,3.8944370849650056,-0.35872739014047644
1741038060.0,3.8946139410574805,-0.35878953031987637
1741038120.0,3.8947908035269525,-0.3588516591052084
1741038180.0,3.8949676723731423,-0.3589137764944253
1741038240.0,3.895144547595752,-0.3589758824854763
1741038300.0,3.8953214291945213,-0.3590379770763124
1741038360.0,3.8954983171691526,-0.35910006026488983
1741038420.0,3.895675211519385,-0.35916213204915776
1741038480.0,3.895852112244938,-0.35922419242706893
1741038540.0,3.8960290193455154,-0.35928624139657445
1741038600.0,3.896205932820856,-0.3593482789556304
1741038660.0,3.896382852670662,-0.3594103051021878
1741038720.0,3.8965597788946558,-0.35947231983419947
1741038780.0,3.8967367114925393,-0.3595343231496197
1741038840.0,3.8969136504640507,-0.3595963150464031
1741038900.0,3.8970905958088764,-0.35965829552250067
1741038960.0,3.8972675475267544,-0.35972026457586853
1741039020.0,3.897444505617388,-0.3597822222044647
1741039080.0,3.8976214700804808,-0.3598441684062366
1741039140.0,3.897798440915735,-0.3599061031791406
1741039200.0,3.897975418122873,-0.35996802652113813
1741039260.0,3.8981524017016143,-0.36002993843017833
1741039320.0,3.898329391651645,-0.36009183890421914
1741039380.0,3.8985063879726862,-0.3601537279412134
1741039440.0,3.8986833906644236,-0.3602156055391208
1741039500.0,3.898860399726595,-0.36027747169589575
1741039560.0,3.8990374151588694,-0.36033932640949456
1741039620.0,3.899214436960967,-0.36040116967787683
1741039680.0,3.8993914651325743,-0.3604630014989953
1741039740.0,3.899568499673429,-0.36052482187080986
1741039800.0,3.8997455405831816,-0.3605866307912765
1741039860.0,3.899922587861571,-0.3606484282583516
1741039920.0,3.900099641508283,-0.3607102142699965
1741039980.0,3.9002767015230035,-0.360771988824164
1741040040.0,3.9004537679054354,-0.360833751918819
1741040100.0,3.9006308406552823,-0.3608955035519161
1741040160.0,3.90080791977223,-0.3609572437214148
1741040220.0,3.9009850052559814,-0.3610189724252732
1741040280.0,3.9011620971062233,-0.361080689661451
1741040340.0,3.9013391953226404,-0.36114239542790966
1741040400.0,3.9015162999049364,-0.3612040897226053
1741040460.0,3.9016934108527974,-0.3612657725435013
1741040520.0,3.9018705281659094,-0.3613274438885555
1741040580.0,3.9020476518439575,-0.36138910375572936
1741040640.0,3.9022247818866456,-0.36145075214298267
1741040700.0,3.9024019182936422,-0.3615123890482767
1741040760.0,3.9025790610646323,-0.3615740144695714
1741040820.0,3.90275621019932,-0.3616356284048316
1741040880.0,3.9029333656973737,-0.3616972308520152
1741040940.0,3.903110527558461,-0.36175882180908375
1741041000.0,3.9032876957823035,-0.36182040127400394
1741041060.0,3.903464870368569,-0.3618819692447354
1741041120.0,3.9036420513169086,-0.3619435257192397
1741041180.0,3.903819238627044,-0.36200507069548
1741041240.0,3.903996432298607,-0.36206660417141767
1741041300.0,3.9041736323313194,-0.36212812614502127
1741041360.0,3.904350838724832,-0.3621896366142469
1741041420.0,3.90452805147883,-0.3622511355770631
1741041480.0,3.904705270592983,-0.3623126230314331
1741041540.0,3.904882496066976,-0.3623740989753234
1741041600.0,3.90505972790046,-0.36243556340669214
1741041660.0,3.9052369660931383,-0.36249701632350945
1741041720.0,3.9054142106446443,-0.3625584577237368
1741041780.0,3.9055914615546823,-0.3626198876053443
1741041840.0,3.9057687188229018,-0.3626813059662917
1741041900.0,3.905945982448972,-0.3627427128045458
1741041960.0,3.906123252432578,-0.3628041081180767
1741042020.0,3.906300528773372,-0.36286549190484574
1741042080.0,3.9064778114710212,-0.36292686416282155
1741042140.0,3.906655100525177,-0.3629882248899689
1741042200.0,3.906832395935543,-0.36304957408425814
1741042260.0,3.9070096977017346,-0.3631109117436524
1741042320.0,3.907187005823438,-0.36317223786611824
1741042380.0,3.9073643203003043,-0.3632335524496296
1741042440.0,3.9075416411320187,-0.36329485549214946
1741042500.0,3.9077189683182154,-0.36335614699164465
1741042560.0,3.9078963018585626,-0.3634174269460887
1741042620.0,3.9080736417527113,-0.3634786953534432
1741042680.0,3.9082509880003293,-0.3635399522116835
1741042740.0,3.9084283406010676,-0.36360119751877457
1741042800.0,3.9086056995545606,-0.3636624312726865
1741042860.0,3.908783064860511,-0.3637236534713914
1741042920.0,3.9089604365185173,-0.3637848641128558
1741042980.0,3.9091378145282656,-0.36384606319504825
1741043040.0,3.9093151988893893,-0.3639072507159423
1741043100.0,3.909492589601539,-0.3639684266735083
1741043160.0,3.909669986664401,-0.36402959106571975
1741043220.0,3.909847390077573,-0.3640907438905399
1741043280.0,3.9100247998407247,-0.364151885145946
1741043340.0,3.9102022159535066,-0.3642130148299082
1741043400.0,3.9103796384155514,-0.36427413294039657
1741043460.0,3.910557067226511,-0.36433523947538315
1741043520.0,3.9107345023860356,-0.3643963344328451
1741043580.0,3.9109119438937765,-0.36445741781074903
1741043640.0,3.9110893917493494,-0.3645184896070705
1741043700.0,3.9112668459524063,-0.3645795498197795
1741043760.0,3.9114443065025797,-0.36464059844685337
1741043820.0,3.911621773399538,-0.364701635486264
1741043880.0,3.9117992466428806,-0.3647626609359867
1741043940.0,3.9119767262322744,-0.36482367479399175
1741044000.0,3.912154212167354,-0.36488467705825456
1741044060.0,3.9123317044477353,-0.3649456677267505
1741044120.0,3.9125092030730517,-0.3650066467974533
1741044180.0,3.9126867080429713,-0.36506761426834183
1741044240.0,3.9128642193570933,-0.3651285701373863
1741044300.0,3.913041737015068,-0.3651895144025656
1741044360.0,3.913219261016529,-0.36525044706185167
1741044420.0,3.9133967913610754,-0.36531136811322346
1741044480.0,3.9135743280483752,-0.36537227755465623
1741044540.0,3.913751871078027,-0.36543317538412906
1741044600.0,3.9139294204496813,-0.3654940615996155
1741044660.0,3.9141069761629543,-0.36555493619909285
1741044720.0,3.9142845382174625,-0.36561579918053816
1741044780.0,3.9144621066128567,-0.36567665054193044
1741044840.0,3.914639681348718,-0.36573749028124847
1741044900.0,3.914817262424715,-0.36579831839646776
1741044960.0,3.9149948498404457,-0.36585913488556715
1741045020.0,3.915172443595526,-0.3659199397465256
1741045080.0,3.9153500436895903,-0.36598073297732203
1741045140.0,3.9155276501222542,-0.3660415145759336
1741045200.0,3.915705262893133,-0.36610228454034266
1741045260.0,3.915882882001844,-0.3661630428685282
1741045320.0,3.916060507448002,-0.36622378955846724
1741045380.0,3.9162381392312238,-0.36628452460814237
1741045440.0,3.9164157773511254,-0.3663452480155341
1741045500.0,3.916593421807323,-0.36640595977862134
1741045560.0,3.916771072599432,-0.3664666598953867
1741045620.0,3.916948729727034,-0.36652734836380874
1741045680.0,3.9171263931897795,-0.36658802518187183
1741045740.0,3.917304062987267,-0.3666486903475549
1741045800.0,3.9174817391190957,-0.36670934385884196
1741045860.0,3.917659421584864,-0.36676998571371555
1741045920.0,3.917837110384223,-0.36683061591015625
1741045980.0,3.918014805516736,-0.36689123444614646
1741046040.0,3.9181925069820185,-0.3669518413196703
1741046100.0,3.9183702147796704,-0.36701243652870846
1741046160.0,3.918547928909324,-0.3670730200712503
1741046220.0,3.9187256493705434,-0.36713359194527306
1741046280.0,3.9189033761629446,-0.3671941521487642
1741046340.0,3.919081109286144,-0.3672547006797064
1741046400.0,3.9192588487397226,-0.36731523753608525
1741046460.0,3.919436594523296,-0.3673757627158868
1741046520.0,3.9196143466364455,-0.3674362762170917
1741046580.0,3.91979210507877,-0.36749677803768926
1741046640.0,3.9199698698498673,-0.367557268175662
1741046700.0,3.9201476409493368,-0.3676177466289992
1741046760.0,3.9203254183767764,-0.3676782133956833
1741046820.0,3.9205032021317683,-0.36773866847370185
1741046880.0,3.9206809922139096,-0.36779911186104436
1741046940.0,3.9208587886228,-0.36785954355569317
1741047000.0,3.9210365913580203,-0.36791996355563944
1741047060.0,3.9212144004191516,-0.3679803718588655
1741047120.0,3.9213922158057923,-0.3680407684633642
1741047180.0,3.921570037517541,-0.3681011533671216
1741047240.0,3.9217478655539617,-0.36816152656812345
1741047300.0,3.92192569991467,-0.3682218880643626
1741047360.0,3.922103540599213,-0.3682822378538233
1741047420.0,3.922281387607205,-0.3683425759344966
1741047480.0,3.9224592409382115,-0.3684029023043719
1741047540.0,3.92263710059183,-0.3684632169614403
1741047600.0,3.9228149665676417,-0.36852351990368953
1741047660.0,3.922992838865211,-0.3685838111291071
1741047720.0,3.9231707174841177,-0.3686440906356895
1741047780.0,3.9233486024239443,-0.36870435842142424
1741047840.0,3.923526493684289,-0.36876461448430076
1741047900.0,3.9237043912646974,-0.3688248588223085
1741047960.0,3.923882295164769,-0.3688850914334454
1741048020.0,3.924060205384049,-0.36894531231569927
1741048080.0,3.9242381219221545,-0.3690055214670594
1741048140.0,3.9244160447786127,-0.3690657188855222
1741048200.0,3.9245939739530242,-0.36912590456907696
1741048260.0,3.924771909444951,-0.3691860785157201
1741048320.0,3.9249498512539747,-0.3692462407234428
1741048380.0,3.9251277993796423,-0.36930639119023617
1741048440.0,3.9253057538215512,-0.3693665299140983
1741048500.0,3.925483714579231,-0.36942665689302023
1741048560.0,3.92566168165228,-0.3694867721249932
1741048620.0,3.925839655040244,-0.36954687560801697
1741048680.0,3.9260176347426876,-0.36960696734008275
1741048740.0,3.926195620759209,-0.36966704731918687
1741048800.0,3.9263736130893183,-0.36972711554332394
1741048860.0,3.9265516117325987,-0.3697871720104886
1741048920.0,3.92672961668863,-0.3698472167186789
1741048980.0,3.9269076279569584,-0.3699072496658878
1741049040.0,3.9270856455371304,-0.36996727085011505
1741049100.0,3.9272636694287275,-0.37002728026935533
1741049160.0,3.927441699631278,-0.370087277921605
1741049220.0,3.927619736144363,-0.37014726380486046
1741049280.0,3.9277977789675287,-0.37020723791712323
1741049340.0,3.927975828100322,-0.37026720025638615
1741049400.0,3.9281538835423055,-0.3703271508206492
1741049460.0,3.9283319452930265,-0.37038708960790867
1741049520.0,3.9285100133520476,-0.3704470166161662
1741049580.0,3.928688087718898,-0.37050693184341976
1741049640.0,3.928866168393142,-0.3705668352876677
1741049700.0,3.9290442553743246,-0.37062672694690785
1741049760.0,3.9292223486619924,-0.3706866068191403
1741049820.0,3.929400448255693,-0.37074647490236823
1741049880.0,3.92957855415497,-0.37080633119458817
1741049940.0,3.9297566663593897,-0.37086617569380326
1741050000.0,3.929934784868462,-0.37092600839800993
1741050060.0,3.9301129096817506,-0.3709858293052134
1741050120.0,3.9302910407987848,-0.37104563841341337
1741050180.0,3.93046917821911,-0.37110543572061144
1741050240.0,3.9306473219422733,-0.3711652212248094
1741050300.0,3.930825471967803,-0.3712249949240086
1741050360.0,3.931003628295263,-0.3712847568162125
1741050420.0,3.931181790924147,-0.37134450689942095
1741050480.0,3.9313599598540354,-0.3714042451716443
1741050540.0,3.931538135084424,-0.3714639716308771
1741050600.0,3.931716316614892,-0.37152368627512794
1741050660.0,3.9318945044449163,-0.37158338910239674
1741050720.0,3.9320726985740784,-0.371643080110692
1741050780.0,3.9322508990018896,-0.37170275929801544
1741050840.0,3.9324291057278957,-0.3717624266623719
1741050900.0,3.932607318751591,-0.37182208220176677
1741050960.0,3.932785538072539,-0.371881725914205
1741051020.0,3.9329637636902506,-0.3719413577976916
1741051080.0,3.933141995604273,-0.3720009778502318
1741051140.0,3.9333202338140985,-0.37206058606983405
1741051200.0,3.933498478319275,-0.3721201824545018
1741051260.0,3.9336767291193304,-0.37217976700224537
1741051320.0,3.9338549862137757,-0.372239339711068
1741051380.0,3.9340332496021406,-0.37229890057897835
1741051440.0,3.9342115192839358,-0.37235844960398323
1741051500.0,3.93438979525869,-0.37241798678408955
1741051560.0,3.9345680775259146,-0.37247751211730923
1741051620.0,3.9347463660851387,-0.37253702560164575
1741051680.0,3.9349246609358906,-0.3725965272351129
1741051740.0,3.935102962077647,-0.37265601701571394
1741051800.0,3.935281269509954,-0.3727154949414593
1741051860.0,3.9354595832323227,-0.37277496101036095
1741051920.0,3.9356379032442823,-0.37283441522042926
1741051980.0,3.9358162295453085,-0.3728938575696694
1741052040.0,3.935994562134931,-0.37295328805609673
1741052100.0,3.936172901012678,-0.37301270667772013
1741052160.0,3.936351246178026,-0.37307211343254965
1741052220.0,3.936529597630521,-0.3731315083185974
1741052280.0,3.9367079553696223,-0.37319089133387207
1741052340.0,3.9368863193948935,-0.3732502624763909
1741052400.0,3.9370646897057933,-0.3733096217441626
1741052460.0,3.937243066301868,-0.37336896913519724
1741052520.0,3.937421449182577,-0.3734283046475088
1741052580.0,3.937599838347466,-0.3734876282791146
1741052640.0,3.937778233796011,-0.3735469400280249
1741052700.0,3.937956635527707,-0.37360623989225006
1741052760.0,3.9381350435420823,-0.37366552786980733
1741052820.0,3.9383134578386305,-0.3737248039587124
1741052880.0,3.938491878416828,-0.37378406815697374
1741052940.0,3.9386703052761862,-0.3738433204626104
1741053000.0,3.938848738416199,-0.37390256087363793
1741053060.0,3.9390271778363775,-0.373961789388072
1741053120.0,3.9392056235361985,-0.3740210060039228
1741053180.0,3.939384075515156,-0.37408021071920944
1741053240.0,3.9395625337727602,-0.374139403531951
1741053300.0,3.939740998308489,-0.37419858444015786
1741053360.0,3.939919469121817,-0.37425775344185236
1741053420.0,3.9400979462122576,-0.3743169105350485
1741053480.0,3.9402764295793036,-0.3743760557177635
1741053540.0,3.9404549192224483,-0.3744351889880182
1741053600.0,3.940633415141134,-0.3744943103438246
1741053660.0,3.940811917334889,-0.3745534197832071
1741053720.0,3.9409904258031903,-0.37461251730417766
1741053780.0,3.9411689405455137,-0.37467160290476065
1741053840.0,3.9413474615613535,-0.3747306765829733
1741053900.0,3.9415259888501852,-0.3747897383368347
1741053960.0,3.941704522411487,-0.374848788164364
1741054020.0,3.941883062244751,-0.3749078260635818
1741054080.0,3.9420616083494537,-0.374966852032509
1741054140.0,3.9422401607250555,-0.3750258660691647
1741054200.0,3.942418719371049,-0.3750848681715731
1741054260.0,3.942597284286911,-0.375143858337748
1741054320.0,3.9427758554721177,-0.3752028365657173
1741054380.0,3.942954432926146,-0.3752618028535034
1741054440.0,3.943133016648454,-0.3753207571991238
1741054500.0,3.9433116066385363,-0.3753796996006025
1741054560.0,3.943490202895852,-0.37543863005596584
1741054620.0,3.9436688054198767,-0.37549754856322914
1741054680.0,3.9438474142100697,-0.37555645512042213
1741054740.0,3.9440260292659075,-0.3756153497255654
1741054800.0,3.944204650586866,-0.37567423237668507
1741054860.0,3.9443832781724053,-0.375733103071802
1741054920.0,3.944561912022001,-0.3757919618089421
1741054980.0,3.9447405521350944,-0.3758508085861333
1741055040.0,3.94491919851118,-0.37590964340139627
1741055100.0,3.945097851149699,-0.3759684662527571
1741055160.0,3.94527651005011,-0.37602727713824174
1741055220.0,3.94545517521189,-0.37608607605587807
1741055280.0,3.9456338466344967,-0.37614486300368866
1741055340.0,3.9458125243173736,-0.3762036379797029
1741055400.0,3.9459912082600126,-0.37626240098194863
1741055460.0,3.9461698984618394,-0.37632115200844846
1741055520.0,3.946348594922329,-0.3763798910572336
1741055580.0,3.946527297640924,-0.37643861812633006
1741055640.0,3.9467060066171005,-0.3764973332137691
1741055700.0,3.946884721850282,-0.37655603631757506
1741055760.0,3.947063443339945,-0.3766147274357792
1741055820.0,3.9472421710855317,-0.37667340656640924
1741055880.0,3.9474209050864832,-0.37673207370749306
1741055940.0,3.9475996453422755,-0.37679072885706183
1741056000.0,3.9477783918523333,-0.3768493720131469
1741056060.0,3.9479571446161152,-0.3769080031737777
1741056120.0,3.9481359036330628,-0.3769666223369821
1741056180.0,3.948314668902617,-0.3770252295007931
1741056240.0,3.9484934404242558,-0.37708382466324186
1741056300.0,3.948672218197384,-0.3771424078223598
1741056360.0,3.948851002221461,-0.3772009789761781
1741056420.0,3.9490297924959292,-0.3772595381227315
1741056480.0,3.9492085890202295,-0.3773180852600461
1741056540.0,3.949387391793803,-0.3773766203861602
1741056600.0,3.949566200816091,-0.3774351434991031
1741056660.0,3.9497450160865193,-0.3774936545969116
1741056720.0,3.9499238376045276,-0.37755215367761674
1741056780.0,3.9501026653695757,-0.3776106407392516
1741056840.0,3.9502814993810693,-0.37766911577985446
1741056900.0,3.9504603396384685,-0.37772757879745655
1741056960.0,3.9506391861411796,-0.3777860297900927
1741057020.0,3.9508180388886607,-0.3778444687557993
1741057080.0,3.9509968978803367,-0.3779028956926095
1741057140.0,3.951175763115614,-0.3779613105985632
1741057200.0,3.9513546345939514,-0.3780197134716934
1741057260.0,3.951533512314773,-0.37807810431003663
1741057320.0,3.951712396277503,-0.3781364831116295
1741057380.0,3.951891286481565,-0.3781948498745101
1741057440.0,3.9520701829264016,-0.3782532045967133
1741057500.0,3.9522490856114,-0.37831154727628075
1741057560.0,3.952427994536021,-0.378369877911249
1741057620.0,3.95260690969967,-0.37842819649965104
1741057680.0,3.9527858311017723,-0.37848650303953396
1741057740.0,3.952964758741751,-0.3785447975289289
1741057800.0,3.953143692619012,-0.37860307996588116
1741057860.0,3.953322632732998,-0.37866135034842546
1741057920.0,3.9535015790831336,-0.37871960867460525
1741057980.0,3.9536805316687884,-0.37877785494245886
1741058040.0,3.953859490489423,-0.3788360891500262
1741058100.0,3.9540384555444437,-0.3788943112953509
1741058160.0,3.9542174268332566,-0.3789525213764693
1741058220.0,3.954396404355269,-0.37901071939142494
1741058280.0,3.9545753881099035,-0.37906890533826143
1741058340.0,3.9547543780965686,-0.3791270792150186
1741058400.0,3.9549333743146873,-0.37918524101974
1741058460.0,3.955112376763649,-0.3792433907504656
1741058520.0,3.955291385442877,-0.3793015284052424
1741058580.0,3.9554704003517793,-0.37935965398211213
1741058640.0,3.9556494214897437,-0.3794177674791183
1741058700.0,3.955828448856178,-0.3794758688943027
1741058760.0,3.9560074824505223,-0.3795339582257104
1741058820.0,3.956186522272132,-0.37959203547138853
1741058880.0,3.956365568320448,-0.3796501006293805
1741058940.0,3.9565446205948414,-0.37970815369772976
1741059000.0,3.956723679094738,-0.3797661946744834
1741059060.0,3.9569027438195254,-0.37982422355768836
1741059120.0,3.9570818147686113,-0.3798822403453898
1741059180.0,3.957260891941383,-0.3799402450356313
1741059240.0,3.9574399753372322,-0.37999823762646323
1741059300.0,3.957619064955564,-0.3800562181159309
1741059360.0,3.957798160795784,-0.3801141865020847
1741059420.0,3.9579772628572663,-0.3801721427829683
1741059480.0,3.9581563711394154,-0.38023008695663185
1741059540.0,3.958335485641622,-0.3802880190211227
1741059600.0,3.9585146063632743,-0.3803459389744927
1741059660.0,3.958693733303761,-0.3804038468147839
1741059720.0,3.9588728664624897,-0.38046174254005527
1741059780.0,3.959052005838814,-0.38051962614834867
1741059840.0,3.9592311514321414,-0.38057749763771626
1741059900.0,3.9594103032418597,-0.38063535700620854
1741059960.0,3.959589461267359,-0.38069320425187775
1741060020.0,3.959768625507993,-0.38075103937277077
1741060080.0,3.9599477959631857,-0.3808088623669451
1741060140.0,3.9601269726322923,-0.38086667323244777
1741060200.0,3.960306155514718,-0.38092447196733265
1741060260.0,3.9604853446098005,-0.38098225856964857
1741060320.0,3.9606645399169635,-0.38104003303745104
1741060380.0,3.960843741435562,-0.38109779536879423
1741060440.0,3.9610229491649838,-0.3811555455617285
1741060500.0,3.9612021631046015,-0.38121328361430784
1741060560.0,3.961381383253804,-0.38127100952458964
1741060620.0,3.9615606096119276,-0.38132872329062273
1741060680.0,3.96173984217838,-0.3813864249104645
1741060740.0,3.9619190809525144,-0.38144411438216885
1741060800.0,3.962098325933738,-0.38150179170379156
1741060860.0,3.962277577121369,-0.38155945687339005
1741060920.0,3.9624568345148155,-0.3816171098890166
1741060980.0,3.962636098113431,-0.38167475074872853
1741061040.0,3.9628153679165874,-0.38173237945058336
1741061100.0,3.962994643923639,-0.3817899959926385
1741061160.0,3.9631739261339747,-0.3818476003729498
1741061220.0,3.9633532145469483,-0.38190519258957273
1741061280.0,3.9635325091619147,-0.3819627726405684
1741061340.0,3.9637118099782453,-0.3820203405239925
1741061400.0,3.963891116995312,-0.3820778962379059
1741061460.0,3.9640704302124514,-0.382135439780366
1741061520.0,3.9642497496290354,-0.38219297114943046
1741061580.0,3.964429075244435,-0.38225049034316355
1741061640.0,3.964608407058005,-0.38230799735962095
1741061700.0,3.964787745069065,-0.38236549219686017
1741061760.0,3.964967089277021,-0.3824229748529492
1741061820.0,3.9651464396812104,-0.38248044532594355
1741061880.0,3.965325796280969,-0.38253790361390605
1741061940.0,3.9655051590756867,-0.3825953497148959
1741062000.0,3.9656845280646653,-0.38265278362697575
1741062060.0,3.9658639032473118,-0.3827102053482117
1741062120.0,3.9660432846229265,-0.38276761487665967
1741062180.0,3.9662226721909004,-0.38282501221038734
1741062240.0,3.9664020659505517,-0.3828823973474557
1741062300.0,3.9665814659012346,-0.38293977028592757
1741062360.0,3.9667608720423035,-0.382997131023869
1741062420.0,3.966940284373096,-0.38305447955934274
1741062480.0,3.9671197028929654,-0.3831118158904114
1741062540.0,3.967299127601249,-0.38316914001514474
1741062600.0,3.9674785584972825,-0.3832264519316036
1741062660.0,3.967657995580404,-0.3832837516378542
1741062720.0,3.967837438849985,-0.383341039131961
1741062780.0,3.968016888305327,-0.3833983144119954
1741062840.0,3.9681963439457837,-0.3834555774760148
1741062900.0,3.968375805770693,-0.3835128283220941
1741062960.0,3.96855527377939,-0.3835700669482979
1741063020.0,3.968734747971231,-0.38362729335269563
1741063080.0,3.968914228345517,-0.3836845075333501
1741063140.0,3.9690937149015846,-0.3837417094883309
1741063200.0,3.9692732076387878,-0.3837988992157078
1741063260.0,3.969452706556446,-0.38385607671355043
1741063320.0,3.9696322116538965,-0.3839132419799285
1741063380.0,3.9698117229304586,-0.383970395012908
1741063440.0,3.969991240385451,-0.38402753581056226
1741063500.0,3.9701707640182287,-0.3840846643709591
1741063560.0,3.9703502938281097,-0.3841417806921683
1741063620.0,3.9705298298143976,-0.3841988847722612
1741063680.0,3.9707093719764455,-0.3842559766093127
1741063740.0,3.970888920313573,-0.38431305620138906
1741063800.0,3.971068474825082,-0.38437012354656674
1741063860.0,3.9712480355103095,-0.3844271786429138
1741063920.0,3.9714276023685917,-0.38448422148850514
1741063980.0,3.971607175399213,-0.3845412520814139
1741064040.0,3.9717867546015113,-0.3845982704197115
1741064100.0,3.971966339974805,-0.3846552765014728
1741064160.0,3.9721459315184133,-0.38471227032477273
1741064220.0,3.9723255292316386,-0.3847692518876809
1741064280.0,3.9725051331137995,-0.3848262211882758
1741064340.0,3.9726847431642334,-0.3848831782246323
1741064400.0,3.972864359382225,-0.3849401229948253
1741064460.0,3.9730439817670926,-0.38499705549692964
1741064520.0,3.973223610318139,-0.3850539757290203
1741064580.0,3.9734032450347003,-0.38511088368917745
1741064640.0,3.9735828859160787,-0.3851677793754741
1741064700.0,3.9737625329615587,-0.385224662785987
1741064760.0,3.9739421861704596,-0.38528153391879627
1741064820.0,3.9741218455421006,-0.38533839277197685
1741064880.0,3.9743015110757662,-0.3853952393436071
1741064940.0,3.9744811827707758,-0.3854520736317688
1741065000.0,3.9746608606264133,-0.3855088956345371
1741065060.0,3.974840544641999,-0.38556570534999013
1741065120.0,3.9750202348168333,-0.3856225027762082
1741065180.0,3.9751999311502018,-0.38567928791127487
1741065240.0,3.975379633641424,-0.38573606075326505
1741065300.0,3.9755593422897832,-0.3857928213002623
1741065360.0,3.9757390570945828,-0.3858495695503452
1741065420.0,3.975918778055105,-0.3859063055015972
1741065480.0,3.9760985051706714,-0.38596302915210023
1741065540.0,3.9762782384405475,-0.386019740499931
1741065600.0,3.9764579778640363,-0.38607643954317655
1741065660.0,3.9766377234404384,-0.386133126279917
1741065720.0,3.9768174751690393,-0.3861898007082379
1741065780.0,3.9769972330491226,-0.38624646282621916
1741065840.0,3.9771769970799906,-0.38630311263194456
1741065900.0,3.977356767260928,-0.3863597501235011
1741065960.0,3.977536543591218,-0.38641637529897077
1741066020.0,3.9777163260701296,-0.3864729881564389
1741066080.0,3.9778961146969802,-0.3865295886939891
1741066140.0,3.9780759094710376,-0.38658617690970687
1741066200.0,3.9782557103915863,-0.38664275280168087
1741066260.0,3.97843551745791,-0.3866993163679914
1741066320.0,3.9786153306692946,-0.3867558676067324
1741066380.0,3.978795150024988,-0.3868124065159825
1741066440.0,3.978974975524328,-0.38686893309383386
1741066500.0,3.9791548071665455,-0.3869254473383736
1741066560.0,3.979334644950926,-0.3869819492476855
1741066620.0,3.979514488876754,-0.3870384388198635
1741066680.0,3.9796943389433137,-0.3870949160529895
1741066740.0,3.979874195149854,-0.3871513809451595
1741066800.0,3.980054057495677,-0.387207833494457
1741066860.0,3.9802339259800332,-0.38726427369897437
1741066920.0,3.980413800602206,-0.3873207015568022
1741066980.0,3.9805936813614617,-0.3873771170660259
1741067040.0,3.9807735682570695,-0.38743352022474137
1741067100.0,3.980953461288294,-0.3874899110310356
1741067160.0,3.981133360454404,-0.38754628948300446
1741067220.0,3.9813132657546646,-0.38760265557873347
1741067280.0,3.9814931771883444,-0.3876590093163201
1741067340.0,3.98167309475471,-0.38771535069385316
1741067400.0,3.9818530184530276,-0.3877716797094286
1741067460.0,3.982032948282548,-0.387827996361137
1741067520.0,3.9822128842425366,-0.3878843006470707
1741067580.0,3.9823928263322617,-0.3879405925653256
1741067640.0,3.982572774550972,-0.38799687211399575
1741067700.0,3.9827527288979345,-0.38805313929117524
1741067760.0,3.9829326893723995,-0.3881093940949599
1741067820.0,3.9831126559736156,-0.3881656365234422
1741067880.0,3.9832926287008674,-0.38822186657471963
1741067940.0,3.9834726075533697,-0.3882780842468863
1741068000.0,3.983652592530425,-0.38833428953804155
1741068060.0,3.983832583631229,-0.3883904824462795
1741068120.0,3.9840125808550853,-0.38844666296969943
1741068180.0,3.9841925842012063,-0.3885028311063973
1741068240.0,3.9843725936688608,-0.3885589868544689
1741068300.0,3.984552609257298,-0.38861513021201693
1741068360.0,3.9847326309657496,-0.38867126117713396
1741068420.0,3.9849126587934824,-0.3887273797479227
1741068480.0,3.985092692739711,-0.38878348592248074
1741068540.0,3.9852727328037205,-0.38883957969890914
1741068600.0,3.9854527789847247,-0.3888956610753073
1741068660.0,3.9856328312819738,-0.38895173004977285
1741068720.0,3.9858128896947167,-0.389007786620412
1741068780.0,3.985992954222186,-0.3890638307853171
1741068840.0,3.9861730248636307,-0.38911986254259634
1741068900.0,3.9863531016182656,-0.3891758818903507
1741068960.0,3.986533184485358,-0.38923188882668125
1741069020.0,3.986713273464122,-0.3892878833496874
1741069080.0,3.9868933685538073,-0.3893438654574772
1741069140.0,3.987073469753646,-0.38939983514815163
1741069200.0,3.9872535770628525,-0.38945579241981015
1741069260.0,3.987433690480694,-0.38951173727056426
1741069320.0,3.9876138100063683,-0.3895676696985116
1741069380.0,3.9877939356391408,-0.38962358970176014
1741069440.0,3.987974067378192,-0.38967949727841106
1741069500.0,3.9881542052228065,-0.3897353924265758
1741069560.0,3.988334349172164,-0.38979127514435374
1741069620.0,3.9885144992255137,-0.38984714542985477
1741069680.0,3.988694655382088,-0.3899030032811852
1741069740.0,3.9888748176411015,-0.38995884869645125
1741069800.0,3.989054986001768,-0.3900146816737575
1741069860.0,3.9892351604633385,-0.3900705022112156
1741069920.0,3.9894153410249906,-0.39012631030692835
1741069980.0,3.9895955276859936,-0.39018210595900893
1741070040.0,3.9897757204455426,-0.3902378891655638
1741070100.0,3.9899559193028367,-0.3902936599247027
1741070160.0,3.9901361242571234,-0.39034941823453195
1741070220.0,3.990316335307619,-0.3904051640931666
1741070280.0,3.9904965524535196,-0.3904608974987113
1741070340.0,3.9906767756940575,-0.39051661844927754
1741070400.0,3.990857005028448,-0.3905723269429803
1741070460.0,3.991037240455869,-0.3906280229779259
1741070520.0,3.991217481975572,-0.39068370655222784
1741070580.0,3.9913977295867533,-0.39073937766399913
1741070640.0,3.99157798328861,-0.3907950363113499
1741070700.0,3.991758243080374,-0.3908506824923931
1741070760.0,3.9919385089612436,-0.39090631620524224
1741070820.0,3.992118780930414,-0.3909619374480124
1741070880.0,3.9922990589871015,-0.39101754621881324
1741070940.0,3.9924793431305026,-0.3910731425157634
1741071000.0,3.9926596333598314,-0.39112872633697265
1741071060.0,3.9928399296742856,-0.39118429768055957
1741071120.0,3.9930202320730626,-0.3912398565446391
1741071180.0,3.9932005405553768,-0.3912954029273246
1741071240.0,3.9933808551204075,-0.391350936826733
1741071300.0,3.9935611757673697,-0.3914064582409826
1741071360.0,3.99374150249546,-0.39146196716818854
1741071420.0,3.9939218353038592,-0.3915174636064659
1741071480.0,3.9941021741917635,-0.3915729475539349
1741071540.0,3.9942825191584053,-0.3916284190087141
1741071600.0,3.9944628702029292,-0.39168387796891857
1741071660.0,3.99464322732455,-0.39173932443266857
1741071720.0,3.994823590522447,-0.39179475839808264
1741071780.0,3.995003959795836,-0.391850179863281
1741071840.0,3.995184335143895,-0.3919055888263823
1741071900.0,3.995364716565805,-0.3919609852855085
1741071960.0,3.995545104060745,-0.39201636923877464
1741072020.0,3.995725497627912,-0.3920717406843098
1741072080.0,3.9959058972665042,-0.3921270996202271
1741072140.0,3.9960863029757,-0.392182446044654
1741072200.0,3.996266714754663,-0.3922377799557107
1741072260.0,3.9964471326025888,-0.39229310135151746
1741072320.0,3.9966275565186757,-0.39234841023019806
1741072380.0,3.996807986502068,-0.3924037065898763
1741072440.0,3.9969884225519805,-0.39245899042867766
1741072500.0,3.9971688646675756,-0.39251426174471893
1741072560.0,3.9973493128480326,-0.3925695205361344
1741072620.0,3.9975297670925136,-0.3926247668010426
1741072680.0,3.9977102274002165,-0.39268000053756724
1741072740.0,3.997890693770303,-0.39273522174383557
1741072800.0,3.9980711662019526,-0.39279043041797507
1741072860.0,3.998251644694329,-0.3928456265581092
1741072920.0,3.9984321292466265,-0.39290081016236533
1741072980.0,3.998612619857975,-0.3929559812288709
1741073040.0,3.998793116527588,-0.39301113975575114
1741073100.0,3.9989736192545933,-0.393066285741137
1741073160.0,3.999154128038188,-0.3931214191831522
1741073220.0,3.9993346428775336,-0.3931765400799275
1741073280.0,3.999515163771776,-0.3932316484295936
1741073340.0,3.9996956907200936,-0.3932867442302761
1741073400.0,3.999876223721668,-0.3933418274801092
1741073460.0,4.000056762775624,-0.3933968981772166
1741073520.0,4.000237307881143,-0.3934519563197327
1741073580.0,4.000417859037405,-0.39350700190578636
1741073640.0,4.000598416243519,-0.3935620349335084
1741073700.0,4.000778979498699,-0.3936170554010331
1741073760.0,4.000959548802057,-0.39367206330648935
1741073820.0,4.001140124152771,-0.3937270586480097
1741073880.0,4.001320705550004,-0.3937820414237303
1741073940.0,4.001501292992883,-0.3938370116317782
1741074000.0,4.001681886480586,-0.39389196927028947
1741074060.0,4.001862486012261,-0.39394691433740003
1741074120.0,4.002043091587051,-0.3940018468312407
1741074180.0,4.002223703204101,-0.3940567667499475
1741074240.0,4.002404320862573,-0.3941116740916529
1741074300.0,4.002584944561613,-0.394166568854498
1741074360.0,4.002765574300382,-0.39422145103661205
1741074420.0,4.002946210077989,-0.39427632063613605
1741074480.0,4.003126851893616,-0.39433117765120085
1741074540.0,4.003307499746372,-0.39438602207994944
1741074600.0,4.003488153635437,-0.3944408539205143
1741074660.0,4.003668813559936,-0.3944956731710366
1741074720.0,4.003849479518999,-0.39455047982965075
1741074780.0,4.004030151511788,-0.39460527389449945
1741074840.0,4.004210829537429,-0.3946600553637154
1741074900.0,4.00439151359505,-0.3947148242354415
1741074960.0,4.004572203683814,-0.3947695805078173
1741075020.0,4.004752899802847,-0.3948243241789822
1741075080.0,4.004933601951278,-0.3948790552470774
1741075140.0,4.005114310128232,-0.39493377371024246
1741075200.0,4.005295024332856,-0.3949884795666168
1741075260.0,4.005475744564276,-0.3950431728143452
1741075320.0,4.005656470821638,-0.3950978534515671
1741075380.0,4.00583720310405,-0.39515252147642543
1741075440.0,4.006017941410658,-0.39520717688706325
1741075500.0,4.006198685740572,-0.39526181968162344
1741075560.0,4.006379436092937,-0.39531644985824904
1741075620.0,4.006560192466879,-0.39537106741508643
1741075680.0,4.0067409548615105,-0.3954256723502752
1741075740.0,4.006921723275956,-0.39548026466196173
1741075800.0,4.007102497709344,-0.39553484434829067
1741075860.0,4.007283278160801,-0.39558941140740866
1741075920.0,4.007464064629438,-0.3956439658374621
1741075980.0,4.007644857114365,-0.3956985076365938
1741076040.0,4.007825655614744,-0.39575303680295393
1741076100.0,4.00800646012965,-0.3958075533346888
1741076160.0,4.00818727065821,-0.39586205722994144
1741076220.0,4.008368087199533,-0.39591654848686353
1741076280.0,4.008548909752766,-0.39597102710360155
1741076340.0,4.008729738316982,-0.39602549307830726
1741076400.0,4.0089105728913275,-0.39607994640912697
1741076460.0,4.009091413474892,-0.3961343870942072
1741076520.0,4.00927226006679,-0.3961888151317032
1741076580.0,4.009453112666144,-0.3962432305197614
1741076640.0,4.009633971272032,-0.39629763325653167
1741076700.0,4.009814835883615,-0.39635202334016933
1741076760.0,4.009995706499934,-0.3964064007688207
1741076820.0,4.010176583120151,-0.39646076554063936
1741076880.0,4.01035746574334,-0.3965151176537787
1741076940.0,4.010538354368611,-0.39656945710638863
1741077000.0,4.010719248995076,-0.3966237838966209
1741077060.0,4.0109001496218255,-0.3966780980226341
1741077120.0,4.011081056247952,-0.3967323994825765
1741077180.0,4.0112619688725655,-0.39678668827460506
1741077240.0,4.011442887494776,-0.39684096439687494
1741077300.0,4.011623812113677,-0.3968952278475396
1741077360.0,4.011804742728342,-0.39694947862475244
1741077420.0,4.011985679337898,-0.3970037167266704
1741077480.0,4.012166621941404,-0.39705794215145046
1741077540.0,4.012347570537987,-0.39711215489724944
1741077600.0,4.012528525126721,-0.39716635496222097
1741077660.0,4.012709485706717,-0.3972205423445253
1741077720.0,4.0128904522770315,-0.39727471704231765
1741077780.0,4.013071424836776,-0.39732887905375847
1741077840.0,4.0132524033850405,-0.3973830283770065
1741077900.0,4.0134333879209025,-0.3974371650102186
1741077960.0,4.01361437844347,-0.39749128895155167
1741078020.0,4.013795374951802,-0.39754540019917145
1741078080.0,4.013976377444989,-0.39759949875123307
1741078140.0,4.014157385922108,-0.3976535846058987
1741078200.0,4.014338400382268,-0.3977076577613288
1741078260.0,4.014519420824526,-0.39776171821568557
1741078320.0,4.014700447247976,-0.3978157659671276
1741078380.0,4.014881479651692,-0.3978698010138205
1741078440.0,4.01506251803473,-0.3979238233539232
1741078500.0,4.01524356239622,-0.3979778329856028
1741078560.0,4.015424612735183,-0.39803182990701996
1741078620.0,4.015605669050729,-0.3980858141163384
1741078680.0,4.015786731341916,-0.3981397856117204
1741078740.0,4.01596779960782,-0.3981937443913334
1741078800.0,4.016148873847514,-0.39824769045334124
1741078860.0,4.016329954060073,-0.39830162379590783
1741078920.0,4.016511040244573,-0.3983555444172024
1741078980.0,4.016692132400054,-0.39840945231538527
1741079040.0,4.0168732305256265,-0.39846334748862916
1741079100.0,4.01705433462033,-0.39851722993509614
1741079160.0,4.01723544468322,-0.3985710996529555
1741079220.0,4.017416560713392,-0.3986249566403728
1741079280.0,4.0175976827098845,-0.39867880089552066
1741079340.0,4.017778810671772,-0.3987326324165631
1741079400.0,4.0179599445981315,-0.39878645120167094
1741079460.0,4.018141084487984,-0.3988402572490133
1741079520.0,4.018322230340422,-0.3988940505567594
1741079580.0,4.0185033821545035,-0.39894783112308013
1741079640.0,4.018684539929268,-0.3990015989461446
1741079700.0,4.018865703663791,-0.39905535402412545
1741079760.0,4.019046873357112,-0.3991090963551919
1741079820.0,4.01922804900829,-0.39916282593751823
1741079880.0,4.019409230616398,-0.3992165427692719
1741079940.0,4.01959041818046,-0.39927024684863255
1741080000.0,4.019771611699533,-0.3993239381737675
1741080060.0,4.019952811172692,-0.399377616742853
1741080120.0,4.020134016598959,-0.39943128255406163
1741080180.0,4.020315227977393,-0.39948493560556775
1741080240.0,4.02049644530705,-0.3995385758955458
1741080300.0,4.020677668586972,-0.39959220342217017
1741080360.0,4.020858897816197,-0.3996458181836169
1741080420.0,4.0210401329937655,-0.3996994201780622
1741080480.0,4.021221374118736,-0.39975300940368225
1741080540.0,4.02140262119013,-0.39980658585865303
1741080600.0,4.021583874207023,-0.3998601495411508
1741080660.0,4.0217651331684205,-0.3999137004493533
1741080720.0,4.021946398073397,-0.39996723858144384
1741080780.0,4.022127668920958,-0.40002076393559144
1741080840.0,4.022308945710144,-0.400074276509981
1741080900.0,4.022490228440011,-0.4001277763027903
1741080960.0,4.022671517109583,-0.4001812633121974
1741081020.0,4.0228528117178985,-0.4002347375363852
1741081080.0,4.023034112264,-0.40028819897353174
1741081140.0,4.02321541874689,-0.40034164762181834
1741081200.0,4.0233967311656285,-0.4003950834794263
1741081260.0,4.0235780495192195,-0.40044850654453534
1741081320.0,4.02375937380672,-0.40050191681532854
1741081380.0,4.023940704027153,-0.4005553142899907
1741081440.0,4.024122040179524,-0.40060869896670326
1741081500.0,4.024303382262873,-0.4006620708436476
1741081560.0,4.02448473027624,-0.40071542991901016
1741081620.0,4.024666084218612,-0.4007687761909708
1741081680.0,4.0248474440890645,-0.4008221096577195
1741081740.0,4.025028809886569,-0.40087543031743933
1741081800.0,4.0252101816101815,-0.4009287381683134
1741081860.0,4.02539155925889,-0.40098203320852843
1741081920.0,4.025572942831734,-0.40103531543627097
1741081980.0,4.025754332327738,-0.40108858484972576
1741082040.0,4.025935727745923,-0.4011418414470848
1741082100.0,4.026117129085259,-0.4011950852265294
1741082160.0,4.0262985363448225,-0.4012483161862531
1741082220.0,4.026479949523582,-0.4013015343244391
1741082280.0,4.026661368620579,-0.40135473963927915
1741082340.0,4.026842793634801,-0.40140793212896164
1741082400.0,4.027024224565269,-0.40146111179167493
1741082460.0,4.027205661411008,-0.40151427862560907
1741082520.0,4.027387104171005,-0.40156743262895767
1741082580.0,4.027568552844281,-0.4016205737999056
1741082640.0,4.027750007429826,-0.40167370213665
1741082700.0,4.027931467926662,-0.40172681763737905
1741082760.0,4.028112934333792,-0.4017799203002847
1741082820.0,4.0282944066502235,-0.40183301012355876
1741082880.0,4.028475884874944,-0.4018860871054001
1741082940.0,4.028657369006958,-0.40193915124399354
1741083000.0,4.028838859045289,-0.4019922025375378
1741083060.0,4.029020354988906,-0.40204524098422667
1741083120.0,4.029201856836814,-0.40209826658225184
1741083180.0,4.02938336458802,-0.4021512793298105
1741083240.0,4.029564878241528,-0.40220427922509955
1741083300.0,4.029746397796326,-0.4022572662663109
1741083360.0,4.029927923251384,-0.40231024045164354
1741083420.0,4.030109454605724,-0.4023632017792926
1741083480.0,4.030290991858335,-0.4024161502474569
1741083540.0,4.030472535008204,-0.40246908585433366
1741083600.0,4.030654084054318,-0.4025220085981181
1741083660.0,4.030835638995667,-0.40257491847701254
1741083720.0,4.031017199831253,-0.4026278154892123
1741083780.0,4.031198766560049,-0.402680699632918
1741083840.0,4.031380339181024,-0.40273357090633016
1741083900.0,4.031561917693201,-0.4027864293076477
1741083960.0,4.03174350209555,-0.40283927483506926
1741084020.0,4.031925092387041,-0.40289210748680077
1741084080.0,4.032106688566663,-0.40294492726103753
1741084140.0,4.032288290633401,-0.4029977341559853
1741084200.0,4.032469898586228,-0.4030505281698447
1741084260.0,4.032651512424149,-0.40310330930082156
1741084320.0,4.032833132146098,-0.4031560775471129
1741084380.0,4.03301475775108,-0.4032088329069263
1741084440.0,4.033196389238066,-0.40326157537846397
1741084500.0,4.033378026606044,-0.4033143049599301
1741084560.0,4.033559669853966,-0.4033670216495339
1741084620.0,4.033741318980804,-0.4034197254454743
1741084680.0,4.03392297398556,-0.40347241634595865
1741084740.0,4.034104634867172,-0.40352509434919465
1741084800.0,4.03428630162461,-0.40357775945338814
1741084860.0,4.034467974256878,-0.40363041165674474
1741084920.0,4.034649652762895,-0.4036830509574722
1741084980.0,4.034831337141666,-0.4037356773537796
1741085040.0,4.035013027392142,-0.4037882908438729
1741085100.0,4.035194723513296,-0.40384089142596485
1741085160.0,4.035376425504079,-0.40389347909825773
1741085220.0,4.035558133363445,-0.40394605385896787
1741085280.0,4.0357398470903805,-0.4039986157062993
1741085340.0,4.035921566683839,-0.40405116463846646
1741085400.0,4.036103292142773,-0.40410370065367707
1741085460.0,4.036285023466153,-0.4041562237501472
1741085520.0,4.036466760652897,-0.4042087339260793
1741085580.0,4.036648503702027,-0.4042612311796967
1741085640.0,4.036830252612444,-0.4043137155092032
1741085700.0,4.037012007383118,-0.404366186912817
1741085760.0,4.037193768013003,-0.40441864538874744
1741085820.0,4.0373755345010665,-0.40447109093521066
1741085880.0,4.037557306846229,-0.4045235235504195
1741085940.0,4.037739085047477,-0.4045759432325902
1741086000.0,4.037920869103729,-0.4046283499799339
1741086060.0,4.038102659013955,-0.40468074379067376
1741086120.0,4.03828445477709,-0.4047331246630173
1741086180.0,4.03846625639207,-0.4047854925951861
1741086240.0,4.038648063857864,-0.40483784758539465
1741086300.0,4.0388298771733915,-0.4048901896318611
1741086360.0,4.039011696337623,-0.40494251873280496
1741086420.0,4.039193521349474,-0.40499483488643917
1741086480.0,4.039375352207898,-0.40504713809098697
1741086540.0,4.039557188911832,-0.40509942834466645
1741086600.0,4.039739031460229,-0.4051517056456955
1741086660.0,4.039920879852005,-0.4052039699922904
1741086720.0,4.040102734086113,-0.4052562213826815
1741086780.0,4.040284594161472,-0.40530845981508157
1741086840.0,4.040466460077035,-0.4053606852877138
1741086900.0,4.040648331831718,-0.40541289779879963
1741086960.0,4.040830209424458,-0.40546509734656244
1741087020.0,4.041012092854207,-0.40551728392922193
1741087080.0,4.041193982119866,-0.4055694575450031
1741087140.0,4.041375877220388,-0.4056216181921293
1741087200.0,4.04155777815469,-0.40567376586882364
1741087260.0,4.0417396849217075,-0.4057259005733095
1741087320.0,4.041921597520342,-0.40577802230381177
1741087380.0,4.042103515949545,-0.4058301310585573
1741087440.0,4.042285440208236,-0.40588222683577097
1741087500.0,4.042467370295348,-0.40593430963367794
1741087560.0,4.042649306209784,-0.4059863794505048
1741087620.0,4.04283124795046,-0.40603843628447844
1741087680.0,4.0430131955163295,-0.4060904801338272
1741087740.0,4.043195148906276,-0.4061425109967762
1741087800.0,4.043377108119233,-0.40619452887155383
1741087860.0,4.04355907315412,-0.4062465337563939
1741087920.0,4.043741044009856,-0.4062985256495196
1741087980.0,4.043923020685356,-0.4063505045491613
1741088040.0,4.044105003179505,-0.4064024704535508
1741088100.0,4.044286991491255,-0.40645442336091847
1741088160.0,4.044468985619507,-0.4065063632694927
1741088220.0,4.044650985563162,-0.40655829017750733
1741088280.0,4.044832991321135,-0.4066102040831942
1741088340.0,4.045015002892348,-0.40666210498478367
1741088400.0,4.045197020275681,-0.40671399288050764
1741088460.0,4.045379043470053,-0.4067658677685999
1741088520.0,4.045561072474398,-0.4068177296472994
1741088580.0,4.045743107287567,-0.40686957851483113
1741088640.0,4.045925147908511,-0.4069214143694305
1741088700.0,4.046107194336095,-0.4069732372093401
1741088760.0,4.046289246569255,-0.4070250470327883
1741088820.0,4.046471304606873,-0.40707684383801235
1741088880.0,4.046653368447852,-0.4071286276232495
1741088940.0,4.046835438091108,-0.4071803983867369
1741089000.0,4.047017513535488,-0.40723215612670843
1741089060.0,4.047199594779947,-0.4072839008414046
1741089120.0,4.04738168182335,-0.4073356325290627
1741089180.0,4.047563774664598,-0.40738735118791825
1741089240.0,4.0477458733025715,-0.40743905681621373
1741089300.0,4.047927977736191,-0.40749074941218794
1741089360.0,4.048110087964321,-0.4075424289740783
1741089420.0,4.048292203985862,-0.4075940955001253
1741089480.0,4.048474325799696,-0.40764574898857164
1741089540.0,4.048656453404726,-0.40769738943765604
1741089600.0,4.048838586799832,-0.40774901684562287
1741089660.0,4.049020725983899,-0.40780063121070936
1741089720.0,4.04920287095581,-0.4078522325311648
1741089780.0,4.049385021714464,-0.4079038208052283
1741089840.0,4.0495671782587275,-0.40795539603114045
1741089900.0,4.049749340587484,-0.4080069582071472
1741089960.0,4.049931508699616,-0.40805850733149457
1741090020.0,4.050113682594006,-0.408110043402425
1741090080.0,4.050295862269537,-0.40816156641818613
1741090140.0,4.050478047725075,-0.40821307637701876
1741090200.0,4.05066023895952,-0.4082645732771722
1741090260.0,4.0508424359717035,-0.40831605711689073
1741090320.0,4.05102463876056,-0.40836752789442726
1741090380.0,4.051206847324903,-0.40841898560802076
1741090440.0,4.0513890616636505,-0.4084704302559241
1741090500.0,4.051571281775651,-0.40852186183638683
1741090560.0,4.051753507659786,-0.408573280347653
1741090620.0,4.0519357393149225,-0.40862468578797395
1741090680.0,4.052117976739925,-0.408676078155599
1741090740.0,4.05230021993366,-0.40872745744877764
1741090800.0,4.0524824688949925,-0.40877882366576274
1741090860.0,4.052664723622806,-0.40883017680480377
1741090920.0,4.052846984115948,-0.4088815168641519
1741090980.0,4.053029250373267,-0.40893284384205664
1741091040.0,4.053211522393663,-0.408984157736776
1741091100.0,4.053393800175983,-0.40903545854655776
1741091160.0,4.053576083719061,-0.4090867462696567
1741091220.0,4.053758373021793,-0.40913802090432727
1741091280.0,4.053940668083031,-0.4091892824488225
1741091340.0,4.054122968901604,-0.40924053090139884
1741091400.0,4.054305275476395,-0.40929176626030916
1741091460.0,4.054487587806252,-0.4093429885238099
1741091520.0,4.054669905890041,-0.4093941976901557
1741091580.0,4.054852229726592,-0.40944539375760486
1741091640.0,4.055034559314753,-0.40949657672441536
1741091700.0,4.055216894653407,-0.40954774658883847
1741091760.0,4.055399235741368,-0.40959890334913757
1741091820.0,4.055581582577519,-0.40965004700357077
1741091880.0,4.05576393516069,-0.40970117755039454
1741091940.0,4.055946293489729,-0.4097522949878706
1741092000.0,4.056128657563485,-0.40980339931425525
1741092060.0,4.056311027380804,-0.4098544905278102
1741092120.0,4.05649340294052,-0.40990556862679706
1741092180.0,4.056675784241477,-0.40995663360947404
1741092240.0,4.056858171282527,-0.41000768547410626
1741092300.0,4.057040564062498,-0.41005872421895195
1741092360.0,4.057222962580256,-0.41010974984227616
1741092420.0,4.0574053668345975,-0.4101607623423405
1741092480.0,4.057587776824388,-0.410211761717405
1741092540.0,4.057770192548475,-0.41026274796573997
1741092600.0,4.057952614005654,-0.4103137210856054
1741092660.0,4.0581350411948085,-0.41036468107526797
1741092720.0,4.058317474114717,-0.4104156279329913
1741092780.0,4.058499912764262,-0.4104665616570405
1741092840.0,4.0586823571422395,-0.4105174822456823
1741092900.0,4.058864807247498,-0.41056838969718373
1741092960.0,4.059047263078867,-0.4106192840098134
1741093020.0,4.059229724635178,-0.41067016518183475
1741093080.0,4.059412191915244,-0.41072103321151804
1741093140.0,4.059594664917895,-0.410771888097132
1741093200.0,4.059777143641945,-0.41082272983694174
1741093260.0,4.059959628086242,-0.41087355842922113
1741093320.0,4.0601421182495985,-0.4109243738722388
1741093380.0,4.060324614130845,-0.4109751761642634
1741093440.0,4.06050711572878,-0.4110259653035652
1741093500.0,4.060689623042248,-0.41107674128842003
1741093560.0,4.060872136070046,-0.41112750411709464
1741093620.0,4.061054654811006,-0.4111782537878612
1741093680.0,4.061237179263956,-0.41122899029899523
1741093740.0,4.0614197094276765,-0.4112797136487655
1741093800.0,4.061602245301014,-0.4113304238354492
1741093860.0,4.0617847868827655,-0.41138112085732037
1741093920.0,4.061967334171744,-0.41143180471265106
1741093980.0,4.062149887166779,-0.41148247539971516
1741094040.0,4.06233244586665,-0.4115331329167917
1741094100.0,4.062515010270187,-0.4115837772621512
1741094160.0,4.062697580376203,-0.4116344084340779
1741094220.0,4.062880156183513,-0.41168502643084215
1741094280.0,4.063062737690893,-0.41173563125072316
1741094340.0,4.0632453248971565,-0.4117862228919982
1741094400.0,4.063427917801117,-0.4118368013529429
1741094460.0,4.063610516401588,-0.41188736663184167
1741094520.0,4.063793120697365,-0.41193791872697
1741094580.0,4.063975730687227,-0.4119884576366054
1741094640.0,4.064158346369986,-0.41203898335903033
1741094700.0,4.064340967744457,-0.4120894958925258
1741094760.0,4.064523594809433,-0.4121399952353725
1741094820.0,4.0647062275636765,-0.41219048138584785
1741094880.0,4.064888866006035,-0.4122409543422397
1741094940.0,4.0650715101352874,-0.4122914141028271
1741095000.0,4.065254159950212,-0.4123418606658944
1741095060.0,4.065436815449603,-0.41239229402972083
1741095120.0,4.065619476632258,-0.4124427141925976
1741095180.0,4.065802143496972,-0.41249312115280035
1741095240.0,4.0659848160425405,-0.41254351490861857
1741095300.0,4.066167494267725,-0.4125938954583385
1741095360.0,4.066350178171356,-0.41264426280024263
1741095420.0,4.0665328677521755,-0.4126946169326171
1741095480.0,4.066715563008998,-0.4127449578537515
1741095540.0,4.066898263940584,-0.4127952855619283
1741095600.0,4.067080970545748,-0.412845600055439
1741095660.0,4.067263682823265,-0.4128959013325731
1741095720.0,4.067446400771899,-0.4129461893916131
1741095780.0,4.067629124390427,-0.4129964642308505
1741095840.0,4.067811853677644,-0.4130467258485765
1741095900.0,4.06799458863233,-0.41309697424308073
1741095960.0,4.068177329253262,-0.413147209412651
1741096020.0,4.068360075539201,-0.41319743135557685
1741096080.0,4.068542827488943,-0.4132476400701567
1741096140.0,4.068725585101248,-0.41329783555467475
1741096200.0,4.0689083483748965,-0.41334801780742764
1741096260.0,4.069091117308647,-0.4133981868267084
1741096320.0,4.069273891901295,-0.413448342610805
1741096380.0,4.069456672151586,-0.4134984851580173
1741096440.0,4.069639458058297,-0.4135486144666349
1741096500.0,4.069822249620206,-0.4135987305349562
1741096560.0,4.070005046836075,-0.4136488333612742
1741096620.0,4.070187849704645,-0.41369892294388205
1741096680.0,4.070370658224714,-0.4137489992810797
1741096740.0,4.070553472395043,-0.41379906237116204
1741096800.0,4.070736292214374,-0.4138491122124273
1741096860.0,4.070919117681485,-0.41389914880317036
1741096920.0,4.071101948795121,-0.41394917214169125
1741096980.0,4.071284785554059,-0.41399918222628823
1741097040.0,4.07146762795706,-0.4140491790552596
1741097100.0,4.071650476002868,-0.41409916262690555
1741097160.0,4.071833329690243,-0.4141491329395225
1741097220.0,4.072016189017947,-0.41419908999141575
1741097280.0,4.072199053984704,-0.4142490337808837
1741097340.0,4.072381924589311,-0.41429896430622626
1741097400.0,4.072564800830511,-0.41434888156574873
1741097460.0,4.072747682707031,-0.4143987855577513
1741097520.0,4.072930570217631,-0.4144486762805356
1741097580.0,4.0731134633610875,-0.4144985537324088
1741097640.0,4.0732963621360945,-0.41454841791166736
1741097700.0,4.0734792665414465,-0.4145982688166219
1741097760.0,4.073662176575886,-0.41464810644557576
1741097820.0,4.073845092238123,-0.41469793079683276
1741097880.0,4.074028013526952,-0.41474774186869967
1741097940.0,4.0742109404410645,-0.41479753965948024
1741098000.0,4.074393872979239,-0.4148473241674849
1741098060.0,4.074576811140201,-0.4148970953910188
1741098120.0,4.074759754922676,-0.41494685332838754
1741098180.0,4.074942704325426,-0.41499659797789956
1741098240.0,4.075125659347194,-0.4150463293378656
1741098300.0,4.075308619986704,-0.4150960474065961
1741098360.0,4.075491586242685,-0.4151457521823929
1741098420.0,4.075674558113878,-0.41519544366357525
1741098480.0,4.075857535599028,-0.41524512184845014
1741098540.0,4.076040518696843,-0.4152947867353245
1741098600.0,4.076223507406083,-0.41534443832251433
1741098660.0,4.076406501725456,-0.4153940766083317
1741098720.0,4.076589501653708,-0.4154437015910855
1741098780.0,4.0767725071895455,-0.41549331326909134
1741098840.0,4.076955518331712,-0.41554291164066165
1741098900.0,4.077138535078933,-0.41559249670411036
1741098960.0,4.0773215574299355,-0.41564206845775153
1741099020.0,4.077504585383445,-0.4156916268998991
1741099080.0,4.077687618938169,-0.41574117202886895
1741099140.0,4.077870658092835,-0.4157907038429801
1741099200.0,4.078053702846186,-0.41584022234054335
1741099260.0,4.0782367531969115,-0.41588972751987774
1741099320.0,4.078419809143758,-0.41593921937930434
1741099380.0,4.078602870685413,-0.41598869791713367
1741099440.0,4.078785937820621,-0.4160381631316903
1741099500.0,4.078969010548091,-0.41608761502128805
1741099560.0,4.079152088866515,-0.416137053584248
1741099620.0,4.079335172774634,-0.4161864788188895
1741099680.0,4.079518262271176,-0.41623589072353523
1741099740.0,4.079701357354795,-0.41628528929650255
1741099800.0,4.079884458024254,-0.41633467453611445
1741099860.0,4.0800675642782425,-0.41638404644069166
1741099920.0,4.08025067611547,-0.41643340500855536
1741099980.0,4.0804337935346435,-0.4164827502380317
1741100040.0,4.0806169165344555,-0.41653208212743825
1741100100.0,4.080800045113649,-0.4165814006751029
1741100160.0,4.080983179270897,-0.4166307058793485
1741100220.0,4.081166319004925,-0.41667999773849934
1741100280.0,4.081349464314409,-0.4167292762508819
1741100340.0,4.081532615198054,-0.41677854141481696
1741100400.0,4.081715771654589,-0.4168277932286378
1741100460.0,4.081898933682686,-0.4168770316906655
1741100520.0,4.0820821012810535,-0.4169262567992296
1741100580.0,4.0822652744484,-0.41697546855265477
1741100640.0,4.082448453183382,-0.41702466694927237
1741100700.0,4.082631637484742,-0.4170738519874087
1741100760.0,4.082814827351137,-0.4171230236653934
1741100820.0,4.082998022781292,-0.41717218198155626
1741100880.0,4.083181223773865,-0.41722132693422864
1741100940.0,4.083364430327579,-0.41727045852173517
1741101000.0,4.0835476424410935,-0.41731957674241416
1741101060.0,4.083730860113131,-0.41736868159459367
1741101120.0,4.08391408334235,-0.41741777307660516
1741101180.0,4.084097312127458,-0.4174668511867818
1741101240.0,4.084280546467111,-0.4175159159234551
1741101300.0,4.084463786360036,-0.41756496728496173
1741101360.0,4.084647031804887,-0.41761400526963144
1741101420.0,4.0848302828003575,-0.41766302987580084
1741101480.0,4.08501353934512,-0.41771204110180676
1741101540.0,4.085196801437864,-0.4177610389459823
1741101600.0,4.085380069077248,-0.4178100234066608
1741101660.0,4.085563342261996,-0.4178589944821823
1741101720.0,4.085746620990748,-0.4179079521708854
1741101780.0,4.0859299052621765,-0.4179568964711014
1741101840.0,4.086113195074973,-0.4180058273811741
1741101900.0,4.086296490427811,-0.4180547448994384
1741101960.0,4.086479791319382,-0.4181036490242363
1741102020.0,4.086663097748307,-0.41815253975390093
1741102080.0,4.086846409713294,-0.4182014170867778
1741102140.0,4.087029727213017,-0.4182502810212071
1741102200.0,4.087213050246132,-0.41829913155552717
1741102260.0,4.087396378811311,-0.4183479686880818
1741102320.0,4.087579712907213,-0.41839679241720934
1741102380.0,4.08776305253251,-0.4184456027412553
1741102440.0,4.087946397685874,-0.41849439965855983
1741102500.0,4.0881297483659464,-0.4185431831674702
1741102560.0,4.088313104571418,-0.4185919532663282
1741102620.0,4.088496466300942,-0.41864070995347585
1741102680.0,4.088679833553161,-0.41868945322726203
1741102740.0,4.088863206326745,-0.4187381830860287
1741102800.0,4.08904658462037,-0.4187868995281248
1741102860.0,4.089229968432673,-0.4188356025518923
1741102920.0,4.089413357762329,-0.41888429215568523
1741102980.0,4.089596752607975,-0.4189329683378421
1741103040.0,4.0897801529682685,-0.4189816310967171
1741103100.0,4.089963558841865,-0.41903028043065565
1741103160.0,4.090146970227421,-0.41907891633800837
1741103220.0,4.0903303871235925,-0.4191275388171242
1741103280.0,4.090513809529018,-0.41917614786635377
1741103340.0,4.090697237442336,-0.41922474348404437
1741103400.0,4.090880670862236,-0.41927332566854825
1741103460.0,4.091064109787325,-0.41932189441821793
1741103520.0,4.091247554216257,-0.4193704497314076
1741103580.0,4.091431004147689,-0.41941899160646073
1741103640.0,4.091614459580259,-0.4194675200417405
1741103700.0,4.091797920512605,-0.41951603503559554
1741103760.0,4.091981386943385,-0.41956453658637843
1741103820.0,4.092164858871219,-0.4196130246924451
1741103880.0,4.092348336294763,-0.419661499352153
1741103940.0,4.092531819212655,-0.419709960563853
1741104000.0,4.092715307623519,-0.41975840832590444
1741104060.0,4.092898801526007,-0.41980684263666146
1741104120.0,4.093082300918726,-0.4198552634944799
1741104180.0,4.093265805800349,-0.4199036708977209
1741104240.0,4.093449316169496,-0.41995206484474223
1741104300.0,4.093632832024788,-0.4200004453338979
1741104360.0,4.093816353364865,-0.4200488123635509
1741104420.0,4.093999880188365,-0.42009716593206053
1741104480.0,4.094183412493909,-0.42014550603778283
1741104540.0,4.094366950280119,-0.420193832679084
1741104600.0,4.094550493545633,-0.42024214585431996
1741104660.0,4.094734042289073,-0.4202904455618555
1741104720.0,4.094917596509076,-0.4203387318000499
1741104780.0,4.0951011562042465,-0.4203870045672677
1741104840.0,4.095284721373224,-0.42043526386187363
1741104900.0,4.095468292014611,-0.42048350968222536
1741104960.0,4.095651868127047,-0.42053174202669097
1741105020.0,4.095835449709136,-0.42057996089363503
1741105080.0,4.096019036759515,-0.4206281662814205
1741105140.0,4.096202629276789,-0.42067635818841725
1741105200.0,4.096386227259597,-0.4207245366129864
1741105260.0,4.096569830706525,-0.4207727015534978
1741105320.0,4.096753439616193,-0.420820853008316
1741105380.0,4.096937053987223,-0.42086899097580927
1741105440.0,4.097120673818237,-0.42091711545434907
1741105500.0,4.097304299107838,-0.4209652264422966
1741105560.0,4.09748792985463,-0.42101332393802876
1741105620.0,4.097671566057234,-0.4210614079399101
1741105680.0,4.097855207714253,-0.42110947844631397
1741105740.0,4.098038854824274,-0.4211575354556086
1741105800.0,4.098222507385954,-0.42120557896616545
1741105860.0,4.098406165397843,-0.42125360897635616
1741105920.0,4.09858982885858,-0.4213016254845577
1741105980.0,4.098773497766769,-0.42134962848913626
1741106040.0,4.098957172120995,-0.42139761798846703
1741106100.0,4.099140851919865,-0.4214455939809251
1741106160.0,4.099324537161979,-0.4214935564648821
1741106220.0,4.099508227845943,-0.4215415054387149
1741106280.0,4.099691923970343,-0.4215894409007967
1741106340.0,4.099875625533799,-0.4216373628495098
1741106400.0,4.100059332534881,-0.42168527128322214
1741106460.0,4.100243044972192,-0.42173316620031415
1741106520.0,4.100426762844319,-0.42178104759916085
1741106580.0,4.100610486149883,-0.4218289154781444
1741106640.0,4.100794214887452,-0.4218767698356398
1741106700.0,4.100977949055632,-0.4219246106700293
1741106760.0,4.101161688652988,-0.4219724379796861
1741106820.0,4.101345433678127,-0.42202025176299757
1741106880.0,4.101529184129653,-0.4220680520183388
1741106940.0,4.101712940006115,-0.4221158387440936
1741107000.0,4.101896701306118,-0.4221636119386388
1741107060.0,4.102080468028247,-0.4222113716003636
1741107120.0,4.102264240171091,-0.4222591177276447
1741107180.0,4.1024480177332165,-0.4223068503188659
1741107240.0,4.102631800713228,-0.42235456937241467
1741107300.0,4.102815589109677,-0.42240227488666765
1741107360.0,4.102999382921167,-0.4224499668600158
1741107420.0,4.103183182146284,-0.42249764529084466
1741107480.0,4.103366986783563,-0.42254531017753455
1741107540.0,4.103550796831624,-0.42259296151847625
1741107600.0,4.103734612289019,-0.42264059931205195
1741107660.0,4.103918433154334,-0.42268822355665403
1741107720.0,4.1041022594261385,-0.42273583425066824
1741107780.0,4.104286091103001,-0.42278343139248
1741107840.0,4.104469928183489,-0.42283101498048015
1741107900.0,4.1046537706661725,-0.4228785850130561
1741107960.0,4.104837618549638,-0.422926141488602
1741108020.0,4.105021471832438,-0.4229736844055036
1741108080.0,4.105205330513138,-0.423021213762155
1741108140.0,4.10538919459031,-0.4230687295569437
1741108200.0,4.105573064062521,-0.42311623178826563
1741108260.0,4.105756938928341,-0.4231637204545099
1741108320.0,4.105940819186302,-0.4232111955540707
1741108380.0,4.106124704834993,-0.42325865708534244
1741108440.0,4.1063085958729815,-0.42330610504671595
1741108500.0,4.106492492298818,-0.42335353943659065
1741108560.0,4.106676394111038,-0.423400960253354
1741108620.0,4.106860301308244,-0.42344836749541237
1741108680.0,4.107044213888936,-0.42349576116114956
1741108740.0,4.107228131851717,-0.4235431412489688
1741108800.0,4.107412055195139,-0.42359050775726953
1741108860.0,4.107595983917718,-0.4236378606844407
1741108920.0,4.10777991801804,-0.4236852000288907
1741108980.0,4.107963857494657,-0.4237325257890103
1741109040.0,4.108147802346102,-0.42377983796320245
1741109100.0,4.108331752570929,-0.42382713654986504
1741109160.0,4.108515708167686,-0.42387442154739924
1741109220.0,4.108699669134926,-0.4239216929542065
1741109280.0,4.108883635471183,-0.4239689507686862
1741109340.0,4.109067607175025,-0.4240161949892415
1741109400.0,4.109251584244987,-0.42406342561427346
1741109460.0,4.109435566679585,-0.42411064264218534
1741109520.0,4.109619554477405,-0.42415784607138
1741109580.0,4.109803547636946,-0.4242050359002641
1741109640.0,4.109987546156778,-0.42425221212723696
1741109700.0,4.110171550035433,-0.4242993747507105
1741109760.0,4.110355559271447,-0.42434652376908255
1741109820.0,4.110539573863353,-0.4243936591807647
1741109880.0,4.110723593809683,-0.42444078098416005
1741109940.0,4.110907619108992,-0.42448788917767694
1741110000.0,4.111091649759777,-0.4245349837597252
1741110060.0,4.111275685760623,-0.42458206472870974
1741110120.0,4.111459727110015,-0.42462913208303876
1741110180.0,4.111643773806484,-0.42467618582112404
1741110240.0,4.111827825848599,-0.4247232259413738
1741110300.0,4.112011883234861,-0.42477025244219635
1741110360.0,4.112195945963802,-0.42481726532200514
1741110420.0,4.112380014033939,-0.4248642645792137
1741110480.0,4.112564087443825,-0.4249112502122268
1741110540.0,4.112748166191957,-0.4249582222194649
1741110600.0,4.112932250276868,-0.42500518059933445
1741110660.0,4.113116339697078,-0.42505212535025083
1741110720.0,4.113300434451101,-0.4250990564706292
1741110780.0,4.113484534537471,-0.42514597395888126
1741110840.0,4.113668639954705,-0.42519287781342413
1741110900.0,4.113852750701319,-0.4252397680326764
1741110960.0,4.11403686677583,-0.42528664461504645
1741111020.0,4.114220988176754,-0.42533350755895466
1741111080.0,4.114405114902609,-0.4253803568628216
1741111140.0,4.114589246951891,-0.4254271925250589
1741111200.0,4.114773384323136,-0.42547401454408895
1741111260.0,4.114957527014844,-0.42552082291833027
1741111320.0,4.115141675025529,-0.42556761764620005
1741111380.0,4.1153258283537095,-0.4256143987261169
1741111440.0,4.115509986997883,-0.42566116615650657
1741111500.0,4.115694150956549,-0.42570791993578255
1741111560.0,4.115878320228225,-0.42575466006237234
1741111620.0,4.116062494811426,-0.4258013865346963
1741111680.0,4.1162466747046516,-0.4258480993511768
1741111740.0,4.116430859906384,-0.42589479851023243
1741111800.0,4.116615050415137,-0.4259414840102908
1741111860.0,4.116799246229431,-0.42598815584977745
1741111920.0,4.116983447347764,-0.42603481402711474
1741111980.0,4.117167653768615,-0.42608145854072665
1741112040.0,4.117351865490485,-0.4261280893890423
1741112100.0,4.117536082511873,-0.4261747065704856
1741112160.0,4.117720304831295,-0.42622131008348246
1741112220.0,4.117904532447215,-0.42626789992646014
1741112280.0,4.118088765358168,-0.42631447609784795
1741112340.0,4.118273003562599,-0.4263610385960733
1741112400.0,4.118457247059044,-0.42640758741956725
1741112460.0,4.118641495845965,-0.4264541225667554
1741112520.0,4.118825749921846,-0.4265006440360687
1741112580.0,4.1190100092852004,-0.4265471518259416
1741112640.0,4.119194273934529,-0.42659364593479987
1741112700.0,4.119378543868261,-0.4266401263610761
1741112760.0,4.119562819084948,-0.4266865931032049
1741112820.0,4.119747099583035,-0.4267330461596188
1741112880.0,4.119931385361006,-0.42677948552874706
1741112940.0,4.120115676417359,-0.42682591120902763
1741113000.0,4.1202999727505745,-0.4268723231988932
1741113060.0,4.120484274359117,-0.4269187214967782
1741113120.0,4.120668581241487,-0.42696510610111527
1741113180.0,4.120852893396165,-0.4270114770103459
1741113240.0,4.121037210821597,-0.4270578342229028
1741113300.0,4.121221533516301,-0.4271041777372238
1741113360.0,4.1214058614787055,-0.4271505075517452
1741113420.0,4.121590194707344,-0.42719682366491013
1741113480.0,4.121774533200628,-0.4272431260751495
1741113540.0,4.121958876957075,-0.42728941478090654
1741113600.0,4.122143225975131,-0.42733568978062264
1741113660.0,4.122327580253278,-0.4273819510727322
1741113720.0,4.122511939789997,-0.42742819865568366
1741113780.0,4.1226963045837355,-0.42747443252791145
1741113840.0,4.122880674632957,-0.4275206526878605
1741113900.0,4.1230650499361605,-0.42756685913397396
1741113960.0,4.123249430491757,-0.4276130518646915
1741114020.0,4.123433816298265,-0.42765923087845803
1741114080.0,4.12361820735413,-0.427705396173722
1741114140.0,4.123802603657798,-0.4277515477489213
1741114200.0,4.123987005207733,-0.4277976856025043
1741114260.0,4.124171412002419,-0.427843809732916
1741114320.0,4.1243558240403,-0.427889920138603
1741114380.0,4.124540241319807,-0.4279360168180084
1741114440.0,4.124724663839455,-0.427982099769586
1741114500.0,4.124909091597656,-0.4280281689917806
1741114560.0,4.1250935245928755,-0.4280742244830406
1741114620.0,4.125277962823575,-0.42812026624181093
1741114680.0,4.125462406288187,-0.428166294266547
1741114740.0,4.125646854985191,-0.4282123085556954
1741114800.0,4.125831308913016,-0.4282583091077081
1741114860.0,4.126015768070127,-0.42830429592103525
1741114920.0,4.126200232454953,-0.4283502689941287
1741114980.0,4.126384702065958,-0.42839622832544205
1741115040.0,4.126569176901588,-0.42844217391342554
1741115100.0,4.126753656960291,-0.4284881057565345
1741115160.0,4.126938142240495,-0.42853402385321904
1741115220.0,4.127122632740648,-0.42857992820193813
1741115280.0,4.127307128459213,-0.42862581880114714
1741115340.0,4.127491629394601,-0.4286716956492961
1741115400.0,4.127676135545261,-0.428717558744844
1741115460.0,4.127860646909656,-0.4287634080862497
1741115520.0,4.128045163486196,-0.4288092436719668
1741115580.0,4.128229685273332,-0.42885506550045244
1741115640.0,4.128414212269505,-0.42890087357016904
1741115700.0,4.1285987444731305,-0.42894666787957014
1741115760.0,4.128783281882654,-0.4289924484271199
1741115820.0,4.128967824496524,-0.42903821521127716
1741115880.0,4.12915237231315,-0.42908396823049916
1741115940.0,4.129336925330961,-0.4291297074832482
1741116000.0,4.129521483548404,-0.4291754329679866
1741116060.0,4.129706046963893,-0.42922114468317846
1741116120.0,4.129890615575872,-0.42926684262728276
1741116180.0,4.1300751893827545,-0.4293125267987618
1741116240.0,4.130259768382968,-0.4293581971960831
1741116300.0,4.130444352574943,-0.4294038538177075
1741116360.0,4.1306289419571085,-0.4294494966621041
1741116420.0,4.130813536527875,-0.4294951257277354
1741116480.0,4.1309981362856565,-0.42954074101306555
1741116540.0,4.131182741228899,-0.4295863425165638
1741116600.0,4.131367351355995,-0.429631930236696
1741116660.0,4.131551966665393,-0.42967750417193157
1741116720.0,4.131736587155469,-0.4297230643207363
1741116780.0,4.131921212824688,-0.42976861068157957
1741116840.0,4.132105843671425,-0.429814143252929
1741116900.0,4.132290479694129,-0.4298596620332574
1741116960.0,4.132475120891176,-0.4299051670210341
1741117020.0,4.1326597672610115,-0.4299506582147285
1741117080.0,4.132844418802031,-0.4299961356128134
1741117140.0,4.1330290755126455,-0.43004159921375984
1741117200.0,4.133213737391285,-0.4300870490160425
1741117260.0,4.133398404436308,-0.43013248501813245
1741117320.0,4.133583076646163,-0.43017790721850246
1741117380.0,4.133767754019259,-0.43022331561562893
1741117440.0,4.133952436553975,-0.43026871020798635
1741117500.0,4.134137124248739,-0.43031409099404944
1741117560.0,4.134321817101929,-0.43035945797229447
1741117620.0,4.134506515111957,-0.4304048111411959
1741117680.0,4.134691218277249,-0.43045015049923374
1741117740.0,4.134875926596168,-0.4304954760448825
1741117800.0,4.135060640067124,-0.43054078777662197
1741117860.0,4.135245358688547,-0.4305860856929337
1741117920.0,4.135430082458778,-0.43063136979229233
1741117980.0,4.135614811376265,-0.43067664007317935
1741118040.0,4.135799545439366,-0.43072189653407467
1741118100.0,4.135984284646476,-0.43076713917345805
1741118160.0,4.136169028996024,-0.4308123679898146
1741118220.0,4.13635377848637,-0.430857582981624
1741118280.0,4.136538533115907,-0.430902784147368
1741118340.0,4.136723292883031,-0.43094797148552977
1741118400.0,4.136908057786135,-0.4309931449945944
1741118460.0,4.137092827823595,-0.4310383046730452
1741118520.0,4.137277602993809,-0.43108345051936897
1741118580.0,4.13746238329515,-0.4311285825320491
1741118640.0,4.137647168726013,-0.4311737007095705
1741118700.0,4.137831959284777,-0.43121880505042187
1741118760.0,4.138016754969834,-0.43126389555308814
1741118820.0,4.1382015557795615,-0.43130897221606135
1741118880.0,4.138386361712319,-0.4313540350378231
1741118940.0,4.138571172766501,-0.4313990840168672
1741119000.0,4.138755988940503,-0.43144411915168224
1741119060.0,4.138940810232681,-0.4314891404407548
1741119120.0,4.139125636641415,-0.4315341478825789
1741119180.0,4.13931046816508,-0.4315791414756429
1741119240.0,4.139495304802054,-0.43162412121844074
1741119300.0,4.139680146550696,-0.4316690871094627
1741119360.0,4.139864993409418,-0.4317140391472024
1741119420.0,4.140049845376543,-0.4317589773301538
1741119480.0,4.140234702450468,-0.4318039016568088
1741119540.0,4.14041956462955,-0.4318488121256613
1741119600.0,4.140604431912167,-0.4318937087352102
1741119660.0,4.1407893042966775,-0.4319385914839476
1741119720.0,4.14097418178146,-0.431983460370369
1741119780.0,4.141159064364872,-0.4320283153929735
1741119840.0,4.141343952045275,-0.4320731565502566
1741119900.0,4.141528844821026,-0.4321179838407154
1741119960.0,4.141713742690502,-0.4321627972628509
1741120020.0,4.141898645652048,-0.43220759681515847
1741120080.0,4.142083553704037,-0.4322523824961407
1741120140.0,4.142268466844814,-0.43229715430429655
1741120200.0,4.142453385072754,-0.43234191223812507
1741120260.0,4.142638308386199,-0.4323866562961305
1741120320.0,4.14282323678351,-0.43243138647681184
1741120380.0,4.143008170263044,-0.43247610277867166
1741120440.0,4.143193108823162,-0.43252080520021413
1741120500.0,4.143378052462206,-0.43256549373994185
1741120560.0,4.143563001178517,-0.43261016839635724
1741120620.0,4.143747954970473,-0.4326548291679681
1741120680.0,4.143932913836397,-0.43269947605327524
1741120740.0,4.144117877774633,-0.43274410905078975
1741120800.0,4.144302846783574,-0.4327887281590142
1741120860.0,4.144487820861508,-0.43283333337645463
1741120920.0,4.144672800006832,-0.43287792470162223
1741120980.0,4.1448577842178524,-0.4329225021330213
1741121040.0,4.145042773492928,-0.43296706566916304
1741121100.0,4.145227767830417,-0.4330116153085534
1741121160.0,4.145412767228612,-0.433056151049702
1741121220.0,4.145597771685905,-0.4331006728911235
1741121280.0,4.145782781200621,-0.4331451808313273
1741121340.0,4.145967795771085,-0.433189674868823
1741121400.0,4.146152815395638,-0.43323415500212176
1741121460.0,4.146337840072623,-0.43327862122973665
1741121520.0,4.146522869800363,-0.433323073550184
1741121580.0,4.1467079045772195,-0.4333675119619735
1741121640.0,4.146892944401499,-0.43341193646361975
1741121700.0,4.147077989271524,-0.4334563470536374
1741121760.0,4.147263039185655,-0.4335007437305466
1741121820.0,4.147448094142217,-0.4335451264928567
1741121880.0,4.147633154139518,-0.4335894953390911
1741121940.0,4.147818219175915,-0.43363385026775775
1741122000.0,4.148003289249717,-0.4336781912773834
1741122060.0,4.148188364359229,-0.4337225183664794
1741122120.0,4.148373444502813,-0.4337668315335674
1741122180.0,4.148558529678791,-0.4338111307771691
1741122240.0,4.148743619885454,-0.43385541609579925
1741122300.0,4.148928715121161,-0.433899687487983
1741122360.0,4.1491138153842195,-0.4339439449522404
1741122420.0,4.149298920672918,-0.43398818848708964
1741122480.0,4.149484030985618,-0.4340324180910576
1741122540.0,4.1496691463206234,-0.4340766337626661
1741122600.0,4.149854266676262,-0.4341208355004367
1741122660.0,4.150039392050803,-0.43416502330289286
1741122720.0,4.150224522442607,-0.4342091971685617
1741122780.0,4.150409657849981,-0.4342533570959665
1741122840.0,4.150594798271234,-0.4342975030836326
1741122900.0,4.150779943704669,-0.4343416351300867
1741122960.0,4.150965094148597,-0.43438575323385775
1741123020.0,4.151150249601339,-0.4344298573934708
1741123080.0,4.151335410061188,-0.4344739476074546
1741123140.0,4.151520575526465,-0.4345180238743396
1741123200.0,4.15170574599548,-0.43456208619264913
1741123260.0,4.151890921466522,-0.43460613456091896
1741123320.0,4.152076101937913,-0.4346501689776778
1741123380.0,4.152261287407929,-0.4346941894414542
1741123440.0,4.152446477874908,-0.43473819595078234
1741123500.0,4.152631673337107,-0.4347821885041923
1741123560.0,4.152816873792868,-0.43482616710021654
1741123620.0,4.153002079240481,-0.434870131737389
1741123680.0,4.153187289678233,-0.4349140824142468
1741123740.0,4.153372505104416,-0.434958019129319
1741123800.0,4.153557725517354,-0.43500194188114444
1741123860.0,4.153742950915318,-0.4350458506682537
1741123920.0,4.1539281812966,-0.43508974548918766
1741123980.0,4.154113416659504,-0.4351336263424803
1741124040.0,4.154298657002321,-0.4351774932266707
1741124100.0,4.154483902323341,-0.43522134614029806
1741124160.0,4.154669152620854,-0.4352651850818946
1741124220.0,4.154854407893148,-0.4353090100500046
1741124280.0,4.155039668138514,-0.4353528210431673
1741124340.0,4.155224933355222,-0.43539661805991836
1741124400.0,4.155410203541582,-0.43544040109880394
1741124460.0,4.155595478695881,-0.43548417015836494
1741124520.0,4.155780758816376,-0.4355279252371387
1741124580.0,4.155966043901372,-0.4355716663336714
1741124640.0,4.156151333949142,-0.4356153934465075
1741124700.0,4.156336628957958,-0.4356591065741861
1741124760.0,4.15652192892611,-0.4357028057152533
1741124820.0,4.156707233851886,-0.4357464908682537
1741124880.0,4.15689254373356,-0.4357901620317349
1741124940.0,4.157077858569386,-0.4358338192042397
1741125000.0,4.157263178357672,-0.4358774623843177
1741125060.0,4.157448503096671,-0.43592109157051157
1741125120.0,4.157633832784655,-0.43596470676137444
1741125180.0,4.157819167419916,-0.4360083079554525
1741125240.0,4.158004507000723,-0.43605189515129167
1741125300.0,4.158189851525333,-0.43609546834744534
1741125360.0,4.158375200992017,-0.4361390275424613
1741125420.0,4.15856055539903,-0.43618257273489264
1741125480.0,4.158745914744679,-0.43622610392328726
1741125540.0,4.158931279027202,-0.4362696211061965
1741125600.0,4.159116648244869,-0.4363131242821788
1741125660.0,4.159302022395955,-0.4363566134497802
1741125720.0,4.159487401478694,-0.4364000886075592
1741125780.0,4.159672785491396,-0.436443549754067
1741125840.0,4.159858174432279,-0.4364869968878587
1741125900.0,4.160043568299616,-0.43653043000749064
1741125960.0,4.160228967091678,-0.4365738491115179
1741126020.0,4.160414370806704,-0.43661725419849695
1741126080.0,4.160599779442982,-0.4366606452669845
1741126140.0,4.160785192998731,-0.4367040223155407
1741126200.0,4.160970611472243,-0.43674738534272195
1741126260.0,4.161156034861738,-0.4367907343470833
1741126320.0,4.161341463165503,-0.4368340693271936
1741126380.0,4.161526896381758,-0.43687739028160233
1741126440.0,4.16171233450876,-0.43692069720887666
1741126500.0,4.161897777544779,-0.43696399010757675
1741126560.0,4.162083225488053,-0.4370072689762643
1741126620.0,4.16226867833682,-0.4370505338134978
1741126680.0,4.162454136089351,-0.43709378461784604
1741126740.0,4.162639598743883,-0.43713702138787086
1741126800.0,4.162825066298637,-0.4371802441221341
1741126860.0,4.163010538751884,-0.4372234528192011
1741126920.0,4.163196016101862,-0.437266647477639
1741126980.0,4.163381498346808,-0.43730982809601315
1741127040.0,4.163566985484976,-0.43735299467288874
1741127100.0,4.163752477514586,-0.43739614720683473
1741127160.0,4.1639379744338765,-0.43743928569641466
1741127220.0,4.164123476241119,-0.4374824101402026
1741127280.0,4.1643089829345135,-0.43752552053676574
1741127340.0,4.164494494512301,-0.43756861688466925
1741127400.0,4.1646800109727335,-0.43761169918248904
1741127460.0,4.1648655323140495,-0.4376547674287904
1741127520.0,4.16505105853445,-0.437697821622151
1741127580.0,4.165236589632191,-0.4377408617611361
1741127640.0,4.1654221256055095,-0.43778388784431965
1741127700.0,4.165607666452608,-0.43782689987027945
1741127760.0,4.1657932121717405,-0.43786989783758234
1741127820.0,4.165978762761127,-0.4379128817448061
1741127880.0,4.166164318218987,-0.4379558515905263
1741127940.0,4.166349878543558,-0.43799880737331726
1741128000.0,4.166535443733042,-0.43804174909175464
1741128060.0,4.166721013785694,-0.43808467674441426
1741128120.0,4.1669065886997165,-0.43812759032987364
1741128180.0,4.1670921684733475,-0.4381704898467122
1741128240.0,4.167277753104805,-0.43821337529350574
1741128300.0,4.167463342592274,-0.43825624666883695
1741128360.0,4.167648936934028,-0.4382991039712799
1741128420.0,4.167834536128233,-0.43834194719942104
1741128480.0,4.168020140173145,-0.438384776351836
1741128540.0,4.168205749066965,-0.4384275914271076
1741128600.0,4.168391362807896,-0.43847039242381874
1741128660.0,4.168576981394176,-0.4385131793405521
1741128720.0,4.168762604823989,-0.43855595217588883
1741128780.0,4.168948233095572,-0.4385987109284133
1741128840.0,4.169133866207127,-0.438641455596712
1741128900.0,4.169319504156857,-0.43868418617936583
1741128960.0,4.169505146942982,-0.4387269026749646
1741129020.0,4.169690794563704,-0.4387696050820911
1741129080.0,4.1698764470172245,-0.4388122933993352
1741129140.0,4.170062104301747,-0.43885496762528137
1741129200.0,4.170247766415491,-0.4388976277585158
1741129260.0,4.17043343335664,-0.43894027379763356
1741129320.0,4.170619105123417,-0.4389829057412193
1741129380.0,4.170804781714021,-0.43902552358786084
1741129440.0,4.170990463126638,-0.4390681273361517
1741129500.0,4.1711761493594715,-0.4391107169846814
1741129560.0,4.1713618404107216,-0.43915329253204166
1741129620.0,4.1715475362785925,-0.4391958539768256
1741129680.0,4.171733236961285,-0.4392384013176248
1741129740.0,4.171918942456967,-0.4392809345530326
1741129800.0,4.172104652763878,-0.4393234536816439
1741129860.0,4.172290367880164,-0.4393659587020519
1741129920.0,4.172476087804047,-0.4394084496128518
1741129980.0,4.172661812533694,-0.4394509264126403
1741130040.0,4.172847542067326,-0.4394933891000123
1741130100.0,4.173033276403109,-0.43953583767356635
1741130160.0,4.173219015539244,-0.4395782721318975
1741130220.0,4.173404759473919,-0.4396206924736043
1741130280.0,4.173590508205299,-0.43966309869729037
1741130340.0,4.1737762617316045,-0.43970549080154725
1741130400.0,4.173962020050986,-0.43974786878498057
1741130460.0,4.174147783161645,-0.43979023264618683
1741130520.0,4.174333551061768,-0.43983258238377
1741130580.0,4.17451932374952,-0.43987491799633016
1741130640.0,4.174705101223087,-0.43991723948247285
1741130700.0,4.1748908834806535,-0.4399595468407984
1741130760.0,4.175076670520405,-0.44000184006990867
1741130820.0,4.175262462340509,-0.440044119168411
1741130880.0,4.175448258939115,-0.4400863841349056
1741130940.0,4.175634060314461,-0.44012863496800314
1741131000.0,4.17581986646466,-0.44017087166630736
1741131060.0,4.1760056773879155,-0.4402130942284255
1741131120.0,4.176191493082396,-0.44025530265296137
1741131180.0,4.1763773135462845,-0.44029749693852727
1741131240.0,4.1765631387777145,-0.44033967708372895
1741131300.0,4.1767489687748895,-0.4403818430871751
1741131360.0,4.176934803535974,-0.4404239949474766
1741131420.0,4.17712064305912,-0.44046613266324236
1741131480.0,4.177306487342495,-0.4405082562330848
1741131540.0,4.177492336384283,-0.44055036565561306
1741131600.0,4.177678190182634,-0.44059246092944293
1741131660.0,4.177864048735716,-0.4406345420531817
1741131720.0,4.178049912041678,-0.4406766090254471
1741131780.0,4.178235780098689,-0.44071866184485153
1741131840.0,4.178421652904915,-0.4407607005100057
1741131900.0,4.178607530458506,-0.4408027250195292
1741131960.0,4.178793412757648,-0.4408447353720378
1741132020.0,4.178979299800455,-0.44088673156614583
1741132080.0,4.179165191585112,-0.4409287136004708
1741132140.0,4.179351088109751,-0.440970681473629
1741132200.0,4.179536989372559,-0.4410126351842413
1741132260.0,4.179722895371666,-0.441054574730922
1741132320.0,4.179908806105223,-0.44109650011229246
1741132380.0,4.18009472157138,-0.4411384113269737
1741132440.0,4.180280641768321,-0.44118030837358685
1741132500.0,4.180466566694145,-0.4412221912507515
1741132560.0,4.180652496347037,-0.44126405995708706
1741132620.0,4.18083843072511,-0.44130591449122175
1741132680.0,4.181024369826551,-0.4413477548517731
1741132740.0,4.181210313649474,-0.4413895810373659
1741132800.0,4.181396262192028,-0.44143139304662665
1741132860.0,4.181582215452365,-0.44147319087817644
1741132920.0,4.181768173428634,-0.44151497453064337
1741132980.0,4.181954136118967,-0.44155674400265404
1741133040.0,4.18214010352148,-0.4415984992928313
1741133100.0,4.182326075634357,-0.441640240399805
1741133160.0,4.182512052455697,-0.44168196732220344
1741133220.0,4.182698033983665,-0.44172368005865476
1741133280.0,4.182884020216378,-0.4417653786077853
1741133340.0,4.183070011151986,-0.4418070629682303
1741133400.0,4.183256006788603,-0.4418487331386144
1741133460.0,4.18344200712438,-0.441890389117571
1741133520.0,4.183628012157447,-0.44193203090373356
1741133580.0,4.183814021885922,-0.4419736584957267
1741133640.0,4.184000036307954,-0.44201527189219253
1741133700.0,4.184186055421659,-0.4420568710917594
1741133760.0,4.184372079225167,-0.44209845609306225
1741133820.0,4.1845581077166125,-0.4421400268947346
1741133880.0,4.18474414089411,-0.4421815834954133
1741133940.0,4.184930178755791,-0.44222312589373175
1741134000.0,4.185116221299772,-0.44226465408832866
1741134060.0,4.185302268524203,-0.44230616807784084
1741134120.0,4.185488320427163,-0.4423476678609053
1741134180.0,4.185674377006803,-0.4423891534361588
1741134240.0,4.185860438261237,-0.4424306248022436
1741134300.0,4.186046504188582,-0.44247208195779825
1741134360.0,4.18623257478695,-0.44251352490145973
1741134420.0,4.186418650054477,-0.44255495363187186
1741134480.0,4.186604729989257,-0.442596368147675
1741134540.0,4.186790814589407,-0.4426377684475096
1741134600.0,4.1869769038530595,-0.4426791545300213
1741134660.0,4.187162997778312,-0.44272052639385223
1741134720.0,4.18734909636328,-0.4427618840376427
1741134780.0,4.187535199606078,-0.4428032274600419
1741134840.0,4.1877213075048205,-0.44284455665969363
1741134900.0,4.187907420057606,-0.4428858716352454
1741134960.0,4.188093537262531,-0.44292717238533746
1741135020.0,4.188279659117729,-0.44296845890862074
1741135080.0,4.188465785621298,-0.44300973120374254
1741135140.0,4.188651916771317,-0.4430509892693504
1741135200.0,4.188838052565936,-0.4430922331040932
1741135260.0,4.189024193003236,-0.443133462706622
1741135320.0,4.189210338081296,-0.443174678075584
1741135380.0,4.18939648779825,-0.44321587920963024
1741135440.0,4.189582642152194,-0.44325706610741317
1741135500.0,4.18976880114121,-0.44329823876758373
1741135560.0,4.189954964763411,-0.4433393971887945
1741135620.0,4.190141133016878,-0.4433805413696999
1741135680.0,4.190327305899727,-0.4434216713089542
1741135740.0,4.1905134834100535,-0.44346278700520647
1741135800.0,4.190699665545923,-0.4435038884571182
1741135860.0,4.190885852305465,-0.4435449756633419
1741135920.0,4.191072043686726,-0.44358604862253187
1741135980.0,4.1912582396878575,-0.44362710733334776
1741136040.0,4.191444440306902,-0.44366815179444397
1741136100.0,4.191630645541959,-0.4437091820044852
1741136160.0,4.191816855391125,-0.44375019796212245
1741136220.0,4.192003069852481,-0.44379119966601693
1741136280.0,4.192189288924125,-0.4438321871148318
1741136340.0,4.192375512604118,-0.44387316030722485
1741136400.0,4.192561740890558,-0.4439141192418575
1741136460.0,4.192747973781544,-0.4439550639173927
1741136520.0,4.192934211275137,-0.4439959943324918
1741136580.0,4.193120453369419,-0.44403691048581795
1741136640.0,4.193306700062485,-0.444077812376036
1741136700.0,4.193492951352383,-0.4441187000018072
1741136760.0,4.193679207237226,-0.4441595733617982
1741136820.0,4.193865467715079,-0.44420043245467544
1741136880.0,4.194051732784019,-0.44424127727910556
1741136940.0,4.194238002442111,-0.44428210783375344
1741137000.0,4.194424276687451,-0.4443229241172856
1741137060.0,4.194610555518086,-0.44436372612837377
1741137120.0,4.194796838932095,-0.4444045138656846
1741137180.0,4.194983126927576,-0.4444452873278847
1741137240.0,4.195169419502556,-0.4444860465136475
1741137300.0,4.195355716655134,-0.4445267914216432
1741137360.0,4.195542018383371,-0.4445675220505417
1741137420.0,4.195728324685331,-0.4446082383990132
1741137480.0,4.1959146355590935,-0.44464894046573467
1741137540.0,4.1961009510027045,-0.44468962824937613
1741137600.0,4.196287271014226,-0.4447303017486095
1741137660.0,4.196473595591756,-0.4447709609621135
1741137720.0,4.196659924733321,-0.44481160588855995
1741137780.0,4.196846258436985,-0.4448522365266241
1741137840.0,4.197032596700828,-0.44489285287498476
1741137900.0,4.1972189395228945,-0.4449334549323173
1741137960.0,4.197405286901248,-0.44497404269729857
1741138020.0,4.197591638833952,-0.4450146161686058
1741138080.0,4.19777799531905,-0.44505517534492123
1741138140.0,4.197964356354605,-0.44509572022491845
1741138200.0,4.198150721938663,-0.44513625080728303
1741138260.0,4.198337092069303,-0.4451767670906939
1741138320.0,4.198523466744537,-0.44521726907382986
1741138380.0,4.198709845962443,-0.4452577567553749
1741138440.0,4.198896229721086,-0.4452982301340113
1741138500.0,4.199082618018474,-0.44533868920842135
1741138560.0,4.199269010852672,-0.44537913397728723
1741138620.0,4.199455408221759,-0.4454195644392966
1741138680.0,4.199641810123727,-0.44545998059313513
1741138740.0,4.199828216556657,-0.44550038243748513
1741138800.0,4.2000146275186125,-0.4455407699710341
1741138860.0,4.200201043007585,-0.44558114319246783
1741138920.0,4.200387463021638,-0.44562150210047563
1741138980.0,4.200573887558834,-0.4456618466937448
1741139040.0,4.2007603166172,-0.4457021769709648
1741139100.0,4.200946750194765,-0.44574249293082313
1741139160.0,4.201133188289575,-0.44578279457201075
1741139220.0,4.201319630899654,-0.4458230818932186
1741139280.0,4.201506078023069,-0.44586335489313783
1741139340.0,4.201692529657845,-0.44590361357046104
1741139400.0,4.201878985801994,-0.4459438579238793
1741139460.0,4.202065446453577,-0.44598408795208716
1741139520.0,4.202251911610624,-0.44602430365377904
1741139580.0,4.20243838127116,-0.4460645050276459
1741139640.0,4.202624855433198,-0.4461046920723858
1741139700.0,4.2028113340947995,-0.4461448647866967
1741139760.0,4.202997817253975,-0.4461850231692696
1741139820.0,4.203184304908752,-0.4462251672188008
1741139880.0,4.203370797057158,-0.4462652969339952
1741139940.0,4.203557293697221,-0.44630541231354554
1741140000.0,4.203743794826969,-0.4463455133561515
1741140060.0,4.20393030044443,-0.44638560006051303
1741140120.0,4.204116810547615,-0.4464256724253313
1741140180.0,4.204303325134567,-0.4464657304493063
1741140240.0,4.20448984420328,-0.4465057741311377
1741140300.0,4.204676367751783,-0.4465458034695303
1741140360.0,4.204862895778085,-0.4465858184631858
1741140420.0,4.205049428280231,-0.44662581911080723
1741140480.0,4.2052359652562155,-0.44666580541109796
1741140540.0,4.205422506704064,-0.4467057773627628
1741140600.0,4.2056090526218055,-0.4467457349645104
1741140660.0,4.205795603007416,-0.4467856782150421
1741140720.0,4.20598215785894,-0.4468256071130664
1741140780.0,4.206168717174387,-0.4468655216572865
1741140840.0,4.206355280951751,-0.4469054218464178
1741140900.0,4.206541849189043,-0.4469453076791619
1741140960.0,4.206728421884307,-0.4469851791542342
1741141020.0,4.206914999035501,-0.4470250362703395
1741141080.0,4.20710158064067,-0.4470648790261882
1741141140.0,4.207288166697809,-0.44710470742049213
1741141200.0,4.207474757204926,-0.4471445214519651
1741141260.0,4.207661352159996,-0.44718432111931716
1741141320.0,4.2078479515610665,-0.44722410642126215
1741141380.0,4.208034555406112,-0.4472638773565102
1741141440.0,4.2082211636931595,-0.4473036339237819
1741141500.0,4.208407776420168,-0.4473433761217859
1741141560.0,4.208594393585165,-0.447383103949241
1741141620.0,4.20878101518616,-0.44742281740486434
1741141680.0,4.208967641221129,-0.44746251648736973
1741141740.0,4.209154271688066,-0.44750220119547435
1741141800.0,4.209340906584979,-0.4475418715278987
1741141860.0,4.209527545909845,-0.44758152748336016
1741141920.0,4.2097141896606916,-0.4476211690605776
1741141980.0,4.209900837835477,-0.44766079625827343
1741142040.0,4.21008749043221,-0.44770040907516473
1741142100.0,4.210274147448885,-0.4477400075099741
1741142160.0,4.210460808883478,-0.4477795915614239
1741142220.0,4.21064747473398,-0.44781916122823473
1741142280.0,4.210834144998385,-0.4478587165091343
1741142340.0,4.211020819674669,-0.4478982574028415
1741142400.0,4.2112074987608406,-0.44793778390808237
1741142460.0,4.211394182254859,-0.4479772960235844
1741142520.0,4.211580870154716,-0.4480167937480683
1741142580.0,4.211767562458406,-0.448056277080267
1741142640.0,4.211954259163903,-0.44809574601890123
1741142700.0,4.212140960269184,-0.44813520056270206
1741142760.0,4.212327665772222,-0.44817464071039537
1741142820.0,4.212514375670995,-0.4482140664607123
1741142880.0,4.212701089963513,-0.4482534778123807
1741142940.0,4.212887808647732,-0.44829287476413315
1741143000.0,4.213074531721611,-0.4483322573146993
1741143060.0,4.2132612591831435,-0.4483716254628102
1741143120.0,4.213447991030322,-0.44841097920720047
1741143180.0,4.213634727261069,-0.44845031854659606
1741143240.0,4.213821467873396,-0.4484896434797386
1741143300.0,4.214008212865277,-0.4485289540053574
1741143360.0,4.214194962234654,-0.4485682501221907
1741143420.0,4.214381715979519,-0.44860753182896956
1741143480.0,4.214568474097829,-0.44864679912443217
1741143540.0,4.2147552365875605,-0.44868605200731665
1741143600.0,4.214942003446672,-0.44872529047635756
1741143660.0,4.215128774673138,-0.4487645145302948
1741143720.0,4.2153155502649,-0.44880372416786485
1741143780.0,4.215502330219933,-0.44884291938780924
1741143840.0,4.215689114536229,-0.44888210018886954
1741143900.0,4.215875903211711,-0.4489212665697823
1741143960.0,4.216062696244339,-0.4489604185292889
1741144020.0,4.2162494936321036,-0.448999556066133
1741144080.0,4.2164362953729295,-0.4490386791790577
1741144140.0,4.216623101464791,-0.449077787866803
1741144200.0,4.2168099119056635,-0.4491168821281157
1741144260.0,4.216996726693472,-0.44915596196174096
1741144320.0,4.217183545826171,-0.44919502736642036
1741144380.0,4.217370369301739,-0.4492340783409025
1741144440.0,4.217557197118115,-0.4492731148839325
1741144500.0,4.2177440292732395,-0.4493121369942572
1741144560.0,4.217930865765072,-0.44935114467062354
1741144620.0,4.218117706591569,-0.4493901379117817
1741144680.0,4.2183045517506885,-0.4494291167164821
1741144740.0,4.218491401240354,-0.44946808108347164
1741144800.0,4.218678255058523,-0.44950703101150064
1741144860.0,4.218865113203137,-0.4495459664993212
1741144920.0,4.219051975672152,-0.44958488754568365
1741144980.0,4.219238842463511,-0.4496237941493418
1741145040.0,4.219425713575135,-0.4496626863090477
1741145100.0,4.219612589005001,-0.4497015640235536
1741145160.0,4.219799468751031,-0.4497404272916167
1741145220.0,4.219986352811149,-0.44977927611198903
1741145280.0,4.2201732411833115,-0.4498181104834246
1741145340.0,4.220360133865477,-0.4498569304046859
1741145400.0,4.220547030855553,-0.4498957358745249
1741145460.0,4.220733932151477,-0.4499345268917009
1741145520.0,4.2209208377511915,-0.44997330345496916
1741145580.0,4.221107747652637,-0.45001206556309264
1741145640.0,4.221294661853735,-0.45005081321482837
1741145700.0,4.221481580352427,-0.45008954640893545
1741145760.0,4.221668503146654,-0.4501282651441766
1741145820.0,4.221855430234322,-0.4501669694193125
1741145880.0,4.2220423616133695,-0.45020565923310396
1741145940.0,4.222229297281738,-0.4502443345843171
1741146000.0,4.2224162372373515,-0.4502829954717093
1741146060.0,4.222603181478115,-0.4503216418940499
1741146120.0,4.222790130001968,-0.4503602738501034
1741146180.0,4.222977082806852,-0.4503988913386306
1741146240.0,4.223164039890674,-0.45043749435840263
1741146300.0,4.223351001251336,-0.4504760829081805
1741146360.0,4.223537966886816,-0.4505146569867388
1741146420.0,4.2237249367949845,-0.45055321659283853
1741146480.0,4.223911910973782,-0.4505917617252526
1741146540.0,4.224098889421113,-0.4506302923827489
1741146600.0,4.224285872134919,-0.45066880856409686
1741146660.0,4.224472859113089,-0.4507073102680679
1741146720.0,4.224659850353561,-0.4507457974934297
1741146780.0,4.224846845854261,-0.4507842702389605
1741146840.0,4.2250338456130745,-0.45082272850342653
1741146900.0,4.225220849627909,-0.4508611722856059
1741146960.0,4.225407857896721,-0.45089960158427006
1741147020.0,4.225594870417383,-0.4509380163981936
1741147080.0,4.225781887187815,-0.45097641672615135
1741147140.0,4.225968908205926,-0.4510148025669182
1741147200.0,4.226155933469638,-0.451053173919274
1741147260.0,4.2263429629768385,-0.4510915307819955
1741147320.0,4.226529996725451,-0.4511298731538555
1741147380.0,4.226717034713364,-0.45116820103363764
1741147440.0,4.226904076938499,-0.4512065144201166
1741147500.0,4.227091123398746,-0.45124481331207594
1741147560.0,4.227278174092009,-0.451283097708294
1741147620.0,4.227465229016213,-0.4513213676075542
1741147680.0,4.227652288169227,-0.4513596230086366
1741147740.0,4.227839351548957,-0.45139786391032294
1741147800.0,4.228026419153309,-0.45143609031139664
1741147860.0,4.228213490980207,-0.45147430221064305
1741147920.0,4.228400567027502,-0.4515124996068439
1741147980.0,4.228587647293101,-0.4515506824987863
1741148040.0,4.2287747317749265,-0.4515888508852553
1741148100.0,4.228961820470832,-0.4516270047650346
1741148160.0,4.229148913378758,-0.4516651441369145
1741148220.0,4.229336010496558,-0.4517032689996821
1741148280.0,4.229523111822137,-0.45174137935212616
1741148340.0,4.229710217353384,-0.4517794751930337
1741148400.0,4.229897327088187,-0.45181755652119676
1741148460.0,4.2300844410244505,-0.4518556233354026
1741148520.0,4.230271559160029,-0.45189367563444494
1741148580.0,4.230458681492845,-0.45193171341711624
1741148640.0,4.230645808020769,-0.45196973668220514
1741148700.0,4.230832938741672,-0.45200774542850736
1741148760.0,4.2310200736534425,-0.45204573965481515
1741148820.0,4.231207212753986,-0.45208371935992414
1741148880.0,4.231394356041172,-0.45212168454263024
1741148940.0,4.231581503512857,-0.45215963520172375
1741149000.0,4.2317686551669595,-0.45219757133600574
1741149060.0,4.2319558110013356,-0.4522354929442719
1741149120.0,4.2321429710138725,-0.45227340002531974
1741149180.0,4.232330135202442,-0.4523112925779484
1741149240.0,4.232517303564913,-0.4523491706009554
1741149300.0,4.232704476099176,-0.45238703409313996
1741149360.0,4.232891652803099,-0.4524248830533064
1741149420.0,4.233078833674555,-0.45246271748024885
1741149480.0,4.233266018711414,-0.4525005373727753
1741149540.0,4.233453207911547,-0.4525383427296848
1741149600.0,4.233640401272822,-0.4525761335497801
1741149660.0,4.2338275987931135,-0.4526139098318657
1741149720.0,4.23401480047029,-0.452651671574746
1741149780.0,4.234202006302223,-0.4526894187772238
1741149840.0,4.234389216286783,-0.4527271514381086
1741149900.0,4.234576430421806,-0.452764869556205
1741149960.0,4.23476364870518,-0.45280257313031563
1741150020.0,4.234950871134775,-0.45284026215925377
1741150080.0,4.235138097708464,-0.4528779366418273
1741150140.0,4.235325328424062,-0.4529155965768423
1741150200.0,4.235512563279459,-0.45295324196310865
1741150260.0,4.235699802272525,-0.45299087279943945
1741150320.0,4.235887045401115,-0.45302848908464255
1741150380.0,4.236074292663063,-0.45306609081753124
1741150440.0,4.23626154405624,-0.45310367799691514
1741150500.0,4.236448799578517,-0.453141250621611
1741150560.0,4.236636059227747,-0.4531788086904301
1741150620.0,4.236823323001767,-0.45321635220218753
1741150680.0,4.237010590898429,-0.45325388115569815
1741150740.0,4.237197862915603,-0.4532913955497786
1741150800.0,4.237385139051126,-0.45332889538324206
1741150860.0,4.237572419302869,-0.453366380654907
1741150920.0,4.237759703668649,-0.45340385136359174
1741150980.0,4.237946992146355,-0.4534413075081147
1741151040.0,4.238134284733806,-0.45347874908729435
1741151100.0,4.238321581428837,-0.45351617609994915
1741151160.0,4.238508882229335,-0.45355358854490085
1741151220.0,4.238696187133103,-0.453590986420968
1741151280.0,4.238883496138028,-0.4536283697269759
1741151340.0,4.239070809241912,-0.45366573846174657
1741151400.0,4.239258126442623,-0.4537030926241
1741151460.0,4.239445447737983,-0.45374043221286176
1741151520.0,4.239632773125859,-0.4537777572268536
1741151580.0,4.239820102604073,-0.4538150676649062
1741151640.0,4.24000743617044,-0.453852363525838
1741151700.0,4.24019477382285,-0.4538896448084814
1741151760.0,4.240382115559104,-0.45392691151166
1741151820.0,4.240569461377038,-0.45396416363420267
1741151880.0,4.240756811274503,-0.4540014011749366
1741151940.0,4.24094416524932,-0.45403862413269236
1741152000.0,4.241131523299305,-0.45407583250629713
1741152060.0,4.2413188854223325,-0.45411302629458683
1741152120.0,4.241506251616216,-0.45415020549638496
1741152180.0,4.24169362187876,-0.45418737011052923
1741152240.0,4.241880996207833,-0.4542245201358486
1741152300.0,4.242068374601238,-0.4542616555711787
1741152360.0,4.2422557570568085,-0.4542987764153504
1741152420.0,4.2424431435723635,-0.45433588266719943
1741152480.0,4.242630534145722,-0.45437297432556173
1741152540.0,4.242817928774738,-0.4544100513892714
1741152600.0,4.243005327457229,-0.45444711385716596
1741152660.0,4.243192730190977,-0.4544841617280814
1741152720.0,4.243380136973854,-0.454521195000857
1741152780.0,4.243567547803644,-0.45455821367433047
1741152840.0,4.243754962678199,-0.4545952177473411
1741152900.0,4.2439423815953035,-0.4546322072187281
1741152960.0,4.24412980455281,-0.4546691820873328
1741153020.0,4.244317231548504,-0.45470614235199625
1741153080.0,4.244504662580217,-0.4547430880115595
1741153140.0,4.244692097645771,-0.4547800190648671
1741153200.0,4.244879536742966,-0.45481693551075675
1741153260.0,4.24506697986962,-0.45485383734808
1741153320.0,4.245254427023533,-0.4548907245756744
1741153380.0,4.245441878202543,-0.4549275971923881
1741153440.0,4.245629333404449,-0.45496445519707096
1741153500.0,4.245816792627053,-0.45500129858856225
1741153560.0,4.246004255868155,-0.4550381273657154
1741153620.0,4.246191723125592,-0.4550749415273714
1741153680.0,4.246379194397146,-0.45511174107238533
1741153740.0,4.246566669680636,-0.45514852599960354
1741153800.0,4.246754148973846,-0.45518529630787763
1741153860.0,4.24694163227461,-0.45522205199605914
1741153920.0,4.2471291195807135,-0.45525879306299266
1741153980.0,4.247316610889956,-0.4552955195075368
1741154040.0,4.247504106200157,-0.4553322313285414
1741154100.0,4.247691605509082,-0.45536892852486316
1741154160.0,4.2478791088145655,-0.45540561109535016
1741154220.0,4.248066616114393,-0.4554422790388646
1741154280.0,4.248254127406347,-0.4554789323542544
1741154340.0,4.248441642688246,-0.45551557104038
1741154400.0,4.248629161957873,-0.4555521950960964
1741154460.0,4.248816685213029,-0.45558880452026207
1741154520.0,4.249004212451515,-0.45562539931173746
1741154580.0,4.249191743671097,-0.4556619794693741
1741154640.0,4.249379278869593,-0.45569854499203916
1741154700.0,4.249566818044788,-0.45573509587858785
1741154760.0,4.249754361194446,-0.45577163212788385
1741154820.0,4.249941908316404,-0.4558081537387875
1741154880.0,4.250129459408409,-0.45584466071016094
1741154940.0,4.250317014468264,-0.45588115304086607
1741155000.0,4.250504573493769,-0.4559176307297685
1741155060.0,4.250692136482671,-0.45595409377573026
1741155120.0,4.250879703432791,-0.4559905421776186
1741155180.0,4.251067274341912,-0.45602697593429736
1741155240.0,4.25125484920778,-0.4560633950446321
1741155300.0,4.2514424280282155,-0.45609979950749346
1741155360.0,4.251630010800984,-0.45613618932174543
1741155420.0,4.2518175975238695,-0.45617256448625687
1741155480.0,4.252005188194636,-0.4562089249998986
1741155540.0,4.252192782811069,-0.456245270861538
1741155600.0,4.25238038137097,-0.4562816020700456
1741155660.0,4.252567983872067,-0.45631791862429416
1741155720.0,4.252755590312181,-0.45635422052315433
1741155780.0,4.25294320068906,-0.45639050776550044
1741155840.0,4.253130815000486,-0.45642678035020323
1741155900.0,4.253318433244245,-0.456463038276137
1741155960.0,4.2535060554180655,-0.45649928154217584
1741156020.0,4.253693681519767,-0.456535510147196
1741156080.0,4.253881311547098,-0.4565717240900751
1741156140.0,4.254068945497825,-0.4566079233696839
1741156200.0,4.254256583369713,-0.4566441079849038
1741156260.0,4.254444225160528,-0.4566802779346123
1741156320.0,4.254631870868055,-0.45671643321768735
1741156380.0,4.254819520490058,-0.4567525738330101
1741156440.0,4.255007174024269,-0.4567886997794566
1741156500.0,4.255194831468471,-0.45682481105591155
1741156560.0,4.255382492820448,-0.45686090766125276
1741156620.0,4.255570158077913,-0.4568969895943649
1741156680.0,4.255757827238668,-0.456933056854131
1741156740.0,4.25594550030046,-0.4569691094394323
1741156800.0,4.256133177261057,-0.45700514734915354
1741156860.0,4.256320858118187,-0.45704117058217947
1741156920.0,4.2565085428696365,-0.45707717913739476
1741156980.0,4.2566962315131525,-0.45711317301368765
1741157040.0,4.256883924046483,-0.4571491522099447
1741157100.0,4.257071620467379,-0.4571851167250505
1741157160.0,4.257259320773621,-0.4572210665578952
1741157220.0,4.257447024962924,-0.4572570017073704
1741157280.0,4.257634733033072,-0.45729292217236084
1741157340.0,4.2578224449817945,-0.45732882795176
1741157400.0,4.258010160806859,-0.45736471904445786
1741157460.0,4.258197880505996,-0.4574005954493444
1741157520.0,4.258385604076953,-0.4574364571653148
1741157580.0,4.25857333151748,-0.4574723041912607
1741157640.0,4.258761062825343,-0.45750813652607575
1741157700.0,4.258948797998272,-0.45754395416865495
1741157760.0,4.259136537033999,-0.457579757117892
1741157820.0,4.259324279930272,-0.4576155453726836
1741157880.0,4.259512026684857,-0.4576513189319269
1741157940.0,4.2596997772954674,-0.45768707779451695
1741158000.0,4.259887531759853,-0.4577228219593526
1741158060.0,4.260075290075761,-0.4577585514253359
1741158120.0,4.260263052240905,-0.4577942661913604
1741158180.0,4.260450818253052,-0.4578299662563282
1741158240.0,4.260638588109932,-0.45786565161914156
1741158300.0,4.260826361809293,-0.45790132227870095
1741158360.0,4.261014139348816,-0.45793697823390506
1741158420.0,4.2612019207263,-0.45797261948366297
1741158480.0,4.261389705939442,-0.4580082460268717
1741158540.0,4.261577494985991,-0.45804385786243856
1741158600.0,4.261765287863659,-0.45807945498926944
1741158660.0,4.261953084570195,-0.4581150374062664
1741158720.0,4.262140885103314,-0.45815060511233685
1741158780.0,4.262328689460762,-0.4581861581063883
1741158840.0,4.262516497640256,-0.45822169638732807
1741158900.0,4.262704309639524,-0.4582572199540654
1741158960.0,4.262892125456283,-0.45829272880550764
1741159020.0,4.2630799450882595,-0.45832822294056413
1741159080.0,4.263267768533205,-0.4583637023581456
1741159140.0,4.263455595788815,-0.4583991670571647
1741159200.0,4.263643426852822,-0.4584346170365308
1741159260.0,4.263831261722937,-0.4584700522951581
1741159320.0,4.264019100396893,-0.45850547283195936
1741159380.0,4.264206942872403,-0.45854087864584725
1741159440.0,4.264394789147198,-0.45857626973573434
1741159500.0,4.264582639218974,-0.45861164610054034
1741159560.0,4.264770493085462,-0.45864700773917966
1741159620.0,4.264958350744376,-0.45868235465056845
1741159680.0,4.26514621219343,-0.4587176868336211
1741159740.0,4.265334077430337,-0.45875300428725896
1741159800.0,4.265521946452811,-0.4587883070104
1741159860.0,4.265709819258565,-0.45882359500196385
1741159920.0,4.265897695845314,-0.45885886826087013
1741159980.0,4.266085576210769,-0.45889412678603836
1741160040.0,4.266273460352647,-0.4589293705763919
1741160100.0,4.266461348268624,-0.458964599630852
1741160160.0,4.266649239956432,-0.45899981394834005
1741160220.0,4.266837135413785,-0.459035013527781
1741160280.0,4.267025034638379,-0.4590701983680996
1741160340.0,4.267212937627927,-0.45910536846822086
1741160400.0,4.267400844380108,-0.4591405238270678
1741160460.0,4.267588754892671,-0.4591756644435707
1741160520.0,4.2677766691632595,-0.4592107903166543
1741160580.0,4.267964587189639,-0.45924590144524513
1741160640.0,4.268152508969455,-0.45928099782827525
1741160700.0,4.268340434500454,-0.45931607946466774
1741160760.0,4.26852836378028,-0.4593511463533561
1741160820.0,4.268716296806684,-0.4593861984932723
1741160880.0,4.2689042335773415,-0.4594212358833464
1741160940.0,4.26909217408995,-0.4594562585225086
1741161000.0,4.2692801183422056,-0.4594912664096923
1741161060.0,4.269468066331787,-0.4595262595438331
1741161120.0,4.269656018056426,-0.4595612379238609
1741161180.0,4.269843973513765,-0.45959620154871295
1741161240.0,4.270031932701537,-0.4596311504173228
1741161300.0,4.270219895617418,-0.45966608452863095
1741161360.0,4.2704078622590895,-0.45970100388156765
1741161420.0,4.270595832624263,-0.4597359084750752
1741161480.0,4.270783806710619,-0.4597707983080906
1741161540.0,4.270971784515817,-0.45980567337955275
1741161600.0,4.27115976603759,-0.4598405336883988
1741161660.0,4.271347751273579,-0.45987537923357447
1741161720.0,4.271535740221483,-0.45991021001401344
1741161780.0,4.271723732879015,-0.45994502602866505
1741161840.0,4.271911729243818,-0.4599798272764645
1741161900.0,4.272099729313605,-0.46001461375635777
1741161960.0,4.272287733086039,-0.46004938546729407
1741162020.0,4.272475740558798,-0.46008414240820883
1741162080.0,4.27266375172956,-0.46011888457805306
1741162140.0,4.272851766596022,-0.4601536119757708
1741162200.0,4.273039785155846,-0.46018832460030795
1741162260.0,4.273227807406709,-0.46022302245061375
1741162320.0,4.2734158333463075,-0.46025770552563405
1741162380.0,4.273603862972287,-0.4602923738243182
1741162440.0,4.273791896282324,-0.4603270273456155
1741162500.0,4.2739799332741155,-0.46036166608847867
1741162560.0,4.274167973945323,-0.46039629005185534
1741162620.0,4.274356018293625,-0.4604308992346984
1741162680.0,4.274544066316666,-0.4604654936359587
1741162740.0,4.274732118012123,-0.4605000732545909
1741162800.0,4.274920173377693,-0.46053463808954787
1741162860.0,4.275108232411005,-0.4605691881397823
1741162920.0,4.275296295109769,-0.4606037234042506
1741162980.0,4.275484361471611,-0.46063824388191077
1741163040.0,4.275672431494213,-0.4606727495717155
1741163100.0,4.275860505175234,-0.46070724047262296
1741163160.0,4.276048582512353,-0.4607417165835928
1741163220.0,4.276236663503215,-0.4607761779035833
1741163280.0,4.276424748145497,-0.4608106244315504
1741163340.0,4.276612836436843,-0.46084505616645943
1741163400.0,4.276800928374917,-0.46087947310726485
1741163460.0,4.276989023957394,-0.46091387525293337
1741163520.0,4.27717712318192,-0.4609482626024248
1741163580.0,4.277365226046137,-0.4609826351547024
1741163640.0,4.2775533325477255,-0.4610169929087277
1741163700.0,4.277741442684347,-0.46105133586346575
1741163760.0,4.277929556453626,-0.46108566401788337
1741163820.0,4.2781176738532425,-0.4611199773709454
1741163880.0,4.278305794880822,-0.46115427592161706
1741163940.0,4.278493919534045,-0.46118855966886674
1741164000.0,4.278682047810553,-0.4612228286116595
1741164060.0,4.278870179707974,-0.4612570827489674
1741164120.0,4.279058315224003,-0.461291322079757
1741164180.0,4.27924645435625,-0.4613255466030005
1741164240.0,4.279434597102376,-0.46135975631766635
1741164300.0,4.279622743460024,-0.4613939512227248
1741164360.0,4.2798108934268555,-0.4614281313171513
1741164420.0,4.279999047000498,-0.4614622965999163
1741164480.0,4.280187204178594,-0.46149644706999327
1741164540.0,4.280375364958806,-0.4615305827263561
1741164600.0,4.280563529338741,-0.46156470356798024
1741164660.0,4.280751697316079,-0.4615988095938413
1741164720.0,4.280939868888447,-0.46163290080291464
1741164780.0,4.281128044053488,-0.46166697719417926
1741164840.0,4.281316222808828,-0.46170103876661067
1741164900.0,4.281504405152093,-0.46173508551918613
1741164960.0,4.2816925910809625,-0.4617691174508881
1741165020.0,4.281880780593046,-0.46180313456069555
1741165080.0,4.282068973685987,-0.4618371368475875
1741165140.0,4.28225717035741,-0.4618711243105446
1741165200.0,4.282445370604944,-0.46190509694855114
1741165260.0,4.282633574426249,-0.46193905476058783
1741165320.0,4.282821781818934,-0.4619729977456388
1741165380.0,4.2830099927806256,-0.4620069259026867
1741165440.0,4.283198207308984,-0.46204083923071737
1741165500.0,4.283386425401601,-0.4620747377287186
1741165560.0,4.28357464705614,-0.46210862139567277
1741165620.0,4.28376287227019,-0.4621424902305693
1741165680.0,4.283951101041412,-0.4621763442323943
1741165740.0,4.284139333367417,-0.46221018340013714
1741165800.0,4.284327569245829,-0.4622440077327855
1741165860.0,4.2845158086742945,-0.4622778172293307
1741165920.0,4.284704051650386,-0.4623116118887603
1741165980.0,4.284892298171782,-0.46234539171006916
1741166040.0,4.285080548236056,-0.4623791566922465
1741166100.0,4.285268801840871,-0.462412906834289
1741166160.0,4.285457058983817,-0.4624466421351825
1741166220.0,4.285645319662521,-0.4624803625939251
1741166280.0,4.285833583874626,-0.4625140682095169
1741166340.0,4.286021851617708,-0.46254775898094386
1741166400.0,4.28621012288939,-0.4625814349072057
1741166460.0,4.286398397687319,-0.46261509598730255
1741166520.0,4.286586676009085,-0.4626487422202272
1741166580.0,4.286774957852297,-0.4626823736049832
1741166640.0,4.286963243214582,-0.4627159901405635
1741166700.0,4.287151532093548,-0.4627495918259714
1741166760.0,4.287339824486804,-0.4627831786602086
1741166820.0,4.2875281203919595,-0.46281675064227173
1741166880.0,4.287716419806641,-0.4628503077711656
1741166940.0,4.287904722728421,-0.46288385004589394
1741167000.0,4.288093029154945,-0.4629173774654583
1741167060.0,4.288281339083786,-0.4629508900288603
1741167120.0,4.288469652512588,-0.46298438773511036
1741167180.0,4.2886579694389075,-0.46301787058320676
1741167240.0,4.288846289860406,-0.46305133857216507
1741167300.0,4.28903461377464,-0.4630847917009834
1741167360.0,4.289222941179219,-0.4631182299686723
1741167420.0,4.289411272071768,-0.46315165337424197
1741167480.0,4.28959960644988,-0.4631850619166995
1741167540.0,4.289787944311144,-0.46321845559505526
1741167600.0,4.289976285653155,-0.46325183440831785
1741167660.0,4.290164630473519,-0.4632851983555011
1741167720.0,4.290352978769845,-0.4633185474356155
1741167780.0,4.290541330539726,-0.4633518816476732
1741167840.0,4.290729685780735,-0.4633852009906898
1741167900.0,4.2909180444905,-0.46341850546367747
1741167960.0,4.291106406666592,-0.46345179506565004
1741168020.0,4.291294772306604,-0.463485069795625
1741168080.0,4.291483141408145,-0.46351832965261786
1741168140.0,4.2916715139687724,-0.46355157463564434
1741168200.0,4.291859889986111,-0.4635848047437235
1741168260.0,4.292048269457753,-0.4636180199758727
1741168320.0,4.292236652381273,-0.4636512203311147
1741168380.0,4.292425038754244,-0.46368440580846154
1741168440.0,4.292613428574275,-0.46371757640694106
1741168500.0,4.29280182183894,-0.4637507321255707
1741168560.0,4.292990218545831,-0.4637838729633747
1741168620.0,4.293178618692538,-0.46381699891937234
1741168680.0,4.293367022276637,-0.46385010999258963
1741168740.0,4.2935554292957185,-0.463883206182051
1741168800.0,4.293743839747356,-0.4639162874867807
1741168860.0,4.293932253629125,-0.4639493539058032
1741168920.0,4.294120670938615,-0.4639824054381446
1741168980.0,4.294309091673418,-0.46401544208283263
1741169040.0,4.294497515831092,-0.4640484638388953
1741169100.0,4.29468594340921,-0.4640814707053621
1741169160.0,4.29487437440538,-0.4641144626812592
1741169220.0,4.295062808817142,-0.46414743976561784
1741169280.0,4.295251246642087,-0.46418040195747123
1741169340.0,4.29543968787779,-0.46421334925584545
1741169400.0,4.295628132521841,-0.46424628165977705
1741169460.0,4.295816580571799,-0.46427919916829735
1741169520.0,4.296005032025217,-0.464312101780436
1741169580.0,4.296193486879689,-0.46434498949523484
1741169640.0,4.296381945132771,-0.46437786231172334
1741169700.0,4.296570406782054,-0.46441072022893815
1741169760.0,4.296758871825078,-0.4644435632459159
1741169820.0,4.296947340259433,-0.46447639136169305
1741169880.0,4.297135812082659,-0.4645092045753063
1741169940.0,4.297324287292366,-0.4645420028857991
1741170000.0,4.297512765886073,-0.4645747862922047
1741170060.0,4.29770124786139,-0.46460755479356824
1741170120.0,4.297889733215841,-0.4646403083889264
1741170180.0,4.298078221946996,-0.46467304707732265
1741170240.0,4.298266714052431,-0.4647057708577971
1741170300.0,4.298455209529704,-0.46473847972939686
1741170360.0,4.298643708376369,-0.46477117369115845
1741170420.0,4.298832210589984,-0.4648038527421341
1741170480.0,4.299020716168105,-0.46483651688136574
1741170540.0,4.299209225108306,-0.46486916610789514
1741170600.0,4.299397737408109,-0.4649018004207745
1741170660.0,4.299586253065105,-0.4649344198190458
1741170720.0,4.29977477207685,-0.4649670243017612
1741170780.0,4.299963294440867,-0.4649996138679713
1741170840.0,4.300151820154747,-0.46503218851671785
1741170900.0,4.300340349216011,-0.46506474824705674
1741170960.0,4.300528881622216,-0.4650972930580366
1741171020.0,4.300717417370919,-0.46512982294871164
1741171080.0,4.300905956459693,-0.4651623379181323
1741171140.0,4.301094498886043,-0.46519483796534916
1741171200.0,4.301283044647542,-0.4652273230894179
1741171260.0,4.301471593741731,-0.4652597932893944
1741171320.0,4.301660146166164,-0.46529224856433266
1741171380.0,4.301848701918382,-0.4653246889132885
1741171440.0,4.302037260995923,-0.4653571143353176
1741171500.0,4.302225823396362,-0.4653895248294811
1741171560.0,4.302414389117202,-0.46542192039483293
1741171620.0,4.302602958156001,-0.4654543010304341
1741171680.0,4.302791530510297,-0.4654866667353422
1741171740.0,4.302980106177647,-0.46551901750861824
1741171800.0,4.3031686851555895,-0.4655513533493249
1741171860.0,4.303357267441629,-0.46558367425652153
1741171920.0,4.30354585303334,-0.4656159802292726
1741171980.0,4.303734441928261,-0.4656482712666408
1741172040.0,4.303923034123895,-0.46568054736768905
1741172100.0,4.304111629617819,-0.46571280853148345
1741172160.0,4.304300228407517,-0.46574505475708683
1741172220.0,4.304488830490583,-0.46577728604356716
1741172280.0,4.304677435864519,-0.4658095023899907
1741172340.0,4.304866044526846,-0.4658417037954272
1741172400.0,4.305054656475123,-0.4658738902589411
1741172460.0,4.3052432717068525,-0.465906061779604
1741172520.0,4.305431890219592,-0.46593821835648547
1741172580.0,4.305620512010845,-0.4659703599886537
1741172640.0,4.305809137078186,-0.46600248667518357
1741172700.0,4.305997765419083,-0.46603459841514483
1741172760.0,4.306186397031078,-0.4660666952076089
1741172820.0,4.306375031911724,-0.4660987770516508
1741172880.0,4.3065636700585275,-0.4661308439463456
1741172940.0,4.306752311469027,-0.46616289589076815
1741173000.0,4.306940956140709,-0.46619493288398994
1741173060.0,4.3071296040711475,-0.46622695492509303
1741173120.0,4.307318255257829,-0.4662589620131488
1741173180.0,4.307506909698276,-0.466290954147241
1741173240.0,4.307695567390026,-0.46632293132644115
1741173300.0,4.307884228330567,-0.4663548935498346
1741173360.0,4.3080728925174565,-0.46638684081649817
1741173420.0,4.308261559948197,-0.4664187731255137
1741173480.0,4.308450230620293,-0.4664506904759633
1741173540.0,4.308638904531284,-0.46648259286692706
1741173600.0,4.308827581678656,-0.4665144802974887
1741173660.0,4.3090162620599495,-0.46654635276673195
1741173720.0,4.309204945672667,-0.4665782102737423
1741173780.0,4.309393632514314,-0.46661005281760165
1741173840.0,4.30958232258241,-0.4666418803973989
1741173900.0,4.309771015874462,-0.46667369301222134
1741173960.0,4.3099597123879905,-0.4667054906611526
1741174020.0,4.310148412120499,-0.46673727334328163
1741174080.0,4.310337115069493,-0.4667690410576992
1741174140.0,4.310525821232492,-0.46680079380349576
1741174200.0,4.310714530606985,-0.46683253157975707
1741174260.0,4.310903243190493,-0.46686425438557533
1741174320.0,4.31109195898052,-0.4668959622200448
1741174380.0,4.311280677974552,-0.4669276550822579
1741174440.0,4.311469400170111,-0.46695933297130526
1741174500.0,4.311658125564702,-0.4669909958862812
1741174560.0,4.311846854155812,-0.4670226438262815
1741174620.0,4.3120355859409605,-0.46705427679040035
1741174680.0,4.312224320917636,-0.4670858947777355
1741174740.0,4.312413059083342,-0.4671174977873827
1741174800.0,4.312601800435566,-0.46714908581843634
1741174860.0,4.312790544971828,-0.46718065887000265
1741174920.0,4.312979292689598,-0.46721221694117243
1741174980.0,4.3131680435863995,-0.4672437600310502
1741175040.0,4.3133567976597,-0.46727528813873376
1741175100.0,4.313545554907038,-0.46730680126332763
1741175160.0,4.313734315325849,-0.46733829940392785
1741175220.0,4.31392307891369,-0.4673697825596459
1741175280.0,4.314111845667994,-0.46740125072957783
1741175340.0,4.314300615586283,-0.46743270391283
1741175400.0,4.314489388666062,-0.4674641421085088
1741175460.0,4.314678164904781,-0.4674955653157188
1741175520.0,4.314866944299964,-0.46752697353356476
1741175580.0,4.315055726849079,-0.46755836676115825
1741175640.0,4.31524451254963,-0.46758974499760214
1741175700.0,4.315433301399069,-0.46762110824200637
1741175760.0,4.315622093394936,-0.4676524564934826
1741175820.0,4.3158108885346635,-0.4676837897511371
1741175880.0,4.315999686815775,-0.46771510801408506
1741175940.0,4.316188488235739,-0.4677464112814346
1741176000.0,4.3163772927920245,-0.4677776995522992
1741176060.0,4.316566100482135,-0.46780897282579204
1741176120.0,4.316754911303542,-0.4678402311010266
1741176180.0,4.316943725253731,-0.467871474377118
1741176240.0,4.317132542330171,-0.4679027026531814
1741176300.0,4.317321362530349,-0.4679339159283301
1741176360.0,4.31751018585175,-0.4679651142016862
1741176420.0,4.31769901229183,-0.4679962974723613
1741176480.0,4.317887841848072,-0.46802746573947585
1741176540.0,4.318076674517964,-0.4680586190021502
1741176600.0,4.318265510298976,-0.4680897572595011
1741176660.0,4.318454349188575,-0.4681208805106542
1741176720.0,4.318643191184232,-0.46815198875472464
1741176780.0,4.318832036283417,-0.4681830819908363
1741176840.0,4.319020884483632,-0.4682141602181147
1741176900.0,4.319209735782314,-0.4682452234356784
1741176960.0,4.31939859017693,-0.4682762716426549
1741177020.0,4.3195874476649845,-0.46830730483816796
1741177080.0,4.319776308243913,-0.4683383230213448
1741177140.0,4.319965171911185,-0.4683693261913077
1741177200.0,4.3201540386643025,-0.4684003143471874
1741177260.0,4.320342908500684,-0.4684312874881095
1741177320.0,4.320531781417817,-0.4684622456132049
1741177380.0,4.320720657413168,-0.46849318872160073
1741177440.0,4.3209095364841925,-0.46852411681242623
1741177500.0,4.321098418628356,-0.4685550298848157
1741177560.0,4.321287303843131,-0.46858592793789827
1741177620.0,4.321476192125967,-0.4686168109708064
1741177680.0,4.3216650834743175,-0.46864767898267445
1741177740.0,4.321853977885651,-0.46867853197263154
1741177800.0,4.322042875357436,-0.46870936993981893
1741177860.0,4.322231775887109,-0.46874019288336566
1741177920.0,4.322420679472154,-0.4687710008024114
1741177980.0,4.32260958610999,-0.4688017936960921
1741178040.0,4.3227984957981205,-0.4688325715635439
1741178100.0,4.322987408533962,-0.46886333440390804
1741178160.0,4.323176324314967,-0.4688940822163206
1741178220.0,4.323365243138604,-0.46892481499992117
1741178280.0,4.323554165002343,-0.4689555327538527
1741178340.0,4.3237430899036005,-0.4689862354772531
1741178400.0,4.323932017839847,-0.46901692316926535
1741178460.0,4.324120948808532,-0.46904759582903255
1741178520.0,4.324309882807092,-0.4690782534556994
1741178580.0,4.3244988198329954,-0.46910889604840905
1741178640.0,4.324687759883676,-0.46913952360630445
1741178700.0,4.324876702956569,-0.4691701361285322
1741178760.0,4.325065649049143,-0.4692007336142423
1741178820.0,4.325254598158834,-0.46923131606257606
1741178880.0,4.325443550283091,-0.46926188347268344
1741178940.0,4.3256325054193505,-0.46929243584371627
1741179000.0,4.325821463565064,-0.4693229731748194
1741179060.0,4.326010424717666,-0.46935349546514443
1741179120.0,4.326199388874607,-0.4693840027138433
1741179180.0,4.326388356033306,-0.4694144949200677
1741179240.0,4.326577326191231,-0.46944497208296765
1741179300.0,4.326766299345798,-0.46947543420169846
1741179360.0,4.326955275494461,-0.4695058812754118
1741179420.0,4.327144254634635,-0.4695363133032648
1741179480.0,4.32733323676379,-0.4695667302844091
1741179540.0,4.327522221879344,-0.46959713221800536
1741179600.0,4.327711209978729,-0.46962751910320694
1741179660.0,4.327900201059382,-0.4696578909391709
1741179720.0,4.328089195118736,-0.4696882477250595
1741179780.0,4.328278192154224,-0.46971858946002804
1741179840.0,4.328467192163283,-0.46974891614323866
1741179900.0,4.328656195143346,-0.46977922777384845
1741179960.0,4.328845201091831,-0.46980952435102313
1741180020.0,4.329034210006169,-0.4698398058739214
1741180080.0,4.329223221883799,-0.4698700723417073
1741180140.0,4.329412236722152,-0.46990032375354646
1741180200.0,4.329601254518647,-0.46993056010859785
1741180260.0,4.3297902752707,-0.4699607814060305
1741180320.0,4.329979298975744,-0.4699909876450101
1741180380.0,4.330168325631216,-0.4700211788246992
1741180440.0,4.330357355234531,-0.4700513549442684
1741180500.0,4.330546387783107,-0.47008151600288883
1741180560.0,4.330735423274378,-0.4701116619997228
1741180620.0,4.33092446170576,-0.4701417929339429
1741180680.0,4.331113503074672,-0.47017190880472026
1741180740.0,4.331302547378547,-0.4702020096112257
1741180800.0,4.331491594614784,-0.4702320953526284
1741180860.0,4.331680644780818,-0.470262166028103
1741180920.0,4.3318696978740485,-0.47029222163682033
1741180980.0,4.332058753891927,-0.47032226217795836
1741181040.0,4.332247812831836,-0.47035228765068815
1741181100.0,4.332436874691192,-0.4703822980541858
1741181160.0,4.332625939467429,-0.470412293387631
1741181220.0,4.332815007157966,-0.47044227365019653
1741181280.0,4.3330040777602,-0.47047223884106215
1741181340.0,4.333193151271531,-0.47050218895940565
1741181400.0,4.333382227689394,-0.47053212400440503
1741181460.0,4.333571307011205,-0.47056204397524526
1741181520.0,4.333760389234348,-0.470591948871099
1741181580.0,4.333949474356254,-0.47062183869115654
1741181640.0,4.334138562374327,-0.47065171343459394
1741181700.0,4.334327653285962,-0.47068157310059444
1741181760.0,4.334516747088596,-0.47071141768834474
1741181820.0,4.3347058437795924,-0.47074124719702803
1741181880.0,4.334894943356404,-0.4707710616258292
1741181940.0,4.335084045816394,-0.4708008609739349
1741182000.0,4.335273151156999,-0.4708306452405302
1741182060.0,4.335462259375598,-0.4708604144248033
1741182120.0,4.335651370469611,-0.4708901685259447
1741182180.0,4.335840484436434,-0.4709199075431406
1741182240.0,4.336029601273452,-0.4709496314755816
1741182300.0,4.336218720978099,-0.4709793403224595
1741182360.0,4.336407843547739,-0.4710090340829626
1741182420.0,4.336596968979805,-0.4710387127562846
1741182480.0,4.336786097271663,-0.4710683763416192
1741182540.0,4.33697522842073,-0.4710980248381601
1741182600.0,4.337164362424406,-0.4711276582450974
1741182660.0,4.337353499280071,-0.47115727656163
1741182720.0,4.337542638985126,-0.4711868797869533
1741182780.0,4.33773178153697,-0.47121646792026267
1741182840.0,4.337920926932985,-0.4712460409607571
1741182900.0,4.338110075170571,-0.4712755989076337
1741182960.0,4.338299226247126,-0.47130514176008786
1741183020.0,4.338488380160035,-0.47133466951732367
1741183080.0,4.338677536906694,-0.47136418217854187
1741183140.0,4.338866696484486,-0.47139367974293944
1741183200.0,4.339055858890812,-0.47142316220972247
1741183260.0,4.339245024123035,-0.4714526295780897
1741183320.0,4.3394341921785555,-0.47148208184724527
1741183380.0,4.339623363054772,-0.4715115190163934
1741183440.0,4.339812536749049,-0.47154094108473993
1741183500.0,4.340001713258805,-0.4715703480514907
1741183560.0,4.3401908925813855,-0.4715997399158516
1741183620.0,4.34038007471419,-0.4716291166770285
1741183680.0,4.340569259654618,-0.47165847833423075
1741183740.0,4.340758447400035,-0.471687824886666
1741183800.0,4.3409476379478065,-0.47171715633354366
1741183860.0,4.341136831295346,-0.471746472674073
1741183920.0,4.341326027440004,-0.4717757739074651
1741183980.0,4.341515226379177,-0.47180506003293304
1741184040.0,4.341704428110249,-0.47183433104968947
1741184100.0,4.341893632630584,-0.4718635869569438
1741184160.0,4.342082839937564,-0.47189282775391417
1741184220.0,4.342272050028571,-0.47192205343981336
1741184280.0,4.3424612629009705,-0.47195126401385784
1741184340.0,4.342650478552126,-0.4719804594752603
1741184400.0,4.342839696979436,-0.47200963982323896
1741184460.0,4.343028918180266,-0.4720388050570171
1741184520.0,4.343218142151982,-0.4720679551758041
1741184580.0,4.343407368891982,-0.4720970901788268
1741184640.0,4.343596598397595,-0.4721262100652997
1741184700.0,4.343785830666205,-0.4721553148344462
1741184760.0,4.343975065695192,-0.472184404485488
1741184820.0,4.3441643034819215,-0.47221347901764477
1741184880.0,4.344353544023775,-0.47224253843014163
1741184940.0,4.344542787318083,-0.47227158272220193
1741185000.0,4.344732033362245,-0.47230061189304895
1741185060.0,4.344921282153624,-0.4723296259419096
1741185120.0,4.345110533689552,-0.47235862486800884
1741185180.0,4.345299787967443,-0.4723876086705736
1741185240.0,4.345489044984629,-0.47241657734883236
1741185300.0,4.345678304738457,-0.472445530902012
1741185360.0,4.3458675672263425,-0.472474469329341
1741185420.0,4.3460568324455995,-0.47250339263004976
1741185480.0,4.346246100393608,-0.47253230080337033
1741185540.0,4.346435371067716,-0.472561193848533
1741185600.0,4.3466246444652885,-0.47259007176476625
1741185660.0,4.346813920583689,-0.47261893455130927
1741185720.0,4.347003199420284,-0.4726477822073905
1741185780.0,4.347192480972419,-0.47267661473224726
1741185840.0,4.34738176523744,-0.4727054321251152
1741185900.0,4.3475710522127144,-0.47273423438522444
1741185960.0,4.3477603418955875,-0.4727630215118194
1741186020.0,4.347949634283425,-0.47279179350413214
1741186080.0,4.3481389293735715,-0.4728205503614016
1741186140.0,4.348328227163394,-0.4728492920828686
1741186200.0,4.348517527650222,-0.4728780186677704
1741186260.0,4.34870683083142,-0.47290673011534967
1741186320.0,4.348896136704334,-0.47293542642484526
1741186380.0,4.349085445266328,-0.4729641075954998
1741186440.0,4.349274756514717,-0.47299277362655756
1741186500.0,4.349464070446897,-0.473021424517261
1741186560.0,4.349653387060166,-0.47305006026685104
1741186620.0,4.349842706351904,-0.47307868087457877
1741186680.0,4.350032028319442,-0.4731072863396851
1741186740.0,4.3502213529601255,-0.47313587666141943
1741186800.0,4.3504106802713025,-0.4731644518390261
1741186860.0,4.35060001025032,-0.4731930118717564
1741186920.0,4.350789342894525,-0.473221556758858
1741186980.0,4.35097867820123,-0.473250086499577
1741187040.0,4.351168016167816,-0.4732786010931681
1741187100.0,4.351357356791596,-0.47330710053887903
1741187160.0,4.351546700069935,-0.4733355848359663
1741187220.0,4.351736046000146,-0.4733640539836778
1741187280.0,4.351925394579573,-0.4733925079812681
1741187340.0,4.352114745805583,-0.47342094682799374
1741187400.0,4.35230409967547,-0.4734493705231043
1741187460.0,4.352493456186581,-0.4734777790658614
1741187520.0,4.352682815336282,-0.4735061724555164
1741187580.0,4.352872177121882,-0.47353455069133094
1741187640.0,4.353061541540714,-0.47356291377255977
1741187700.0,4.353250908590123,-0.47359126169846294
1741187760.0,4.35344027826744,-0.4736195944682986
1741187820.0,4.353629650569976,-0.4736479120813268
1741187880.0,4.353819025495096,-0.4736762145368092
1741187940.0,4.354008403040114,-0.4737045018340111
1741188000.0,4.354197783202339,-0.4737327739721889
1741188060.0,4.354387165979137,-0.4737610309506097
1741188120.0,4.35457655136782,-0.473789272768535
1741188180.0,4.354765939365735,-0.47381749942523194
1741188240.0,4.354955329970161,-0.4738457109199657
1741188300.0,4.35514472317846,-0.4738739072520015
1741188360.0,4.3553341189879635,-0.47390208842060627
1741188420.0,4.355523517395983,-0.47393025442504877
1741188480.0,4.35571291839983,-0.4739584052645959
1741188540.0,4.355902321996853,-0.4739865409385216
1741188600.0,4.356091728184346,-0.47401466144608934
1741188660.0,4.356281136959673,-0.4740427667865749
1741188720.0,4.356470548320113,-0.47407085695924867
1741188780.0,4.35665996226301,-0.4740989319633811
1741188840.0,4.356849378785663,-0.47412699179824963
1741188900.0,4.357038797885433,-0.4741550364631247
1741188960.0,4.357228219559599,-0.47418306595728194
1741189020.0,4.357417643805472,-0.47421108027999725
1741189080.0,4.357607070620418,-0.47423907943054605
1741189140.0,4.357796500001696,-0.47426706340820596
1741189200.0,4.35798593194667,-0.4742950322122543
1741189260.0,4.358175366452636,-0.47432298584197213
1741189320.0,4.3583648035168885,-0.47435092429663495
1741189380.0,4.358554243136757,-0.47437884757552384
1741189440.0,4.3587436853095705,-0.4744067556779197
1741189500.0,4.358933130032624,-0.47443464860310686
1741189560.0,4.3591225773032125,-0.47446252635036457
1741189620.0,4.359312027118683,-0.47449038891897727
1741189680.0,4.359501479476313,-0.47451823630822754
1741189740.0,4.359690934373432,-0.4745460685174016
1741189800.0,4.359880391807351,-0.4745738855457856
1741189860.0,4.360069851775351,-0.4746016873926623
1741189920.0,4.360259314274774,-0.47462947405732464
1741189980.0,4.360448779302901,-0.474657245539052
1741190040.0,4.360638246857043,-0.47468500183714085
1741190100.0,4.360827716934513,-0.47471274295087573
1741190160.0,4.361017189532603,-0.47474046887954796
1741190220.0,4.361206664648629,-0.47476817962244894
1741190280.0,4.361396142279901,-0.4747958751788702
1741190340.0,4.3615856224236955,-0.4748235555481029
1741190400.0,4.361775105077309,-0.47485122072944036
1741190460.0,4.361964590238089,-0.4748788707221791
1741190520.0,4.362154077903293,-0.4749065055256124
1741190580.0,4.362343568070235,-0.4749341251390316
1741190640.0,4.362533060736209,-0.47496172956173843
1741190700.0,4.362722555898528,-0.47498931879302797
1741190760.0,4.362912053554468,-0.4750168928321968
1741190820.0,4.363101553701324,-0.4750444516785449
1741190880.0,4.363291056336427,-0.47507199533137084
1741190940.0,4.363480561457036,-0.4750995237899747
1741191000.0,4.363670069060445,-0.4751270370536583
1741191060.0,4.363859579143985,-0.47515453512172173
1741191120.0,4.364049091704898,-0.475182017993467
1741191180.0,4.364238606740512,-0.47520948566819754
1741191240.0,4.364428124248107,-0.47523693814522056
1741191300.0,4.364617644224993,-0.475264375423838
1741191360.0,4.364807166668431,-0.47529179750335326
1741191420.0,4.3649966915757155,-0.4753192043830754
1741191480.0,4.365186218944158,-0.47534659606231144
1741191540.0,4.36537574877102,-0.47537397254036673
1741191600.0,4.365565281053594,-0.4754013338165518
1741191660.0,4.365754815789177,-0.4754286798901757
1741191720.0,4.365944352975062,-0.47545601076054883
1741191780.0,4.366133892608509,-0.4754833264269818
1741191840.0,4.366323434686814,-0.4755106268887836
1741191900.0,4.366512979207288,-0.4755379121452699
1741191960.0,4.366702526167175,-0.4755651821957532
1741192020.0,4.366892075563767,-0.4755924370395475
1741192080.0,4.36708162739436,-0.4756196766759651
1741192140.0,4.367271181656215,-0.4756469011043236
1741192200.0,4.367460738346626,-0.4756741103239389
1741192260.0,4.3676502974628875,-0.47570130433413027
1741192320.0,4.367839859002259,-0.4757284831342118
1741192380.0,4.368029422962001,-0.47575564672350273
1741192440.0,4.368218989339443,-0.47578279510132254
1741192500.0,4.368408558131809,-0.4758099282669939
1741192560.0,4.368598129336412,-0.4758370462198345
1741192620.0,4.368787702950496,-0.47586414895916707
1741192680.0,4.368977278971371,-0.47589123648431275
1741192740.0,4.369166857396297,-0.4759183087945978
1741192800.0,4.369356438222534,-0.4759453658893432
1741192860.0,4.369546021447377,-0.47597240776787536
1741192920.0,4.369735607068069,-0.47599943442951886
1741192980.0,4.369925195081904,-0.47602644587359993
1741193040.0,4.370114785486159,-0.4760534420994467
1741193100.0,4.370304378278094,-0.47608042310638715
1741193160.0,4.37049397345497,-0.4761073888937476
1741193220.0,4.37068357101408,-0.4761343394608578
1741193280.0,4.370873170952667,-0.47616127480704934
1741193340.0,4.371062773268009,-0.47618819493165376
1741193400.0,4.371252377957365,-0.47621509983400084
1741193460.0,4.371441985018014,-0.47624198951342395
1741193520.0,4.371631594447213,-0.47626886396925616
1741193580.0,4.371821206242241,-0.47629572320083274
1741193640.0,4.372010820400339,-0.4763225672074868
1741193700.0,4.372200436918787,-0.4763493959885517
1741193760.0,4.37239005579486,-0.4763762095433695
1741193820.0,4.372579677025784,-0.47640300787127166
1741193880.0,4.3727693006088355,-0.4764297909715984
1741193940.0,4.372958926541291,-0.4764565588436883
1741194000.0,4.373148554820396,-0.47648331148688344
1741194060.0,4.373338185443408,-0.47651004890052057
1741194120.0,4.373527818407604,-0.4765367710839398
1741194180.0,4.37371745371021,-0.47656347803648685
1741194240.0,4.37390709134852,-0.47659016975750007
1741194300.0,4.374096731319759,-0.47661684624632683
1741194360.0,4.374286373621205,-0.47664350750230733
1741194420.0,4.3744760182501174,-0.4766701535247906
1741194480.0,4.374665665203721,-0.4766967843131168
1741194540.0,4.374855314479293,-0.4767233998666368
1741194600.0,4.375044966074077,-0.47675000018469604
1741194660.0,4.375234619985347,-0.4767765852666435
1741194720.0,4.375424276210315,-0.4768031551118247
1741194780.0,4.375613934746273,-0.47682970971959393
1741194840.0,4.375803595590463,-0.4768562490893001
1741194900.0,4.375993258740111,-0.4768827732202922
1741194960.0,4.376182924192476,-0.47690928211192096
1741195020.0,4.37637259194482,-0.4769357757635442
1741195080.0,4.376562261994383,-0.47696225417451255
1741195140.0,4.376751934338426,-0.4769887173441768
1741195200.0,4.376941608974173,-0.4770151652718964
1741195260.0,4.3771312858988844,-0.47704159795702733
1741195320.0,4.377320965109786,-0.47706801539892385
1741195380.0,4.377510646604153,-0.4770944175969418
1741195440.0,4.377700330379213,-0.47712080455044426
1741195500.0,4.377890016432206,-0.4771471762587855
1741195560.0,4.378079704760375,-0.47717353272132484
1741195620.0,4.378269395360981,-0.4771998739374271
1741195680.0,4.37845908823123,-0.4772261999064499
1741195740.0,4.3786487833684,-0.47725251062775625
1741195800.0,4.378838480769716,-0.4772788061007091
1741195860.0,4.379028180432402,-0.4773050863246697
1741195920.0,4.37921788235372,-0.47733135129900445
1741195980.0,4.37940758653091,-0.47735760102308156
1741196040.0,4.37959729296118,-0.47738383549626046
1741196100.0,4.379787001641791,-0.47741005471790937
1741196160.0,4.379976712569968,-0.4774362586873982
1741196220.0,4.380166425742968,-0.47746244740409516
1741196280.0,4.3803561411580025,-0.4774886208673667
1741196340.0,4.380545858812311,-0.47751477907658446
1741196400.0,4.380735578703119,-0.4775409220311184
1741196460.0,4.380925300827687,-0.4775670497303368
1741196520.0,4.381115025183222,-0.47759316217361647
1741196580.0,4.381304751766967,-0.4776192593603292
1741196640.0,4.381494480576128,-0.4776453412898465
1741196700.0,4.381684211607984,-0.47767140796154367
1741196760.0,4.381873944859724,-0.4776974593747975
1741196820.0,4.382063680328591,-0.4777234955289834
1741196880.0,4.382253418011809,-0.4777495164234728
1741196940.0,4.382443157906621,-0.4777755220576515
1741197000.0,4.3826329000102175,-0.47780151243089286
1741197060.0,4.382822644319876,-0.4778274875425773
1741197120.0,4.383012390832784,-0.477853447392087
1741197180.0,4.383202139546187,-0.4778793919787971
1741197240.0,4.383391890457291,-0.4779053213020915
1741197300.0,4.3835816435633195,-0.4779312353613541
1741197360.0,4.383771398861518,-0.4779571341559671
1741197420.0,4.383961156349092,-0.47798301768531437
1741197480.0,4.384150916023267,-0.47800888594877805
1741197540.0,4.384340677881268,-0.47803473894574544
1741197600.0,4.384530441920319,-0.4780605766756024
1741197660.0,4.384720208137612,-0.47808639913773615
1741197720.0,4.384909976530404,-0.47811220633153406
1741197780.0,4.3850997470959046,-0.4781379982563854
1741197840.0,4.385289519831303,-0.4781637749116758
1741197900.0,4.385479294733842,-0.4781895362967995
1741197960.0,4.385669071800747,-0.47821528241114747
1741198020.0,4.385858851029207,-0.4782410132541088
1741198080.0,4.386048632416465,-0.4782667288250762
1741198140.0,4.386238415959728,-0.478292429123444
1741198200.0,4.3864282016561855,-0.47831811414860476
1741198260.0,4.386617989503064,-0.47834378389995297
1741198320.0,4.386807779497587,-0.47836943837688456
1741198380.0,4.3869975716369805,-0.4783950775787976
1741198440.0,4.387187365918416,-0.47842070150508637
1741198500.0,4.3873771623391375,-0.4784463101551522
1741198560.0,4.387566960896333,-0.4784719035283895
1741198620.0,4.387756761587229,-0.47849748162420136
1741198680.0,4.387946564409033,-0.47852304444198385
1741198740.0,4.388136369358951,-0.47854859198114186
1741198800.0,4.388326176434173,-0.47857412424107504
1741198860.0,4.388515985631926,-0.47859964122118637
1741198920.0,4.3887057969494165,-0.47862514292087904
1741198980.0,4.388895610383852,-0.47865062933955616
1741199040.0,4.389085425932421,-0.4786761004766259
1741199100.0,4.389275243592333,-0.47870155633148986
1741199160.0,4.389465063360794,-0.4787269969035562
1741199220.0,4.38965488523503,-0.47875242219223507
1741199280.0,4.389844709212214,-0.47877783219692777
1741199340.0,4.390034535289552,-0.4788032269170497
1741199400.0,4.39022436346427,-0.4788286063520073
1741199460.0,4.39041419373354,-0.47885397050121253
1741199520.0,4.39060402609457,-0.47887931936407196
1741199580.0,4.390793860544566,-0.4789046529400026
1741199640.0,4.390983697080721,-0.4789299712284146
1741199700.0,4.391173535700221,-0.4789552742287249
1741199760.0,4.391363376400294,-0.47898056194034366
1741199820.0,4.391553219178129,-0.4790058343626862
1741199880.0,4.3917430640309,-0.47903109149516954
1741199940.0,4.391932910955829,-0.4790563333372126
1741200000.0,4.392122759950073,-0.4790815598882288
1741200060.0,4.392312611010874,-0.4791067711476387
1741200120.0,4.392502464135406,-0.4791319671148578
1741200180.0,4.392692319320856,-0.4791571477893134
1741200240.0,4.392882176564417,-0.47918231317041915
1741200300.0,4.393072035863295,-0.4792074632575992
1741200360.0,4.3932618972146615,-0.47923259805027396
1741200420.0,4.393451760615727,-0.4792577175478692
1741200480.0,4.393641626063661,-0.4792828217498039
1741200540.0,4.393831493555672,-0.47930791065550715
1741200600.0,4.394021363088934,-0.47933298426440135
1741200660.0,4.394211234660653,-0.4793580425759158
1741200720.0,4.394401108268001,-0.4793830855894727
1741200780.0,4.394590983908188,-0.4794081133045049
1741200840.0,4.394780861578348,-0.4794331257204364
1741200900.0,4.394970741275727,-0.4794581228366999
1741200960.0,4.395160622997477,-0.47948310465272137
1741201020.0,4.39535050674079,-0.47950807116793515
1741201080.0,4.395540392502856,-0.47953302238177237
1741201140.0,4.395730280280848,-0.47955795829366227
1741201200.0,4.395920170071954,-0.479582878903041
1741201260.0,4.3961100618733475,-0.4796077842093415
1741201320.0,4.396299955682236,-0.47963267421200007
1741201380.0,4.396489851495758,-0.47965754891044926
1741201440.0,4.396679749311137,-0.4796824083041272
1741201500.0,4.39686964912553,-0.47970725239246836
1741201560.0,4.397059550936125,-0.47973208117491606
1741201620.0,4.397249454740079,-0.4797568946509047
1741201680.0,4.397439360534597,-0.47978169281987415
1741201740.0,4.397629268316854,-0.47980647568126406
1741201800.0,4.397819178084004,-0.4798312432345177
1741201860.0,4.398009089833237,-0.47985599547907665
1741201920.0,4.398199003561743,-0.47988073241438045
1741201980.0,4.39838891926666,-0.47990545403987606
1741202040.0,4.3985788369451955,-0.4799301603550031
1741202100.0,4.398768756594522,-0.47995485135921184
1741202160.0,4.398958678211794,-0.47997952705194546
1741202220.0,4.3991486017941845,-0.4800041874326508
1741202280.0,4.399338527338885,-0.48002883250077444
1741202340.0,4.399528454843048,-0.4800534622557633
1741202400.0,4.399718384303864,-0.4800780766970709
1741202460.0,4.399908315718473,-0.4801026758241406
1741202520.0,4.400098249084062,-0.4801272596364296
1741202580.0,4.400288184397823,-0.4801518281333846
1741202640.0,4.400478121656876,-0.4801763813144575
1741202700.0,4.40066806085841,-0.4802009191791039
1741202760.0,4.400858001999616,-0.48022544172677567
1741202820.0,4.401047945077614,-0.48024994895692646
1741202880.0,4.401237890089611,-0.48027444086901194
1741202940.0,4.401427837032745,-0.4802989174624891
1741203000.0,4.4016177859042065,-0.48032337873681347
1741203060.0,4.401807736701133,-0.48034782469144405
1741203120.0,4.401997689420695,-0.48037225532583805
1741203180.0,4.402187644060068,-0.48039667063945424
1741203240.0,4.402377600616406,-0.48042107063175526
1741203300.0,4.402567559086864,-0.48044545530219823
1741203360.0,4.402757519468615,-0.4804698246502456
1741203420.0,4.4029474817588135,-0.4804941786753633
1741203480.0,4.403137445954597,-0.48051851737700685
1741203540.0,4.403327412053173,-0.4805428407546473
1741203600.0,4.403517380051663,-0.4805671488077471
1741203660.0,4.403707349947238,-0.48059144153576877
1741203720.0,4.403897321737054,-0.48061571893818344
1741203780.0,4.4040872954182655,-0.4806399810144535
1741203840.0,4.404277270988028,-0.48066422776405016
1741203900.0,4.404467248443497,-0.4806884591864411
1741203960.0,4.404657227781844,-0.48071267528109574
1741204020.0,4.4048472090001916,-0.4807368760474835
1741204080.0,4.405037192095726,-0.4807610614850755
1741204140.0,4.405227177065571,-0.48078523159334474
1741204200.0,4.405417163906897,-0.48080938637176057
1741204260.0,4.405607152616859,-0.4808335258198011
1741204320.0,4.405797143192596,-0.4808576499369358
1741204380.0,4.405987135631281,-0.48088175872264294
1741204440.0,4.4061771299300325,-0.4809058521763969
1741204500.0,4.406367126086023,-0.4809299302976761
1741204560.0,4.406557124096392,-0.4809539930859533
1741204620.0,4.406747123958293,-0.4809780405407119
1741204680.0,4.406937125668864,-0.48100207266142664
1741204740.0,4.407127129225261,-0.48102608944758074
1741204800.0,4.407317134624638,-0.48105009089865075
1741204860.0,4.407507141864133,-0.4810740770141199
1741204920.0,4.4076971509408835,-0.48109804779347354
1741204980.0,4.407887161852045,-0.48112200323618787
1741205040.0,4.408077174594773,-0.4811459433417516
1741205100.0,4.408267189166187,-0.48116986810964635
1741205160.0,4.408457205563442,-0.48119377753936077
1741205220.0,4.408647223783676,-0.4812176716303765
1741205280.0,4.408837243824044,-0.4812415503821838
1741205340.0,4.409027265681684,-0.4812654137942696
1741205400.0,4.409217289353716,-0.48128926186612087
1741205460.0,4.4094073148373125,-0.4813130945972278
1741205520.0,4.409597342129593,-0.4813369119870809
1741205580.0,4.409787371227696,-0.4813607140351688
1741205640.0,4.40997740212876,-0.4813845007409834
1741205700.0,4.410167434829939,-0.48140827210402226
1741205760.0,4.4103574693283525,-0.48143202812377045
1741205820.0,4.410547505621139,-0.481455768799727
1741205880.0,4.410737543705454,-0.4814794941313859
1741205940.0,4.4109275835784,-0.4815032041182409
1741206000.0,4.411117625237149,-0.48152689875979104
1741206060.0,4.411307668678822,-0.48155057805553375
1741206120.0,4.411497713900539,-0.4815742420049646
1741206180.0,4.411687760899454,-0.48159789060758273
1741206240.0,4.411877809672689,-0.4816215238628854
1741206300.0,4.4120678602173635,-0.4816451417703788
1741206360.0,4.412257912530633,-0.48166874432956014
1741206420.0,4.4124479666096335,-0.48169233153993035
1741206480.0,4.4126380224514525,-0.4817159034009938
1741206540.0,4.412828080053278,-0.4817394599122546
1741206600.0,4.413018139412179,-0.48176300107321557
1741206660.0,4.413208200525346,-0.4817865268833809
1741206720.0,4.413398263389863,-0.48181003734226197
1741206780.0,4.413588328002868,-0.4818335324493578
1741206840.0,4.4137783943615,-0.48185701220417976
1741206900.0,4.413968462462877,-0.48188047660623734
1741206960.0,4.414158532304121,-0.48190392565503504
1741207020.0,4.414348603882369,-0.4819273593500891
1741207080.0,4.414538677194725,-0.4819507776909024
1741207140.0,4.414728752238358,-0.4819741806769949
1741207200.0,4.41491882901034,-0.4819975683078708
1741207260.0,4.415108907507806,-0.48202094058304845
1741207320.0,4.415298987727912,-0.482044297502041
1741207380.0,4.415489069667744,-0.4820676390643596
1741207440.0,4.4156791533244375,-0.48209096526952266
1741207500.0,4.415869238695115,-0.4821142761170467
1741207560.0,4.416059325776896,-0.4821375716064465
1741207620.0,4.4162494145669005,-0.4821608517372421
1741207680.0,4.4164395050622485,-0.48218411650895004
1741207740.0,4.41662959726006,-0.4822073659210921
1741207800.0,4.416819691157439,-0.48223059997318485
1741207860.0,4.417009786751523,-0.4822538186647535
1741207920.0,4.417199884039412,-0.4822770219953146
1741207980.0,4.417389983018248,-0.482300209964397
1741208040.0,4.417580083685113,-0.48232338257152063
1741208100.0,4.4177701860371466,-0.4823465398162074
1741208160.0,4.417960290071449,-0.4823696816979859
1741208220.0,4.418150395785144,-0.48239280821637975
1741208280.0,4.418340503175366,-0.4824159193709177
1741208340.0,4.418530612239185,-0.48243901516112503
1741208400.0,4.418720722973738,-0.4824620955865305
1741208460.0,4.418910835376145,-0.4824851606466629
1741208520.0,4.419100949443491,-0.4825082103410544
1741208580.0,4.419291065172914,-0.4825312446692303
1741208640.0,4.419481182561517,-0.48255426363072645
1741208700.0,4.419671301606385,-0.48257726722507144
1741208760.0,4.419861422304674,-0.4826002554518011
1741208820.0,4.420051544653449,-0.48262322831044946
1741208880.0,4.420241668649852,-0.48264618580054514
1741208940.0,4.420431794290965,-0.4826691279216328
1741209000.0,4.420621921573909,-0.4826920546732411
1741209060.0,4.420812050495788,-0.48271496605490927
1741209120.0,4.421002181053702,-0.4827378620661766
1741209180.0,4.421192313244775,-0.48276074270657876
1741209240.0,4.421382447066106,-0.4827836079756585
1741209300.0,4.4215725825147825,-0.4828064578729515
1741209360.0,4.421762719587908,-0.48282929239800065
1741209420.0,4.4219528582826,-0.4828521115503485
1741209480.0,4.422142998595981,-0.4828749153295397
1741209540.0,4.422333140525117,-0.48289770373511154
1741209600.0,4.422523284067112,-0.4829204767666103
1741209660.0,4.422713429219087,-0.48294323442358406
1741209720.0,4.422903575978142,-0.4829659767055736
1741209780.0,4.423093724341365,-0.4829887036121306
1741209840.0,4.4232838743058585,-0.48301141514279755
1741209900.0,4.423474025868724,-0.48303411129712603
1741209960.0,4.423664179027047,-0.48305679207466395
1741210020.0,4.423854333777966,-0.48307945747495934
1741210080.0,4.42404449011853,-0.48310210749756366
1741210140.0,4.424234648045861,-0.4831247421420283
1741210200.0,4.4244248075570605,-0.4831473614079063
1741210260.0,4.4246149686491965,-0.4831699652947494
1741210320.0,4.424805131319389,-0.4831925538021089
1741210380.0,4.4249952955647425,-0.4832151269295433
1741210440.0,4.4251854613823225,-0.4832376846766075
1741210500.0,4.425375628769232,-0.48326022704285465
1741210560.0,4.425565797722577,-0.48328275402784315
1741210620.0,4.425755968239438,-0.48330526563112985
1741210680.0,4.425946140316904,-0.4833277618522749
1741210740.0,4.4261363139520755,-0.48335024269083654
1741210800.0,4.426326489142056,-0.4833727081463751
1741210860.0,4.426516665883896,-0.48339515821845075
1741210920.0,4.426706844174734,-0.48341759290662545
1741210980.0,4.426897024011619,-0.483440012210461
1741211040.0,4.427087205391654,-0.48346241612952295
1741211100.0,4.427277388311943,-0.48348480466337135
1741211160.0,4.427467572769552,-0.48350717781157515
1741211220.0,4.427657758761584,-0.4835295355736963
1741211280.0,4.427847946285127,-0.4835518779493055
1741211340.0,4.428038135337245,-0.4835742049379663
1741211400.0,4.428228325915061,-0.4835965165392476
1741211460.0,4.428418518015625,-0.4836188127527202
1741211520.0,4.428608711636038,-0.4836410935779511
1741211580.0,4.428798906773369,-0.483663359014511
1741211640.0,4.428989103424722,-0.48368560906197233
1741211700.0,4.42917930158718,-0.4837078437199075
1741211760.0,4.429369501257794,-0.483730062987887
1741211820.0,4.429559702433686,-0.48375226686548695
1741211880.0,4.429749905111922,-0.4837744553522796
1741211940.0,4.429940109289587,-0.4837966284478426
1741212000.0,4.430130314963768,-0.48381878615175183
1741212060.0,4.430320522131514,-0.48384092846358145
1741212120.0,4.430510730789929,-0.4838630553829091
1741212180.0,4.430700940936097,-0.4838851669093159
1741212240.0,4.430891152567069,-0.4839072630423812
1741212300.0,4.431081365679965,-0.48392934378168256
1741212360.0,4.431271580271819,-0.483951409126803
1741212420.0,4.431461796339749,-0.4839734590773218
1741212480.0,4.43165201388079,-0.48399549363282185
1741212540.0,4.431842232892044,-0.48401751279288774
1741212600.0,4.432032453370597,-0.4840395165571059
1741212660.0,4.43222267531348,-0.4840615049250539
1741212720.0,4.432412898717815,-0.48408347789632505
1741212780.0,4.432603123580652,-0.4841054354705005
1741212840.0,4.432793349899075,-0.4841273776471702
1741212900.0,4.4329835776701545,-0.484149304425922
1741212960.0,4.433173806890939,-0.4841712158063443
1741213020.0,4.433364037558531,-0.48419311178802676
1741213080.0,4.433554269669999,-0.48421499237055743
1741213140.0,4.433744503222411,-0.48423685755353163
1741213200.0,4.4339347382128,-0.48425870733653903
1741213260.0,4.434124974638304,-0.48428054171917295
1741213320.0,4.434315212495937,-0.4843023607010286
1741213380.0,4.434505451782804,-0.4843241642816975
1741213440.0,4.434695692495935,-0.4843459524607765
1741213500.0,4.434885934632435,-0.48436772523786237
1741213560.0,4.4350761781893535,-0.4843894826125485
1741213620.0,4.435266423163759,-0.48441122458443864
1741213680.0,4.4354566695527184,-0.48443295115312623
1741213740.0,4.435646917353301,-0.4844546623182133
1741213800.0,4.435837166562555,-0.48447635807929496
1741213860.0,4.436027417177568,-0.4844980384359801
1741213920.0,4.436217669195407,-0.48451970338786393
1741213980.0,4.436407922613104,-0.48454135293455036
1741214040.0,4.436598177427763,-0.4845629870756447
1741214100.0,4.4367884336364165,-0.48458460581074925
1741214160.0,4.436978691236132,-0.48460620913946945
1741214220.0,4.437168950223978,-0.48462779706141085
1741214280.0,4.437359210597022,-0.48464936957618077
1741214340.0,4.437549472352297,-0.48467092668338474
1741214400.0,4.437739735486906,-0.4846924683826319
1741214460.0,4.437929999997864,-0.4847139946735311
1741214520.0,4.438120265882255,-0.4847355055556934
1741214580.0,4.43831053313715,-0.48475700102872593
1741214640.0,4.43850080175958,-0.4847784810922429
1741214700.0,4.43869107174663,-0.48479994574585533
1741214760.0,4.438881343095335,-0.48482139498917737
1741214820.0,4.439071615802742,-0.4848428288218198
1741214880.0,4.439261889865939,-0.4848642472434003
1741214940.0,4.439452165281959,-0.4848856502535317
1741215000.0,4.4396424420478855,-0.4849070378518315
1741215060.0,4.439832720160735,-0.4849284100379176
1741215120.0,4.440022999617575,-0.4849497668114059
1741215180.0,4.440213280415492,-0.4849711081719161
1741215240.0,4.440403562551483,-0.48499243411906584
1741215300.0,4.440593846022651,-0.48501374465247815
1741215360.0,4.44078413082601,-0.4850350397717709
1741215420.0,4.440974416958648,-0.485056319476567
1741215480.0,4.441164704417578,-0.4850775837664912
1741215540.0,4.441354993199888,-0.48509883264116305
1741215600.0,4.441545283302609,-0.485120066100209
1741215660.0,4.441735574722773,-0.4851412841432522
1741215720.0,4.441925867457468,-0.4851624867699225
1741215780.0,4.442116161503725,-0.48518367397984297
1741215840.0,4.442306456858595,-0.4852048457726401
1741215900.0,4.442496753519111,-0.4852260021479456
1741215960.0,4.44268705148234,-0.48524714310538597
1741216020.0,4.442877350745334,-0.4852682686445912
1741216080.0,4.443067651305109,-0.48528937876519485
1741216140.0,4.443257953158747,-0.4853104734668234
1741216200.0,4.443448256303265,-0.48533155274911194
1741216260.0,4.443638560735715,-0.4853526166116923
1741216320.0,4.4438288664531465,-0.48537366505419804
1741216380.0,4.444019173452609,-0.4853946980762677
1741216440.0,4.444209481731136,-0.48541571567753145
1741216500.0,4.444399791285795,-0.48543671785762793
1741216560.0,4.444590102113603,-0.48545770461619575
1741216620.0,4.44478041421159,-0.48547867595287036
1741216680.0,4.444970727576827,-0.48549963186729206
1741216740.0,4.445161042206346,-0.4855205723590978
1741216800.0,4.445351358097196,-0.4855414974279299
1741216860.0,4.445541675246393,-0.48556240707342707
1741216920.0,4.445731993651007,-0.48558330129523664
1741216980.0,4.445922313308051,-0.48560418009299394
1741217040.0,4.446112634214594,-0.4856250434663499
1741217100.0,4.446302956367633,-0.48564589141494313
1741217160.0,4.446493279764237,-0.4856667239384194
1741217220.0,4.446683604401438,-0.48568754103642625
1741217280.0,4.44687393027627,-0.485708342708611
1741217340.0,4.447064257385766,-0.48572912895461934
1741217400.0,4.4472545857269745,-0.4857498997741005
1741217460.0,4.447444915296931,-0.4857706551667037
1741217520.0,4.447635246092648,-0.4857913951320781
1741217580.0,4.447825578111178,-0.48581211966987636
1741217640.0,4.448015911349555,-0.4858328287797477
1741217700.0,4.448206245804809,-0.48585352246134655
1741217760.0,4.448396581473992,-0.485874200714322
1741217820.0,4.448586918354102,-0.4858948635383339
1741217880.0,4.44877725644219,-0.4859155109330312
1741217940.0,4.448967595735287,-0.48593614289807374
1741218000.0,4.449157936230428,-0.48595675943311595
1741218060.0,4.449348277924646,-0.48597736053781565
1741218120.0,4.449538620814971,-0.48599794621183084
1741218180.0,4.449728964898422,-0.48601851645481936
1741218240.0,4.44991931017203,-0.4860390712664426
1741218300.0,4.450109656632828,-0.48605961064635855
1741218360.0,4.450300004277867,-0.48608013459423033
1741218420.0,4.450490353104128,-0.4861006431097211
1741218480.0,4.450680703108695,-0.48612113619249053
1741218540.0,4.450871054288532,-0.4861416138422018
1741218600.0,4.451061406640724,-0.4861620760585249
1741218660.0,4.45125176016227,-0.4861825228411179
1741218720.0,4.451442114850184,-0.48620295418965087
1741218780.0,4.451632470701534,-0.48622337010379046
1741218840.0,4.451822827713301,-0.486243770583205
1741218900.0,4.452013185882519,-0.4862641556275613
1741218960.0,4.452203545206237,-0.4862845252365293
1741219020.0,4.452393905681453,-0.48630487940977923
1741219080.0,4.452584267305201,-0.48632521814698126
1741219140.0,4.452774630074513,-0.48634554144780895
1741219200.0,4.452964993986388,-0.4863658493119324
1741219260.0,4.453155359037857,-0.48638614173902533
1741219320.0,4.4533457252259545,-0.486406418728763
1741219380.0,4.4535360925476795,-0.4864266802808191
1741219440.0,4.4537264610000795,-0.48644692639487075
1741219500.0,4.453916830580155,-0.48646715707059507
1741219560.0,4.454107201284921,-0.48648737230766737
1741219620.0,4.454297573111409,-0.48650757210576656
1741219680.0,4.454487946056637,-0.48652775646457147
1741219740.0,4.454678320117635,-0.486547925383761
1741219800.0,4.4548686952913865,-0.4865680788630192
1741219860.0,4.45505907157494,-0.48658821690202325
1741219920.0,4.455249448965311,-0.4866083395004571
1741219980.0,4.455439827459499,-0.4866284466580033
1741220040.0,4.4556302070545355,-0.4866485383743476
1741220100.0,4.455820587747419,-0.48666861464917227
1741220160.0,4.456010969535165,-0.4866886754821632
1741220220.0,4.456201352414824,-0.4867087208730081
1741220280.0,4.4563917363833765,-0.48672875082139266
1741220340.0,4.456582121437838,-0.48674876532700456
1741220400.0,4.456772507575224,-0.486768764389533
1741220460.0,4.456962894792566,-0.48678874800866745
1741220520.0,4.457153283086865,-0.48680871618409893
1741220580.0,4.457343672455117,-0.48682866891551674
1741220640.0,4.457534062894355,-0.4868486062026138
1741220700.0,4.4577244544015775,-0.4868685280450828
1741220760.0,4.4579148469738,-0.48688843444261665
1741220820.0,4.458105240608039,-0.4869083253949099
1741220880.0,4.458295635301307,-0.48692820090165884
1741220940.0,4.458486031050588,-0.4869480609625581
1741221000.0,4.4586764278529305,-0.486967905577304
1741221060.0,4.458866825705315,-0.4869877347455962
1741221120.0,4.459057224604741,-0.4870075484671311
1741221180.0,4.459247624548238,-0.4870273467416086
1741221240.0,4.459438025532809,-0.48704712956872837
1741221300.0,4.459628427555466,-0.48706689694819205
1741221360.0,4.459818830613208,-0.4870866488796976
1741221420.0,4.4600092347030325,-0.48710638536295536
1741221480.0,4.4601996398219566,-0.48712610639765813
1741221540.0,4.460390045966994,-0.4871458119835197
1741221600.0,4.460580453135143,-0.48716550212023807
1741221660.0,4.460770861323385,-0.4871851768075218
1741221720.0,4.4609612705287525,-0.48720483604507775
1741221780.0,4.461151680748227,-0.4872244798326109
1741221840.0,4.461342091978839,-0.48724410816983155
1741221900.0,4.461532504217572,-0.48726372105644816
1741221960.0,4.4617229174614215,-0.48728331849216927
1741222020.0,4.461913331707422,-0.4873029004767087
1741222080.0,4.462103746952536,-0.4873224670097715
1741222140.0,4.46229416319378,-0.48734201809107486
1741222200.0,4.4624845804281685,-0.4873615537203273
1741222260.0,4.462674998652682,-0.4873810738972497
1741222320.0,4.462865417864336,-0.48740057862155217
1741222380.0,4.463055838060112,-0.4874200678929486
1741222440.0,4.463246259237007,-0.48743954171115617
1741222500.0,4.463436681392054,-0.487459000075894
1741222560.0,4.463627104522217,-0.4874784429868774
1741222620.0,4.463817528624493,-0.48749787044382553
1741222680.0,4.464007953695916,-0.48751728244645914
1741222740.0,4.464198379733431,-0.4875366789944971
1741222800.0,4.464388806734088,-0.48755606008766206
1741222860.0,4.464579234694834,-0.48757542572567114
1741222920.0,4.464769663612683,-0.4875947759082522
1741222980.0,4.464960093484651,-0.4876141106351276
1741223040.0,4.465150524307702,-0.48763342990601993
1741223100.0,4.46534095607885,-0.4876527337206551
1741223160.0,4.4655313887950765,-0.4876720220787592
1741223220.0,4.465721822453397,-0.4876912949800598
1741223280.0,4.465912257050775,-0.48771055242428135
1741223340.0,4.466102692584207,-0.48772979441115666
1741223400.0,4.46629312905071,-0.48774902094040995
1741223460.0,4.4664835664472635,-0.48776823201177427
1741223520.0,4.466674004770832,-0.4877874276249808
1741223580.0,4.466864444018447,-0.48780660777975726
1741223640.0,4.46705488418709,-0.48782577247584014
1741223700.0,4.467245325273724,-0.4878449217129607
1741223760.0,4.467435767275381,-0.4878640554908535
1741223820.0,4.4676262101890085,-0.48788317380925333
1741223880.0,4.467816654011621,-0.487902276667895
1741223940.0,4.468007098740215,-0.48792136406651476
1741224000.0,4.468197544371738,-0.48794043600485104
1741224060.0,4.468387990903223,-0.48795949248264187
1741224120.0,4.468578438331633,-0.4879785334996238
1741224180.0,4.468768886653966,-0.48799755905554193
1741224240.0,4.468959335867185,-0.4880165691501293
1741224300.0,4.469149785968321,-0.4880355637831328
1741224360.0,4.469340236954324,-0.48805454295429235
1741224420.0,4.46953068882217,-0.4880735066633515
1741224480.0,4.469721141568877,-0.48809245491005177
1741224540.0,4.469911595191425,-0.4881113876941402
1741224600.0,4.470102049686778,-0.488130305015362
1741224660.0,4.4702925050519156,-0.4881492068734622
1741224720.0,4.470482961283854,-0.4881680932681879
1741224780.0,4.470673418379555,-0.4881869641992877
1741224840.0,4.470863876336001,-0.4882058196665085
1741224900.0,4.47105433515017,-0.48822465966960077
1741224960.0,4.471244794819062,-0.48824348420831487
1741225020.0,4.471435255339641,-0.48826229328240306
1741225080.0,4.471625716708902,-0.48828108689161565
1741225140.0,4.471816178923812,-0.4882998650357048
1741225200.0,4.472006641981348,-0.488318627714421
1741225260.0,4.47219710587851,-0.48833737492752527
1741225320.0,4.472387570612261,-0.4883561066747677
1741225380.0,4.472578036179598,-0.4883748229559076
1741225440.0,4.472768502577468,-0.488393523770699
1741225500.0,4.472958969802886,-0.48841220911890093
1741225560.0,4.473149437852798,-0.48843087900027066
1741225620.0,4.4733399067242,-0.4884495334145659
1741225680.0,4.4735303764140575,-0.48846817236154894
1741225740.0,4.4737208469193686,-0.48848679584098087
1741225800.0,4.473911318237077,-0.4885054038526226
1741225860.0,4.474101790364198,-0.4885239963962367
1741225920.0,4.474292263297664,-0.4885425734715823
1741225980.0,4.474482737034486,-0.4885611350784273
1741226040.0,4.474673211571611,-0.48857968121653783
1741226100.0,4.474863686906039,-0.4885982118856765
1741226160.0,4.475054163034729,-0.4886167270856112
1741226220.0,4.475244639954666,-0.4886352268161081
1741226280.0,4.4754351176627925,-0.4886537110769367
1741226340.0,4.475625596156126,-0.488672179867865
1741226400.0,4.475816075431611,-0.4886906331886625
1741226460.0,4.476006555486211,-0.488709071039099
1741226520.0,4.4761970363169405,-0.4887274934189491
1741226580.0,4.476387517920712,-0.4887459003279808
1741226640.0,4.476578000294541,-0.4887642917659673
1741226700.0,4.476768483435389,-0.48878266773268503
1741226760.0,4.476958967340203,-0.4888010282279072
1741226820.0,4.477149452005999,-0.4888193732514121
1741226880.0,4.4773399374297025,-0.4888377028029694
1741226940.0,4.477530423608296,-0.4888560168823592
1741227000.0,4.477720910538743,-0.4888743154893597
1741227060.0,4.47791139821804,-0.4888925986237512
1741227120.0,4.478101886643117,-0.48891086628531005
1741227180.0,4.478292375810971,-0.4889291184738166
1741227240.0,4.478482865718549,-0.488947355189056
1741227300.0,4.478673356362829,-0.4889655764308049
1741227360.0,4.478863847740776,-0.48898378219884864
1741227420.0,4.479054339849353,-0.4890019724929708
1741227480.0,4.479244832685522,-0.4890201473129531
1741227540.0,4.479435326246248,-0.48903830665858455
1741227600.0,4.479625820528527,-0.48905645052964863
1741227660.0,4.479816315529272,-0.48907457892593237
1741227720.0,4.48000681124548,-0.4890926918472212
1741227780.0,4.480197307674112,-0.48911078929330903
1741227840.0,4.4803878048121355,-0.4891288712639796
1741227900.0,4.480578302656492,-0.489146937759025
1741227960.0,4.480768801204165,-0.48916498877823605
1741228020.0,4.480959300452115,-0.48918302432140487
1741228080.0,4.48114980039729,-0.48920104438832207
1741228140.0,4.481340301036671,-0.4892190489787835
1741228200.0,4.4815308023672005,-0.4892370380925796
1741228260.0,4.481721304385843,-0.4892550117295081
1741228320.0,4.481911807089581,-0.48927296988936464
1741228380.0,4.482102310475342,-0.48929091257194324
1741228440.0,4.482292814540105,-0.48930883977704337
1741228500.0,4.482483319280833,-0.4893267515044641
1741228560.0,4.482673824694474,-0.48934464775399966
1741228620.0,4.482864330777989,-0.48936252852545625
1741228680.0,4.483054837528343,-0.4893803938186279
1741228740.0,4.483245344942497,-0.4893982436333209
1741228800.0,4.48343585301738,-0.48941607796933456
1741228860.0,4.483626361749991,-0.48943389682647165
1741228920.0,4.483816871137258,-0.4894517002045384
1741228980.0,4.484007381176143,-0.4894694881033393
1741229040.0,4.4841978918636105,-0.4894872605226772
1741229100.0,4.484388403196605,-0.48950501746235847
1741229160.0,4.484578915172108,-0.4895227589221944
1741229220.0,4.484769427787029,-0.4895404849019844
1741229280.0,4.484959941038368,-0.4895581954015468
1741229340.0,4.485150454923051,-0.4895758904206864
1741229400.0,4.4853409694380595,-0.48959356995921277
1741229460.0,4.485531484580306,-0.4896112340169375
1741229520.0,4.485722000346785,-0.4896288825936737
1741229580.0,4.4859125167344285,-0.48964651568923306
1741229640.0,4.486103033740196,-0.4896641333034304
1741229700.0,4.486293551361037,-0.48968173543607735
1741229760.0,4.486484069593893,-0.4896993220869924
1741229820.0,4.486674588435731,-0.4897168932559887
1741229880.0,4.486865107883512,-0.4897344489428848
1741229940.0,4.487055627934164,-0.48975198914749746
1741230000.0,4.487246148584651,-0.48976951386964684
1741230060.0,4.487436669831901,-0.48978702310914796
1741230120.0,4.487627191672895,-0.4898045168658264
1741230180.0,4.487817714104578,-0.48982199513949876
1741230240.0,4.4880082371238785,-0.489839457929987
1741230300.0,4.488198760727759,-0.4898569052371167
1741230360.0,4.4883892849131835,-0.48987433706070804
1741230420.0,4.488579809677081,-0.4898917534005865
1741230480.0,4.488770335016394,-0.4899091542565775
1741230540.0,4.488960860928072,-0.4899265396285048
1741230600.0,4.489151387409076,-0.4899439095161974
1741230660.0,4.489341914456352,-0.4899612639194789
1741230720.0,4.489532442066828,-0.48997860283818184
1741230780.0,4.489722970237468,-0.48999592627213345
1741230840.0,4.489913498965216,-0.4900132342211644
1741230900.0,4.4901040282470195,-0.4900305266851019
1741230960.0,4.490294558079807,-0.4900478036637801
1741231020.0,4.490485088460557,-0.4900650651570315
1741231080.0,4.490675619386163,-0.4900823111646903
1741231140.0,4.490866150853625,-0.4900995416865855
1741231200.0,4.491056682859853,-0.49011675672255645
1741231260.0,4.491247215401792,-0.49013395627243733
1741231320.0,4.491437748476387,-0.4901511403360641
1741231380.0,4.491628282080604,-0.4901683089132745
1741231440.0,4.49181881621135,-0.49018546200390445
1741231500.0,4.492009350865592,-0.49020259960779505
1741231560.0,4.4921998860402725,-0.49021972172478406
1741231620.0,4.4923904217323045,-0.49023682835471266
1741231680.0,4.492580957938666,-0.49025391949742375
1741231740.0,4.492771494656271,-0.4902709951527567
1741231800.0,4.49296203188208,-0.49028805532055453
1741231860.0,4.493152569613022,-0.4903051000006636
1741231920.0,4.4933431078460435,-0.49032212919292506
1741231980.0,4.493533646578072,-0.4903391428971854
1741232040.0,4.49372418580607,-0.49035614111329273
1741232100.0,4.493914725526951,-0.49037312384108994
1741232160.0,4.494105265737657,-0.49039009108042697
1741232220.0,4.494295806435135,-0.49040704283115194
1741232280.0,4.4944863476163315,-0.4904239790931148
1741232340.0,4.494676889278175,-0.4904408998661654
1741232400.0,4.494867431417591,-0.49045780515015375
1741232460.0,4.495057974031529,-0.4904746949449331
1741232520.0,4.4952485171169325,-0.4904915692503569
1741232580.0,4.495439060670729,-0.49050842806627515
1741232640.0,4.4956296046898485,-0.49052527139254454
1741232700.0,4.4958201491712355,-0.49054209922901865
1741232760.0,4.49601069411182,-0.49055891157555415
1741232820.0,4.4962012395085615,-0.49057570843200815
1741232880.0,4.496391785358357,-0.49059248979823744
1741232940.0,4.496582331658168,-0.49060925567410235
1741233000.0,4.496772878404905,-0.4906260060594563
1741233060.0,4.496963425595533,-0.49064274095416494
1741233120.0,4.497153973226959,-0.4906594603580869
1741233180.0,4.4973445212961325,-0.4906761642710841
1741233240.0,4.497535069799981,-0.4906928526930172
1741233300.0,4.497725618735431,-0.4907095256237535
1741233360.0,4.497916168099429,-0.49072618306315147
1741233420.0,4.498106717888886,-0.49074282501108035
1741233480.0,4.498297268100748,-0.4907594514674022
1741233540.0,4.498487818731942,-0.49077606243198607
1741233600.0,4.498678369779415,-0.49079265790470117
1741233660.0,4.498868921240078,-0.49080923788540964
1741233720.0,4.499059473110875,-0.49082580237398393
1741233780.0,4.499250025388718,-0.4908423513702932
1741233840.0,4.499440578070552,-0.4908588848742083
1741233900.0,4.499631131153305,-0.4908754028856019
1741233960.0,4.499821684633907,-0.49089190540434297
1741234020.0,4.500012238509267,-0.49090839243030415
1741234080.0,4.500202792776349,-0.4909248639633634
1741234140.0,4.500393347432063,-0.49094132000339136
1741234200.0,4.5005839024733385,-0.49095776055026585
1741234260.0,4.500774457897103,-0.4909741856038614
1741234320.0,4.500965013700266,-0.49099059516405574
1741234380.0,4.501155569879792,-0.49100698923072666
1741234440.0,4.5013461264325745,-0.4910233678037537
1741234500.0,4.5015366833555595,-0.49103973088301484
1741234560.0,4.501727240645674,-0.4910560784683913
1741234620.0,4.501917798299811,-0.4910724105597627
1741234680.0,4.502108356314953,-0.49108872715701196
1741234740.0,4.502298914687974,-0.49110502826002234
1741234800.0,4.502489473415839,-0.49112131386867497
1741234860.0,4.502680032495439,-0.4911375839828583
1741234920.0,4.502870591923721,-0.49115383860245354
1741234980.0,4.5030611516975965,-0.4911700777273509
1741235040.0,4.503251711813991,-0.49118630135743147
1741235100.0,4.503442272269837,-0.49120250949258715
1741235160.0,4.503632833062059,-0.4912187021327045
1741235220.0,4.503823394187569,-0.4912348792776736
1741235280.0,4.504013955643279,-0.4912510409273845
1741235340.0,4.504204517426149,-0.49126718708172534
1741235400.0,4.504395079533076,-0.4912833177405951
1741235460.0,4.504585641960968,-0.4912994329038767
1741235520.0,4.504776204706771,-0.4913155325714689
1741235580.0,4.504966767767399,-0.49133161674326714
1741235640.0,4.505157331139776,-0.4913476854191613
1741235700.0,4.505347894820814,-0.49136373859905197
1741235760.0,4.505538458807443,-0.49137977628283264
1741235820.0,4.50572902309659,-0.4913957984704022
1741235880.0,4.505919587685147,-0.49141180516165756
1741235940.0,4.506110152570062,-0.49142779635649925
1741236000.0,4.506300717748227,-0.4914437720548261
1741236060.0,4.506491283216605,-0.4914597322565385
1741236120.0,4.506681848972055,-0.49147567696153877
1741236180.0,4.506872415011539,-0.49149160616972754
1741236240.0,4.50706298133197,-0.49150751988101044
1741236300.0,4.507253547930257,-0.49152341809528977
1741236360.0,4.507444114803327,-0.49153930081246955
1741236420.0,4.507634681948077,-0.49155516803245547
1741236480.0,4.507825249361433,-0.49157101975515505
1741236540.0,4.50801581704034,-0.49158685598047586
1741236600.0,4.508206384981675,-0.49160267670832364
1741236660.0,4.508396953182367,-0.491618481938611
1741236720.0,4.508587521639342,-0.4916342716712403
1741236780.0,4.5087780903494945,-0.49165004590612954
1741236840.0,4.508968659309771,-0.49166580464318616
1741236900.0,4.5091592285170625,-0.4916815478823229
1741236960.0,4.5093497979683,-0.4916972756234525
1741237020.0,4.5095403676603745,-0.49171298786648765
1741237080.0,4.509730937590233,-0.49172868461134467
1741237140.0,4.509921507754751,-0.49174436585793796
1741237200.0,4.510112078150875,-0.49176003160618553
1741237260.0,4.510302648775514,-0.49177568185599835
1741237320.0,4.510493219625562,-0.4917913166073014
1741237380.0,4.5106837906979305,-0.49180693586000734
1741237440.0,4.510874361989565,-0.4918225396140412
1741237500.0,4.511064933497359,-0.49183812786931913
1741237560.0,4.511255505218221,-0.4918537006257627
1741237620.0,4.511446077149047,-0.4918692578832933
1741237680.0,4.511636649286783,-0.4918847996418341
1741237740.0,4.511827221628337,-0.4919003259013101
1741237800.0,4.512017794170587,-0.4919158366616445
1741237860.0,4.512208366910477,-0.4919313319227623
1741237920.0,4.512398939844903,-0.49194681168458826
1741237980.0,4.512589512970774,-0.49196227594704933
1741238040.0,4.512780086285018,-0.4919777247100738
1741238100.0,4.512970659784511,-0.4919931579735901
1741238160.0,4.5131612334661995,-0.4920085757375268
1741238220.0,4.513351807326958,-0.492023978001814
1741238280.0,4.513542381363716,-0.49203936476638355
1741238340.0,4.513732955573384,-0.49205473603116406
1741238400.0,4.513923529952872,-0.4920700917960909
1741238460.0,4.514114104499074,-0.4920854320610959
1741238520.0,4.514304679208901,-0.49210075682611454
1741238580.0,4.51449525407928,-0.49211606609107883
1741238640.0,4.514685829107089,-0.4921313598559276
1741238700.0,4.514876404289253,-0.4921466381205945
1741238760.0,4.515066979622686,-0.4921619008850168
1741238820.0,4.51525755510428,-0.4921771481491369
1741238880.0,4.515448130730945,-0.4921923799128884
1741238940.0,4.515638706499577,-0.4922075961762137
1741239000.0,4.5158292824071005,-0.49222279693905346
1741239060.0,4.516019858450429,-0.49223798220134846
1741239120.0,4.516210434626437,-0.4922531519630392
1741239180.0,4.516401010932053,-0.4922683062240717
1741239240.0,4.516591587364171,-0.49228344498438825
1741239300.0,4.5167821639197,-0.4922985682439331
1741239360.0,4.516972740595535,-0.4923136760026521
1741239420.0,4.517163317388604,-0.4923287682604928
1741239480.0,4.517353894295801,-0.4923438450173996
1741239540.0,4.517544471314,-0.49235890627332163
1741239600.0,4.517735048440148,-0.49237395202820666
1741239660.0,4.517925625671121,-0.4923889822820075
1741239720.0,4.518116203003845,-0.4924039970346701
1741239780.0,4.518306780435181,-0.4924189962861473
1741239840.0,4.518497357962074,-0.49243398003639033
1741239900.0,4.518687935581417,-0.4924489482853554
1741239960.0,4.518878513290104,-0.4924639010329919
1741240020.0,4.519069091085026,-0.49247883827925637
1741240080.0,4.519259668963115,-0.49249376002410333
1741240140.0,4.519450246921243,-0.4925086662674891
1741240200.0,4.519640824956324,-0.4925235570093701
1741240260.0,4.519831403065249,-0.49253843224970445
1741240320.0,4.52002198124493,-0.49255329198844844
1741240380.0,4.520212559492276,-0.4925681362255655
1741240440.0,4.520403137804167,-0.4925829649610137
1741240500.0,4.520593716177509,-0.4925977781947513
1741240560.0,4.520784294609198,-0.4926125759267431
1741240620.0,4.5209748730961445,-0.49262735815695097
1741240680.0,4.52116545163524,-0.49264212488533815
1741240740.0,4.521356030223398,-0.492656876111868
1741240800.0,4.521546608857493,-0.49267161183650726
1741240860.0,4.521737187534436,-0.49268633205921947
1741240920.0,4.52192776625112,-0.49270103677997307
1741240980.0,4.522118345004455,-0.492715725998735
1741241040.0,4.522308923791319,-0.49273039971547367
1741241100.0,4.522499502608638,-0.4927450579301561
1741241160.0,4.522690081453272,-0.49275970064275604
1741241220.0,4.522880660322149,-0.4927743278532403
1741241280.0,4.523071239212161,-0.49278893956158104
1741241340.0,4.5232618181202024,-0.49280353576775204
1741241400.0,4.52345239704315,-0.4928181164717254
1741241460.0,4.523642975977929,-0.4928326816734766
1741241520.0,4.523833554921401,-0.492847231372976
1741241580.0,4.524024133870511,-0.49286176557020617
1741241640.0,4.524214712822116,-0.49287628426513913
1741241700.0,4.524405291773127,-0.4928907874577506
1741241760.0,4.524595870720421,-0.49290527514802124
1741241820.0,4.524786449660909,-0.49291974733592836
1741241880.0,4.5249770285915,-0.4929342040214528
1741241940.0,4.525167607509054,-0.49294864520457543
1741242000.0,4.5253581864104815,-0.49296307088527525
1741242060.0,4.525548765292674,-0.49297748106353645
1741242120.0,4.5257393441525275,-0.49299187573933995
1741242180.0,4.5259299229869505,-0.49300625491267175
1741242240.0,4.526120501792804,-0.4930206185835162
1741242300.0,4.526311080567013,-0.493034966751854
1741242360.0,4.526501659306439,-0.4930492994176782
1741242420.0,4.526692238008009,-0.4930636165809714
1741242480.0,4.526882816668597,-0.49307791824172137
1741242540.0,4.527073395285082,-0.49309220439991763
1741242600.0,4.527263973854372,-0.4931064750555514
1741242660.0,4.527454552373363,-0.493120730208607
1741242720.0,4.527645130838928,-0.49313496985908273
1741242780.0,4.52783570924798,-0.4931491940069646
1741242840.0,4.528026287597411,-0.4931634026522508
1741242900.0,4.528216865884081,-0.493177595794931
1741242960.0,4.528407444104918,-0.4931917734349998
1741243020.0,4.528598022256777,-0.49320593557245207
1741243080.0,4.528788600336591,-0.4932200822072861
1741243140.0,4.528979178341215,-0.4932342133394965
1741243200.0,4.529169756267544,-0.49324832896907994
1741243260.0,4.529360334112471,-0.4932624290960363
1741243320.0,4.5295509118729065,-0.4932765137203657
1741243380.0,4.529741489545708,-0.4932905828420645
1741243440.0,4.5299320671277705,-0.49330463646113815
1741243500.0,4.530122644616005,-0.49331867457758466
1741243560.0,4.530313222007268,-0.49333269719140765
1741243620.0,4.530503799298471,-0.49334670430261063
1741243680.0,4.530694376486509,-0.493360695911197
1741243740.0,4.530884953568238,-0.4933746720171721
1741243800.0,4.53107553054057,-0.4933886326205411
1741243860.0,4.5312661074003975,-0.493402577721311
1741243920.0,4.53145668414458,-0.4934165073194888
1741243980.0,4.531647260770046,-0.4934304214150832
1741244040.0,4.531837837273635,-0.49344432000810295
1741244100.0,4.532028413652275,-0.49345820309855665
1741244160.0,4.532218989902827,-0.4934720706864567
1741244220.0,4.532409566022181,-0.4934859227718118
1741244280.0,4.532600142007232,-0.49349975935463586
1741244340.0,4.532790717854857,-0.49351358043494103
1741244400.0,4.532981293561964,-0.4935273860127449
1741244460.0,4.533171869125414,-0.4935411760880561
1741244520.0,4.5333624445420995,-0.49355495066089566
1741244580.0,4.533553019808895,-0.4935687097312739
1741244640.0,4.533743594922695,-0.49358245329921197
1741244700.0,4.5339341698803945,-0.4935961813647289
1741244760.0,4.534124744678883,-0.4936098939278405
1741244820.0,4.534315319315005,-0.4936235909885641
1741244880.0,4.534505893785687,-0.4936372725469261
1741244940.0,4.534696468087787,-0.4936509386029437
1741245000.0,4.534887042218218,-0.49366458915663974
1741245060.0,4.535077616173817,-0.4936782242080351
1741245120.0,4.535268189951515,-0.4936918437571561
1741245180.0,4.535458763548172,-0.4937054478040269
1741245240.0,4.535649336960677,-0.4937190363486705
1741245300.0,4.53583991018591,-0.49373260939111635
1741245360.0,4.536030483220744,-0.49374616693138723
1741245420.0,4.5362210560620735,-0.49375970896951277
1741245480.0,4.536411628706792,-0.49377323550552266
1741245540.0,4.536602201151757,-0.4937867465394449
1741245600.0,4.53679277339388,-0.493800242071309
1741245660.0,4.536983345430001,-0.4938137221011448
1741245720.0,4.537173917257051,-0.4938271866289871
1741245780.0,4.5373644888718685,-0.4938406356548656
1741245840.0,4.5375550602713455,-0.49385406917881525
1741245900.0,4.5377456314523785,-0.4938674872008708
1741245960.0,4.537936202411859,-0.4938808897210656
1741246020.0,4.538126773146629,-0.4938942767394344
1741246080.0,4.538317343653597,-0.4939076482560176
1741246140.0,4.538507913929625,-0.49392100427084973
1741246200.0,4.53869848397162,-0.4939343447839695
1741246260.0,4.538889053776426,-0.4939476697954169
1741246320.0,4.539079623340953,-0.49396097930522864
1741246380.0,4.539270192662076,-0.49397427331344834
1741246440.0,4.53946076173667,-0.4939875518201179
1741246500.0,4.539651330561596,-0.49400081482527736
1741246560.0,4.539841899133763,-0.4940140623289688
1741246620.0,4.540032467450048,-0.4940272943312408
1741246680.0,4.540223035507307,-0.49404051083213557
1741246740.0,4.5404136033024365,-0.49405371183169833
1741246800.0,4.540604170832292,-0.4940668973299745
1741246860.0,4.540794738093787,-0.49408006732701115
1741246920.0,4.540985305083778,-0.494093221822859
1741246980.0,4.541175871799141,-0.4941063608175649
1741247040.0,4.54136643823677,-0.4941194843111781
1741247100.0,4.541557004393525,-0.49413259230374895
1741247160.0,4.541747570266295,-0.49414568479532994
1741247220.0,4.541938135851941,-0.4941587617859716
1741247280.0,4.542128701147375,-0.4941718232757281
1741247340.0,4.542319266149436,-0.4941848692646517
1741247400.0,4.5425098308550185,-0.49419789975279843
1741247460.0,4.542700395260997,-0.4942109147402223
1741247520.0,4.5428909593642315,-0.49422391422697903
1741247580.0,4.543081523161648,-0.4942368982131281
1741247640.0,4.543272086650073,-0.49424986669872367
1741247700.0,4.543462649826379,-0.4942628196838267
1741247760.0,4.543653212687497,-0.4942757571684966
1741247820.0,4.5438437752302505,-0.4942886791527927
1741247880.0,4.54403433745153,-0.4943015856367743
1741247940.0,4.544224899348215,-0.49431447662050776
1741248000.0,4.544415460917178,-0.494327352104049
1741248060.0,4.544606022155297,-0.4943402120874659
1741248120.0,4.544796583059447,-0.49435305657082323
1741248180.0,4.544987143626487,-0.4943658855541854
1741248240.0,4.54517770385331,-0.49437869903761544
1741248300.0,4.545368263736791,-0.49439149702118307
1741248360.0,4.545558823273807,-0.4944042795049546
1741248420.0,4.545749382461199,-0.494417046488998
1741248480.0,4.545939941295877,-0.4944297979733832
1741248540.0,4.546130499774719,-0.49444253395818
1741248600.0,4.54632105789458,-0.4944552544434582
1741248660.0,4.54651161565232,-0.4944679594292894
1741248720.0,4.546702173044833,-0.49448064891574683
1741248780.0,4.546892730068993,-0.4944933229029038
1741248840.0,4.547083286721661,-0.494505981390832
1741248900.0,4.547273842999729,-0.49451862437960636
1741248960.0,4.547464398900055,-0.49453125186930713
1741249020.0,4.5476549544195155,-0.49454386386000593
1741249080.0,4.547845509554969,-0.4945564603517813
1741249140.0,4.548036064303324,-0.4945690413447135
1741249200.0,4.548226618661409,-0.49458160683887764
1741249260.0,4.548417172626129,-0.4945941568343539
1741249320.0,4.548607726194329,-0.4946066913312244
1741249380.0,4.548798279362918,-0.4946192103295694
1741249440.0,4.548988832128737,-0.49463171382947274
1741249500.0,4.549179384488664,-0.49464420183101454
1741249560.0,4.549369936439571,-0.49465667433428046
1741249620.0,4.54956048797832,-0.4946691313393525
1741249680.0,4.5497510391018015,-0.49468157284631964
1741249740.0,4.549941589806875,-0.49469399885526566
1741249800.0,4.550132140090419,-0.49470640936627963
1741249860.0,4.550322689949304,-0.4947188043794452
1741249920.0,4.550513239380393,-0.4947311838948551
1741249980.0,4.550703788380543,-0.4947435479125946
1741250040.0,4.550894336946645,-0.4947558964327581
1741250100.0,4.5510848850755625,-0.4947682294554346
1741250160.0,4.551275432764184,-0.4947805469807147
1741250220.0,4.551465980009352,-0.49479284900869286
1741250280.0,4.551656526807943,-0.49480513553946326
1741250340.0,4.551847073156833,-0.49481740657311835
1741250400.0,4.5520376190528795,-0.49482966210975243
1741250460.0,4.552228164492976,-0.49484190214946316
1741250520.0,4.552418709473963,-0.4948541266923467
1741250580.0,4.552609253992736,-0.4948663357385006
1741250640.0,4.552799798046133,-0.4948785292880227
1741250700.0,4.55299034163105,-0.4948907073410124
1741250760.0,4.553180884744361,-0.4949028698975711
1741250820.0,4.553371427382907,-0.4949150169577964
1741250880.0,4.553561969543566,-0.49492714852179126
1741250940.0,4.553752511223211,-0.4949392645896587
1741251000.0,4.553943052418702,-0.4949513651615018
1741251060.0,4.554133593126932,-0.4949634502374233
1741251120.0,4.554324133344741,-0.49497551981752813
1741251180.0,4.554514673069006,-0.4949875739019244
1741251240.0,4.554705212296586,-0.49499961249071506
1741251300.0,4.5548957510243735,-0.4950116355840102
1741251360.0,4.555086289249209,-0.49502364318191433
1741251420.0,4.555276826967969,-0.49503563528454103
1741251480.0,4.555467364177529,-0.4950476118919951
1741251540.0,4.555657900874748,-0.4950595730043898
1741251600.0,4.555848437056501,-0.49507151862183696
1741251660.0,4.556038972719647,-0.49508344874444826
1741251720.0,4.556229507861045,-0.4950953633723336
1741251780.0,4.55642004247757,-0.49510726250561
1741251840.0,4.556610576566097,-0.4951191461443891
1741251900.0,4.5568011101234855,-0.4951310142887896
1741251960.0,4.556991643146595,-0.4951428669389266
1741252020.0,4.557182175632299,-0.49515470409491547
1741252080.0,4.557372707577458,-0.49516652575687486
1741252140.0,4.557563238978946,-0.49517833192492333
1741252200.0,4.557753769833623,-0.4951901225991814
1741252260.0,4.557944300138364,-0.4952018977797659
1741252320.0,4.55813482989001,-0.49521365746680096
1741252380.0,4.558325359085455,-0.49522540166040857
1741252440.0,4.558515887721556,-0.49523713036070915
1741252500.0,4.558706415795155,-0.4952488435678268
1741252560.0,4.558896943303146,-0.4952605412818852
1741252620.0,4.559087470242403,-0.495272223503012
1741252680.0,4.559277996609752,-0.4952838902313309
1741252740.0,4.559468522402083,-0.4952955414669694
1741252800.0,4.559659047616257,-0.49530717721005313
1741252860.0,4.5598495722491315,-0.4953187974607131
1741252920.0,4.560040096297583,-0.4953304022190767
1741252980.0,4.560230619758469,-0.4953419914852729
1741253040.0,4.560421142628666,-0.49535356525943636
1741253100.0,4.560611664905014,-0.49536512354169254
1741253160.0,4.560802186584391,-0.49537666633217936
1741253220.0,4.5609927076636705,-0.49538819363102604
1741253280.0,4.5611832281396945,-0.4953997054383687
1741253340.0,4.561373748009339,-0.4954112017543416
1741253400.0,4.561564267269461,-0.49542268257908106
1741253460.0,4.561754785916939,-0.49543414791272145
1741253520.0,4.56194530394863,-0.4954455977554005
1741253580.0,4.562135821361392,-0.49545703210725794
1741253640.0,4.562326338152083,-0.4954684509684334
1741253700.0,4.562516854317581,-0.4954798543390595
1741253760.0,4.562707369854741,-0.4954912422192864
1741253820.0,4.5628978847604245,-0.49550261460924666
1741253880.0,4.563088399031506,-0.49551397150908866
1741253940.0,4.563278912664828,-0.4955253129189521
1741254000.0,4.563469425657264,-0.4955366388389799
1741254060.0,4.5636599380056735,-0.4955479492693189
1741254120.0,4.5638504497069325,-0.4955592442101139
1741254180.0,4.564040960757899,-0.4955705236615096
1741254240.0,4.564231471155415,-0.4955817876236545
1741254300.0,4.564421980896355,-0.4955930360966935
1741254360.0,4.564612489977596,-0.4956042690807801
1741254420.0,4.564802998395995,-0.49561548657605925
1741254480.0,4.564993506148395,-0.49562668858268094
1741254540.0,4.5651840132316694,-0.49563787510079876
1741254600.0,4.565374519642678,-0.49564904613056293
1741254660.0,4.56556502537828,-0.4956602016721269
1741254720.0,4.565755530435349,-0.49567134172564437
1741254780.0,4.565946034810746,-0.4956824662912654
1741254840.0,4.5661365385013095,-0.4956935753691505
1741254900.0,4.566327041503936,-0.4957046689594516
1741254960.0,4.566517543815445,-0.49571574706232746
1741255020.0,4.5667080454327325,-0.4957268096779335
1741255080.0,4.5668985463526575,-0.4957378568064302
1741255140.0,4.567089046572058,-0.49574888844797643
1741255200.0,4.567279546087795,-0.49575990460272923
1741255260.0,4.56747004489676,-0.495770905270851
1741255320.0,4.567660542995796,-0.4957818904525039
1741255380.0,4.567851040381759,-0.49579286014784874
1741255440.0,4.568041537051528,-0.4958038143570511
1741255500.0,4.568232033001941,-0.4958147530802717
1741255560.0,4.568422528229857,-0.4958256763176762
1741255620.0,4.568613022732153,-0.49583658406943054
1741255680.0,4.568803516505686,-0.4958474763357005
1741255740.0,4.568994009547317,-0.4958583531166536
1741255800.0,4.5691845018539015,-0.4958692144124591
1741255860.0,4.569374993422298,-0.4958800602232829
1741255920.0,4.569565484249367,-0.49589089054929597
1741255980.0,4.569755974331966,-0.49590170539066764
1741256040.0,4.5699464636669695,-0.4959125047475724
1741256100.0,4.570136952251221,-0.49592328862017787
1741256160.0,4.570327440081594,-0.49593405700865684
1741256220.0,4.570517927154931,-0.49594480991318723
1741256280.0,4.5707084134681075,-0.4959555473339402
1741256340.0,4.5708988990179815,-0.49596626927109017
1741256400.0,4.571089383801394,-0.49597697572481525
1741256460.0,4.571279867815239,-0.49598766669529
1741256520.0,4.571470351056338,-0.4959983421826959
1741256580.0,4.57166083352157,-0.49600900218720734
1741256640.0,4.57185131520779,-0.4960196467090043
1741256700.0,4.572041796111877,-0.4960302757482682
1741256760.0,4.572232276230653,-0.4960408893051788
1741256820.0,4.5724227555610115,-0.4960514873799176
1741256880.0,4.572613234099776,-0.4960620699726663
1741256940.0,4.572803711843839,-0.4960726370836113
1741257000.0,4.572994188790042,-0.49608318871293444
1741257060.0,4.573184664935244,-0.4960937248608188
1741257120.0,4.573375140276304,-0.4961042455274529
1741257180.0,4.573565614810096,-0.4961147507130218
1741257240.0,4.57375608853346,-0.496125240417714
1741257300.0,4.573946561443259,-0.49613571464171446
1741257360.0,4.574137033536348,-0.4961461733852169
1741257420.0,4.574327504809602,-0.4961566166484064
1741257480.0,4.574517975259865,-0.4961670444314765
1741257540.0,4.574708444883994,-0.4961774567346177
1741257600.0,4.574898913678863,-0.4961878535580201
1741257660.0,4.575089381641298,-0.4961982349018792
1741257720.0,4.575279848768193,-0.49620860076638873
1741257780.0,4.575470315056386,-0.49621895115174064
1741257840.0,4.575660780502754,-0.49622928605813227
1741257900.0,4.575851245104123,-0.4962396054857589
1741257960.0,4.576041708857364,-0.49624990943481795
1741258020.0,4.576232171759357,-0.4962601979055066
1741258080.0,4.576422633806942,-0.4962704708980254
1741258140.0,4.576613094996976,-0.4962807284125717
1741258200.0,4.576803555326318,-0.49629097044934456
1741258260.0,4.57699401479181,-0.496301197008548
1741258320.0,4.577184473390345,-0.49631140809038293
1741258380.0,4.5773749311187455,-0.4963216036950481
1741258440.0,4.577565387973904,-0.4963317838227531
1741258500.0,4.577755843952648,-0.49634194847369856
1741258560.0,4.577946299051832,-0.49635209764808874
1741258620.0,4.5781367532683515,-0.4963622313461331
1741258680.0,4.5783272065990275,-0.4963723495680323
1741258740.0,4.578517659040738,-0.49638245231399747
1741258800.0,4.578708110590325,-0.4963925395842382
1741258860.0,4.578898561244644,-0.4964026113789638
1741258920.0,4.5790890110005735,-0.49641266769837855
1741258980.0,4.579279459854951,-0.49642270854269704
1741259040.0,4.579469907804638,-0.4964327339121324
1741259100.0,4.579660354846492,-0.49644274380689374
1741259160.0,4.57985080097739,-0.49645273822719427
1741259220.0,4.5800412461941535,-0.49646271717324864
1741259280.0,4.580231690493659,-0.4964726806452714
1741259340.0,4.580422133872766,-0.496482628643479
1741259400.0,4.580612576328313,-0.49649256116808616
1741259460.0,4.580803017857179,-0.496502478219311
1741259520.0,4.58099345845622,-0.4965123797973717
1741259580.0,4.581183898122277,-0.49652226590248477
1741259640.0,4.58137433685221,-0.49653213653487177
1741259700.0,4.581564774642895,-0.4965419916947526
1741259760.0,4.5817552114911715,-0.4965518313823472
1741259820.0,4.581945647393898,-0.4965616555978791
1741259880.0,4.582136082347933,-0.49657146434156973
1741259940.0,4.582326516350118,-0.4965812576136426
1741260000.0,4.582516949397329,-0.49659103541432287
1741260060.0,4.582707381486442,-0.49660079774383575
1741260120.0,4.582897812614262,-0.49661054460240445
1741260180.0,4.583088242777665,-0.49662027599025954
1741260240.0,4.583278671973545,-0.496629991907626
1741260300.0,4.583469100198708,-0.4966396923547344
1741260360.0,4.58365952745003,-0.4966493773318098
1741260420.0,4.583849953724386,-0.49665904683908785
1741260480.0,4.5840403790186,-0.49666870087679355
1741260540.0,4.58423080332953,-0.49667833944516093
1741260600.0,4.5844212266540705,-0.4966879625444238
1741260660.0,4.584611648989044,-0.4966975701748144
1741260720.0,4.584802070331309,-0.49670716233656476
1741260780.0,4.584992490677723,-0.4967167390299104
1741260840.0,4.585182910025165,-0.4967263002550889
1741260900.0,4.585373328370473,-0.4967358460123357
1741260960.0,4.585563745710488,-0.49674537630188476
1741261020.0,4.585754162042088,-0.49675489112397875
1741261080.0,4.585944577362128,-0.4967643904788531
1741261140.0,4.5861349916674525,-0.49677387436675063
1741261200.0,4.586325404954919,-0.49678334278790853
1741261260.0,4.586515817221401,-0.4967927957425677
1741261320.0,4.5867062284637425,-0.4968022332309725
1741261380.0,4.586896638678784,-0.49681165525336557
1741261440.0,4.587087047863417,-0.4968210618099877
1741261500.0,4.587277456014466,-0.49683045290108685
1741261560.0,4.587467863128789,-0.4968398285269054
1741261620.0,4.587658269203263,-0.4968491886876914
1741261680.0,4.587848674234745,-0.4968585333836908
1741261740.0,4.588039078220059,-0.49686786261514976
1741261800.0,4.588229481156082,-0.49687717638231965
1741261860.0,4.588419883039689,-0.49688647468544817
1741261920.0,4.588610283867686,-0.4968957575247833
1741261980.0,4.5888006836369835,-0.49690502490057803
1741262040.0,4.588991082344404,-0.49691427681308376
1741262100.0,4.5891814799868085,-0.49692351326255346
1741262160.0,4.589371876561072,-0.4969327342492402
1741262220.0,4.589562272064017,-0.49694193977339546
1741262280.0,4.589752666492518,-0.4969511298352757
1741262340.0,4.589943059843438,-0.4969603044351374
1741262400.0,4.590133452113613,-0.4969694635732373
1741262460.0,4.590323843299922,-0.4969786072498301
1741262520.0,4.5905142333992055,-0.49698773546517416
1741262580.0,4.590704622408321,-0.49699684821953116
1741262640.0,4.590895010324145,-0.49700594551315963
1741262700.0,4.591085397143501,-0.4970150273463177
1741262760.0,4.5912757828632635,-0.497024093719269
1741262820.0,4.5914661674802755,-0.49703314463227527
1741262880.0,4.591656550991413,-0.49704218008559836
1741262940.0,4.591846933393515,-0.49705120007950176
1741263000.0,4.592037314683457,-0.4970602046142508
1741263060.0,4.592227694858066,-0.4970691936901091
1741263120.0,4.592418073914214,-0.4970781673073453
1741263180.0,4.592608451848761,-0.497087125466223
1741263240.0,4.592798828658567,-0.49709606816701446
1741263300.0,4.59298920434047,-0.49710499540998326
1741263360.0,4.5931795788913306,-0.4971139071954016
1741263420.0,4.593369952308024,-0.4971228035235384
1741263480.0,4.593560324587373,-0.4971316843946623
1741263540.0,4.593750695726254,-0.4971405498090509
1741263600.0,4.593941065721544,-0.4971493997669694
1741263660.0,4.5941314345700475,-0.49715823426869715
1741263720.0,4.5943218022686745,-0.4971670533145046
1741263780.0,4.594512168814234,-0.49717585690466753
1741263840.0,4.594702534203616,-0.49718464503946175
1741263900.0,4.594892898433664,-0.49719341771916303
1741263960.0,4.595083261501236,-0.4972021749440487
1741264020.0,4.595273623403171,-0.4972109167143965
1741264080.0,4.595463984136347,-0.4972196430304856
1741264140.0,4.595654343697622,-0.4972283538925987
1741264200.0,4.595844702083837,-0.4972370493010115
1741264260.0,4.596035059291866,-0.49724572925600696
1741264320.0,4.596225415318552,-0.49725439375786756
1741264380.0,4.596415770160736,-0.49726304280687456
1741264440.0,4.59660612381531,-0.497271676403314
1741264500.0,4.596796476279099,-0.4972802945474687
1741264560.0,4.596986827548977,-0.4972888972396249
1741264620.0,4.597177177621804,-0.49729748448006883
1741264680.0,4.597367526494422,-0.4973060562690849
1741264740.0,4.5975578741636856,-0.4973146126069612
1741264800.0,4.597748220626456,-0.49732315349398915
1741264860.0,4.597938565879609,-0.49733167893045505
1741264920.0,4.598128909919967,-0.4973401889166502
1741264980.0,4.598319252744407,-0.49734868345286454
1741265040.0,4.598509594349786,-0.4973571625393911
1741265100.0,4.598699934732948,-0.4973656261765197
1741265160.0,4.598890273890764,-0.49737407436454706
1741265220.0,4.599080611820079,-0.49738250710376464
1741265280.0,4.599270948517767,-0.4973909243944673
1741265340.0,4.59946128398067,-0.49739932623695193
1741265400.0,4.599651618205646,-0.49740771263151334
1741265460.0,4.599841951189536,-0.49741608357845
1741265520.0,4.600032282929232,-0.4974244390780604
1741265580.0,4.600222613421559,-0.49743277913064127
1741265640.0,4.600412942663393,-0.49744110373649275
1741265700.0,4.600603270651574,-0.4974494128959168
1741265760.0,4.600793597382979,-0.4974577066092154
1741265820.0,4.600983922854447,-0.4974659848766869
1741265880.0,4.601174247062839,-0.4974742476986352
1741265940.0,4.601364570005029,-0.49748249507536546
1741266000.0,4.601554891677859,-0.4974907270071815
1741266060.0,4.601745212078185,-0.49749894349438706
1741266120.0,4.60193553120287,-0.49750714453729095
1741266180.0,4.60212584904875,-0.4975153301361969
1741266240.0,4.602316165612705,-0.4975235002914139
1741266300.0,4.602506480891608,-0.4975316550032508
1741266360.0,4.602696794882267,-0.4975397942720148
1741266420.0,4.602887107581572,-0.49754791809801835
1741266480.0,4.603077418986385,-0.49755602648157027
1741266540.0,4.603267729093546,-0.49756411942298484
1741266600.0,4.603458037899931,-0.49757219692256915
1741266660.0,4.6036483454023625,-0.4975802589806426
1741266720.0,4.6038386515977345,-0.4975883055975142
1741266780.0,4.604028956482905,-0.4975963367735015
1741266840.0,4.604219260054697,-0.4976043525089187
1741266900.0,4.604409562309989,-0.4976123528040835
1741266960.0,4.604599863245654,-0.49762033765930996
1741267020.0,4.604790162858516,-0.49762830707491934
1741267080.0,4.604980461145452,-0.4976362610512291
1741267140.0,4.6051707581033385,-0.4976441995885588
1741267200.0,4.605361053728978,-0.49765212268722786
1741267260.0,4.605551348019285,-0.4976600303475608
1741267320.0,4.6057416409710985,-0.4976679225698753
1741267380.0,4.60593193258126,-0.49767579935449424
1741267440.0,4.606122222846645,-0.497683660701744
1741267500.0,4.606312511764113,-0.49769150661194755
1741267560.0,4.606502799330521,-0.4976993370854294
1741267620.0,4.60669308554271,-0.49770715212251604
1741267680.0,4.606883370397557,-0.4977149517235337
1741267740.0,4.607073653891903,-0.49772273588881066
1741267800.0,4.607263936022622,-0.49773050461867313
1741267860.0,4.607454216786558,-0.4977382579134529
1741267920.0,4.607644496180601,-0.497745995773478
1741267980.0,4.607834774201576,-0.49775371819908004
1741268040.0,4.608025050846343,-0.4977614251905906
1741268100.0,4.608215326111774,-0.4977691167483396
1741268160.0,4.6084055999947315,-0.4977767928726639
1741268220.0,4.608595872492072,-0.49778445356389334
1741268280.0,4.608786143600636,-0.4977920988223648
1741268340.0,4.608976413317301,-0.4977997286484151
1741268400.0,4.609166681638922,-0.49780734304237756
1741268460.0,4.609356948562343,-0.49781494200458914
1741268520.0,4.609547214084441,-0.49782252553539
1741268580.0,4.609737478202072,-0.49783009363511715
1741268640.0,4.609927740912076,-0.49783764630411087
1741268700.0,4.610118002211348,-0.4978451835427098
1741268760.0,4.61030826209673,-0.497852705351256
1741268820.0,4.610498520565062,-0.4978602117300932
1741268880.0,4.610688777613236,-0.4978677026795584
1741268940.0,4.610879033238094,-0.49787517820000227
1741269000.0,4.611069287436477,-0.49788263829176177
1741269060.0,4.611259540205295,-0.49789008295518766
1741269120.0,4.611449791541356,-0.49789751219062206
1741269180.0,4.611640041441553,-0.4979049259984123
1741269240.0,4.611830289902724,-0.4979123243789056
1741269300.0,4.612020536921747,-0.4979197073324511
1741269360.0,4.612210782495464,-0.4979270748593979
1741269420.0,4.6124010266207485,-0.49793442696009504
1741269480.0,4.612591269294462,-0.49794176363489157
1741269540.0,4.61278151051346,-0.49794908488414
1741269600.0,4.6129717502746015,-0.49795639070819475
1741269660.0,4.6131619885747455,-0.49796368110740474
1741269720.0,4.61335222541075,-0.49797095608212616
1741269780.0,4.613542460779474,-0.49797821563271144
1741269840.0,4.613732694677793,-0.49798545975951847
1741269900.0,4.613922927102565,-0.4979926884629015
1741269960.0,4.614113158050633,-0.4979999017432166
1741270020.0,4.61430338751887,-0.49800709960082334
1741270080.0,4.614493615504118,-0.49801428203607767
1741270140.0,4.614683842003288,-0.4980214490493427
1741270200.0,4.614874067013186,-0.4980286006409762
1741270260.0,4.6150642905307055,-0.49803573681133767
1741270320.0,4.615254512552688,-0.49804285756079025
1741270380.0,4.615444733076007,-0.49804996288969505
1741270440.0,4.6156349520975235,-0.49805705279841694
1741270500.0,4.615825169614095,-0.4980641272873208
1741270560.0,4.61601538562258,-0.4980711863567677
1741270620.0,4.616205600119853,-0.4980782300071261
1741270680.0,4.616395813102757,-0.49808525823876065
1741270740.0,4.616586024568168,-0.4980922710520396
1741270800.0,4.616776234512942,-0.4980992684473296
1741270860.0,4.61696644293394,-0.49810625042500234
1741270920.0,4.617156649828036,-0.49811321698542427
1741270980.0,4.617346855192072,-0.4981201681289654
1741271040.0,4.617537059022924,-0.4981271038559994
1741271100.0,4.617727261317449,-0.49813402416689784
1741271160.0,4.617917462072506,-0.4981409290620308
1741271220.0,4.618107661284972,-0.4981478185417736
1741271280.0,4.618297858951686,-0.4981546926064996
1741271340.0,4.618488055069527,-0.49816155125658407
1741271400.0,4.618678249635367,-0.4981683944924041
1741271460.0,4.6188684426460505,-0.49817522231433664
1741271520.0,4.61905863409845,-0.49818203472275513
1741271580.0,4.619248823989409,-0.4981888317180419
1741271640.0,4.61943901231582,-0.4981956133005738
1741271700.0,4.6196291990745415,-0.49820237947073315
1741271760.0,4.619819384262414,-0.49820913022889707
1741271820.0,4.620009567876314,-0.4982158655754475
1741271880.0,4.620199749913116,-0.49822258551077037
1741271940.0,4.6203899303696625,-0.49822929003524424
1741272000.0,4.620580109242847,-0.4982359791492534
1741272060.0,4.620770286529492,-0.4982426528531849
1741272120.0,4.620960462226492,-0.49824931114741955
1741272180.0,4.621150636330703,-0.4982559540323499
1741272240.0,4.621340808839002,-0.49826258150835817
1741272300.0,4.621530979748214,-0.49826919357583366
1741272360.0,4.621721149055248,-0.498275790235162
1741272420.0,4.621911316756947,-0.49828237148673765
1741272480.0,4.622101482850167,-0.49828893733094637
1741272540.0,4.622291647331802,-0.4982954877681809
1741272600.0,4.6224818101986935,-0.498302022798832
1741272660.0,4.6226719714477,-0.49830854242329087
1741272720.0,4.6228621310756965,-0.4983150466419535
1741272780.0,4.623052289079561,-0.4983215354552127
1741272840.0,4.623242445456149,-0.4983280088634646
1741272900.0,4.623432600202302,-0.4983344668671019
1741272960.0,4.623622753314933,-0.4983409094665209
1741273020.0,4.623812904790864,-0.49834733666212117
1741273080.0,4.6240030546269875,-0.49835374845430064
1741273140.0,4.624193202820145,-0.49836014484345553
1741273200.0,4.624383349367231,-0.49836652582998736
1741273260.0,4.624573494265085,-0.49837289141429386
1741273320.0,4.624763637510602,-0.4983792415967819
1741273380.0,4.62495377910062,-0.4983855763778475
1741273440.0,4.625143919032018,-0.49839189575789394
1741273500.0,4.625334057301654,-0.49839819973732785
1741273560.0,4.6255241939064184,-0.49840448831655065
1741273620.0,4.625714328843137,-0.4984107614959673
1741273680.0,4.625904462108722,-0.4984170192759878
1741273740.0,4.626094593700012,-0.498423261657012
1741273800.0,4.626284723613865,-0.49842948863945
1741273860.0,4.626474851847176,-0.49843570022371375
1741273920.0,4.626664978396803,-0.49844189641020803
1741273980.0,4.6268551032596035,-0.49844807719934486
1741274040.0,4.627045226432455,-0.49845424259153087
1741274100.0,4.627235347912231,-0.49846039258718317
1741274160.0,4.627425467695758,-0.49846652718670664
1741274220.0,4.627615585779962,-0.4984726463905203
1741274280.0,4.627805702161684,-0.49847875019903765
1741274340.0,4.627995816837784,-0.49848483861266885
1741274400.0,4.628185929805136,-0.4984909116318311
1741274460.0,4.628376041060617,-0.4984969692569433
1741274520.0,4.628566150601086,-0.49850301148841725
1741274580.0,4.628756258423417,-0.4985090383266719
1741274640.0,4.62894636452447,-0.4985150497721297
1741274700.0,4.629136468901119,-0.49852104582520584
1741274760.0,4.6293265715502425,-0.498527026486321
1741274820.0,4.629516672468697,-0.49853299175589594
1741274880.0,4.629706771653358,-0.49853894163435114
1741274940.0,4.629896869101087,-0.49854487612211257
1741275000.0,4.630086964808773,-0.498550795219599
1741275060.0,4.63027705877326,-0.49855669892723636
1741275120.0,4.630467150991422,-0.4985625872454487
1741275180.0,4.630657241460154,-0.4985684601746637
1741275240.0,4.630847330176296,-0.4985743177153038
1741275300.0,4.631037417136724,-0.4985801598677999
1741275360.0,4.631227502338314,-0.49858598663257453
1741275420.0,4.63141758577796,-0.4985917980100622
1741275480.0,4.631607667452484,-0.4985975940006887
1741275540.0,4.631797747358797,-0.4986033746048836
1741275600.0,4.6319878254937406,-0.4986091398230813
1741275660.0,4.632177901854208,-0.4986148896557112
1741275720.0,4.632367976437058,-0.49862062410320435
1741275780.0,4.632558049239183,-0.49862634316599724
1741275840.0,4.632748120257425,-0.4986320468445225
1741275900.0,4.632938189488659,-0.4986377351392132
1741275960.0,4.633128256929778,-0.49864340805050894
1741276020.0,4.633318322577624,-0.4986490655788409
1741276080.0,4.633508386429108,-0.4986547077246508
1741276140.0,4.63369844848107,-0.49866033448837477
1741276200.0,4.633888508730386,-0.49866594587045265
1741276260.0,4.634078567173931,-0.4986715418713226
1741276320.0,4.6342686238086,-0.4986771224914245
1741276380.0,4.634458678631233,-0.49868268773120145
1741276440.0,4.634648731638725,-0.49868823759109515
1741276500.0,4.634838782827932,-0.49869377207154547
1741276560.0,4.63502883219573,-0.4986992911729974
1741276620.0,4.635218879739014,-0.498704794895896
1741276680.0,4.635408925454625,-0.49871028324068634
1741276740.0,4.635598969339471,-0.4987157562078153
1741276800.0,4.635789011390396,-0.49872121379772427
1741276860.0,4.6359790516042745,-0.49872665601086724
1741276920.0,4.636169089978001,-0.49873208284768733
1741276980.0,4.636359126508449,-0.49873749430863673
1741277040.0,4.6365491611924785,-0.4987428903941639
1741277100.0,4.636739194026965,-0.49874827110471753
1741277160.0,4.636929225008767,-0.49875363644075116
1741277220.0,4.637119254134813,-0.49875898640271876
1741277280.0,4.637309281401927,-0.49876432099106716
1741277340.0,4.637499306807,-0.49876964020625697
1741277400.0,4.637689330346911,-0.4987749440487369
1741277460.0,4.637879352018551,-0.4987802325189641
1741277520.0,4.6380693718187445,-0.49878550561739593
1741277580.0,4.6382593897444195,-0.49879076334448785
1741277640.0,4.638449405792434,-0.4987960057006972
1741277700.0,4.638639419959647,-0.49880123268648296
1741277760.0,4.638829432242969,-0.4988064443023024
1741277820.0,4.639019442639241,-0.49881164054861815
1741277880.0,4.639209451145357,-0.49881682142588907
1741277940.0,4.639399457758208,-0.4988219869345778
1741278000.0,4.639589462474638,-0.49882713707514326
1741278060.0,4.639779465291556,-0.4988322718480533
1741278120.0,4.6399694662058035,-0.49883739125376847
1741278180.0,4.640159465214291,-0.4988424952927533
1741278240.0,4.640349462313894,-0.4988475839654754
1741278300.0,4.640539457501455,-0.4988526572723991
1741278360.0,4.640729450773899,-0.4988577152139903
1741278420.0,4.640919442128071,-0.49886275779071854
1741278480.0,4.641109431560862,-0.49886778500305334
1741278540.0,4.641299419069149,-0.4988727968514589
1741278600.0,4.641489404649806,-0.4988777933364118
1741278660.0,4.64167938829971,-0.4988827744583762
1741278720.0,4.641869370015755,-0.49888774021782856
1741278780.0,4.642059349794797,-0.4988926906152403
1741278840.0,4.64224932763375,-0.4988976256510824
1741278900.0,4.642439303529453,-0.49890254532583145
1741278960.0,4.6426292774788,-0.49890744963996053
1741279020.0,4.642819249478684,-0.49891233859394424
1741279080.0,4.643009219525981,-0.4989172121882608
1741279140.0,4.643199187617548,-0.49892207042338504
1741279200.0,4.643389153750298,-0.4989269132997969
1741279260.0,4.643579117921089,-0.4989317408179744
1741279320.0,4.643769080126813,-0.49893655297839784
1741279380.0,4.643959040364347,-0.4989413497815435
1741279440.0,4.644148998630567,-0.49894613122789655
1741279500.0,4.644338954922365,-0.4989508973179353
1741279560.0,4.644528909236601,-0.49895564805214493
1741279620.0,4.644718861570184,-0.49896038343100546
1741279680.0,4.644908811919974,-0.4989651034550054
1741279740.0,4.645098760282863,-0.49896980812462494
1741279800.0,4.645288706655746,-0.49897449744035255
1741279860.0,4.6454786510354635,-0.4989791714026736
1741279920.0,4.645668593418942,-0.49898383001207675
1741279980.0,4.645858533803059,-0.49898847326904716
1741280040.0,4.646048472184655,-0.4989931011740736
1741280100.0,4.6462384085606585,-0.4989977137276482
1741280160.0,4.646428342927946,-0.49900231093025776
1741280220.0,4.646618275283373,-0.4990068927823965
1741280280.0,4.646808205623854,-0.49901145928455465
1741280340.0,4.646998133946261,-0.4990160104372245
1741280400.0,4.647188060247474,-0.49902054624089986
1741280460.0,4.647377984524384,-0.4990250666960747
1741280520.0,4.647567906773866,-0.49902957180324486
1741280580.0,4.647757826992816,-0.4990340615629023
1741280640.0,4.647947745178108,-0.49903853597554804
1741280700.0,4.648137661326635,-0.4990429950416777
1741280760.0,4.648327575435275,-0.499047438761787
1741280820.0,4.648517487500918,-0.49905186713637684
1741280880.0,4.648707397520442,-0.4990562801659481
1741280940.0,4.648897305490741,-0.4990606778509982
1741281000.0,4.649087211408706,-0.4990650601920281
1741281060.0,4.649277115271215,-0.4990694271895422
1741281120.0,4.6494670170751435,-0.4990737788440431
1741281180.0,4.649656916817402,-0.4990781151560317
1741281240.0,4.6498468144948655,-0.49908243612601244
1741281300.0,4.65003671010441,-0.49908674175449147
1741281360.0,4.65022660364293,-0.4990910320419749
1741281420.0,4.650416495107318,-0.49909530698896726
1741281480.0,4.65060638449445,-0.49909956659597793
1741281540.0,4.650796271801238,-0.4991038108635151
1741281600.0,4.650986157024539,-0.4991080397920846
1741281660.0,4.651176040161261,-0.4991122533821981
1741281720.0,4.651365921208269,-0.49911645163436685
1741281780.0,4.651555800162486,-0.4991206345491005
1741281840.0,4.65174567702079,-0.4991248021269104
1741281900.0,4.651935551780055,-0.49912895436831145
1741281960.0,4.652125424437177,-0.49913309127381505
1741282020.0,4.65231529498903,-0.49913721284393603
1741282080.0,4.652505163432543,-0.4991413190791893
1741282140.0,4.6526950297645735,-0.4991454099800897
1741282200.0,4.652884893982017,-0.4991494855471574
1741282260.0,4.653074756081763,-0.4991535457809054
1741282320.0,4.653264616060708,-0.4991575906818522
1741282380.0,4.653454473915727,-0.49916162025051963
1741282440.0,4.653644329643731,-0.499165634487426
1741282500.0,4.653834183241614,-0.4991696333930914
1741282560.0,4.654024034706248,-0.49917361696803597
1741282620.0,4.654213884034531,-0.4991775852127834
1741282680.0,4.654403731223354,-0.49918153812785365
1741282740.0,4.654593576269612,-0.4991854757137739
1741282800.0,4.6547834191701964,-0.499189397971066
1741282860.0,4.654973259922001,-0.4991933049002552
1741282920.0,4.655163098521902,-0.4991971965018687
1741282980.0,4.65535293496681,-0.49920107277643183
1741283040.0,4.655542769253619,-0.4992049337244716
1741283100.0,4.655732601379221,-0.499208779346517
1741283160.0,4.655922431340475,-0.49921260964309494
1741283220.0,4.656112259134327,-0.4992164246147378
1741283280.0,4.656302084757652,-0.49922022426197626
1741283340.0,4.656491908207309,-0.4992240085853373
1741283400.0,4.656681729480246,-0.49922777758535847
1741283460.0,4.656871548573334,-0.499231531262567
1741283520.0,4.65706136548347,-0.499235269617502
1741283580.0,4.657251180207529,-0.49923899265069244
1741283640.0,4.657440992742421,-0.4992427003626759
1741283700.0,4.657630803085057,-0.4992463927539881
1741283760.0,4.657820611232297,-0.4992500698251649
1741283820.0,4.658010417181084,-0.4992537315767456
1741283880.0,4.658200220928278,-0.4992573780092678
1741283940.0,4.658390022470773,-0.4992610091232672
1741284000.0,4.658579821805478,-0.4992646249192868
1741284060.0,4.658769618929287,-0.499268225397864
1741284120.0,4.658959413839111,-0.4992718105595433
1741284180.0,4.659149206531827,-0.4992753804048677
1741284240.0,4.659338997004343,-0.4992789349343746
1741284300.0,4.659528785253538,-0.49928247414861204
1741284360.0,4.659718571276337,-0.4992859980481212
1741284420.0,4.659908355069619,-0.49928950663344995
1741284480.0,4.660098136630292,-0.49929299990514114
1741284540.0,4.6602879159552515,-0.49929647786374287
1741284600.0,4.66047769304139,-0.49929994050980486
1741284660.0,4.660667467885617,-0.4993033878438717
1741284720.0,4.660857240484828,-0.49930681986649306
1741284780.0,4.6610470108358975,-0.4993102365782171
1741284840.0,4.661236778935772,-0.49931363797959877
1741284900.0,4.661426544781309,-0.49931702407118617
1741284960.0,4.661616308369436,-0.49932039485353075
1741285020.0,4.6618060696970485,-0.4993237503271857
1741285080.0,4.6619958287610395,-0.49932709049270446
1741285140.0,4.6621855855583005,-0.4993304153506437
1741285200.0,4.662375340085762,-0.49933372490155503
1741285260.0,4.662565092340297,-0.4993370191459951
1741285320.0,4.662754842318819,-0.4993402980845207
1741285380.0,4.6629445900182205,-0.49934356171769034
1741285440.0,4.663134335435429,-0.4993468100460608
1741285500.0,4.663324078567303,-0.4993500430701906
1741285560.0,4.663513819410789,-0.4993532607906399
1741285620.0,4.663703557962762,-0.49935646320796906
1741285680.0,4.663893294220134,-0.49935965032274005
1741285740.0,4.664083028179816,-0.49936282213551303
1741285800.0,4.664272759838698,-0.49936597864685367
1741285860.0,4.664462489193693,-0.49936911985732024
1741285920.0,4.664652216241696,-0.4993722457674819
1741285980.0,4.664841940979615,-0.49937535637790065
1741286040.0,4.6650316634043625,-0.4993784516891435
1741286100.0,4.665221383512831,-0.4993815317017762
1741286160.0,4.66541110130193,-0.4993845964163677
1741286220.0,4.665600816768556,-0.49938764583348505
1741286280.0,4.665790529909635,-0.49939067995369557
1741286340.0,4.665980240722043,-0.49939369877757
1741286400.0,4.666169949202728,-0.4993967023056791
1741286460.0,4.666359655348561,-0.4993996905385935
1741286520.0,4.666549359156458,-0.49940266347688583
1741286580.0,4.666739060623326,-0.49940562112112663
1741286640.0,4.66692875974606,-0.49940856347189017
1741286700.0,4.667118456521606,-0.49941149052975253
1741286760.0,4.6673081509468215,-0.499414402295286
1741286820.0,4.6674978430186345,-0.4994172987690666
1741286880.0,4.667687532733973,-0.49942017995167204
1741286940.0,4.667877220089733,-0.4994230458436801
1741287000.0,4.668066905082805,-0.49942589644566665
1741287060.0,4.6682565877101005,-0.4994287317582111
1741287120.0,4.668446267968549,-0.4994315517818931
1741287180.0,4.668635945855059,-0.4994343565172935
1741287240.0,4.668825621366508,-0.4994371459649904
1741287300.0,4.66901529449984,-0.4994399201255699
1741287360.0,4.669204965251951,-0.49944267899961164
1741287420.0,4.669394633619767,-0.499445422587702
1741287480.0,4.669584299600148,-0.4994481508904187
1741287540.0,4.669773963190073,-0.49945086390835164
1741287600.0,4.6699636243864004,-0.4994535616420872
1741287660.0,4.670153283186077,-0.49945624409220846
1741287720.0,4.670342939585996,-0.4994589112593035
1741287780.0,4.670532593583068,-0.4994615631439604
1741287840.0,4.670722245174204,-0.4994641997467693
1741287900.0,4.670911894356331,-0.4994668210683182
1741287960.0,4.671101541126343,-0.4994694271091954
1741288020.0,4.671291185481169,-0.49947201786999595
1741288080.0,4.671480827417719,-0.49947459335130806
1741288140.0,4.671670466932887,-0.4994771535537234
1741288200.0,4.671860104023617,-0.49947969847783896
1741288260.0,4.672049738686787,-0.4994822281242463
1741288320.0,4.672239370919359,-0.4994847424935406
1741288380.0,4.672429000718208,-0.4994872415863169
1741288440.0,4.672618628080264,-0.49948972540317244
1741288500.0,4.672808253002437,-0.4994921939447038
1741288560.0,4.672997875481637,-0.4994946472115062
1741288620.0,4.673187495514793,-0.4994970852041837
1741288680.0,4.673377113098817,-0.4994995079233294
1741288740.0,4.673566728230635,-0.4995019153695475
1741288800.0,4.673756340907141,-0.4995043075434383
1741288860.0,4.673945951125247,-0.49950668444560026
1741288920.0,4.674135558881898,-0.4995090460766392
1741288980.0,4.674325164174003,-0.4995113924371573
1741289040.0,4.674514766998458,-0.4995137235277565
1741289100.0,4.674704367352207,-0.49951603934904437
1741289160.0,4.674893965232161,-0.499518339901623
1741289220.0,4.675083560635231,-0.4995206251861014
1741289280.0,4.6752731535583445,-0.4995228952030835
1741289340.0,4.675462743998414,-0.49952514995318026
1741289400.0,4.675652331952366,-0.49952738943699726
1741289460.0,4.675841917417113,-0.49952961365514703
1741289520.0,4.676031500389581,-0.4995318226082336
1741289580.0,4.676221080866666,-0.4995340162968729
1741289640.0,4.676410658845329,-0.4995361947216759
1741289700.0,4.676600234322464,-0.49953835788325174
1741289760.0,4.676789807294999,-0.4995405057822147
1741289820.0,4.676979377759845,-0.49954263841917923
1741289880.0,4.677168945713929,-0.4995447557947579
1741289940.0,4.677358511154182,-0.49954685790957026
1741290000.0,4.677548074077513,-0.4995489447642272
1741290060.0,4.677737634480867,-0.4995510163593465
1741290120.0,4.677927192361138,-0.49955307269554794
1741290180.0,4.678116747715254,-0.49955511377344747
1741290240.0,4.678306300540163,-0.4995571395936665
1741290300.0,4.678495850832754,-0.499559150156821
1741290360.0,4.678685398589977,-0.4995611454635342
1741290420.0,4.67887494380874,-0.49956312551442733
1741290480.0,4.67906448648599,-0.49956509031012186
1741290540.0,4.679254026618619,-0.499567039851239
1741290600.0,4.679443564203574,-0.4995689741384054
1741290660.0,4.679633099237781,-0.4995708931722423
1741290720.0,4.679822631718154,-0.4995727969533765
1741290780.0,4.68001216164162,-0.4995746854824325
1741290840.0,4.680201689005106,-0.4995765587600388
1741290900.0,4.680391213805558,-0.4995784167868203
1741290960.0,4.680580736039871,-0.49958025956340696
1741291020.0,4.680770255704989,-0.49958208709042534
1741291080.0,4.6809597727978405,-0.4995838993685073
1741291140.0,4.681149287315354,-0.49958569639828115
1741291200.0,4.681338799254441,-0.4995874781803804
1741291260.0,4.681528308612046,-0.4995892447154334
1741291320.0,4.681717815385098,-0.4995909960040755
1741291380.0,4.6819073195705245,-0.49959273204694016
1741291440.0,4.682096821165254,-0.49959445284465925
1741291500.0,4.682286320166197,-0.4995961583978698
1741291560.0,4.682475816570317,-0.4995978487072054
1741291620.0,4.682665310374508,-0.499599523773303
1741291680.0,4.682854801575732,-0.49960118359680156
1741291740.0,4.683044290170917,-0.4996028281783361
1741291800.0,4.683233776156976,-0.4996044575185475
1741291860.0,4.6834232595308345,-0.4996060716180708
1741291920.0,4.68361274028944,-0.4996076704775536
1741291980.0,4.6838022184297365,-0.4996092540976295
1741292040.0,4.683991693948618,-0.49961082247894245
1741292100.0,4.684181166843066,-0.49961237562213656
1741292160.0,4.684370637109973,-0.499613913527854
1741292220.0,4.684560104746285,-0.49961543619673715
1741292280.0,4.684749569748948,-0.4996169436294335
1741292340.0,4.6849390321148725,-0.49961843582658527
1741292400.0,4.685128491841002,-0.4996199127888401
1741292460.0,4.685317948924286,-0.49962137451684363
1741292520.0,4.685507403361633,-0.4996228210112452
1741292580.0,4.685696855150006,-0.4996242522726906
1741292640.0,4.685886304286317,-0.4996256683018326
1741292700.0,4.686075750767511,-0.49962706909931853
1741292760.0,4.686265194590533,-0.49962845466580136
1741292820.0,4.686454635752295,-0.4996298250019285
1741292880.0,4.686644074249742,-0.49963118010835444
1741292940.0,4.686833510079837,-0.49963251998573205
1741293000.0,4.68702294323949,-0.49963384463471394
1741293060.0,4.6872123737256315,-0.49963515405595643
1741293120.0,4.687401801535223,-0.4996364482501123
1741293180.0,4.687591226665193,-0.4996377272178395
1741293240.0,4.687780649112487,-0.4996389909597925
1741293300.0,4.687970068874034,-0.499640239476631
1741293360.0,4.6881594859467794,-0.4996414727690096
1741293420.0,4.68834890032765,-0.4996426908375915
1741293480.0,4.688538312013593,-0.49964389368303297
1741293540.0,4.688727721001554,-0.49964508130599533
1741293600.0,4.6889171272884616,-0.4996462537071403
1741293660.0,4.6891065308712765,-0.49964741088712916
1741293720.0,4.68929593174693,-0.49964855284662524
1741293780.0,4.6894853299123485,-0.49964967958629
1741293840.0,4.689674725364478,-0.4996507911067901
1741293900.0,4.689864118100282,-0.49965188740878713
1741293960.0,4.690053508116688,-0.4996529684929495
1741294020.0,4.690242895410642,-0.4996540343599438
1741294080.0,4.690432279979091,-0.49965508501043343
1741294140.0,4.690621661818961,-0.49965612044509033
1741294200.0,4.6908110409271995,-0.49965714066458117
1741294260.0,4.691000417300769,-0.49965814566957434
1741294320.0,4.6911897909366145,-0.49965913546074187
1741294380.0,4.691379161831647,-0.499660110038754
1741294440.0,4.691568529982848,-0.4996610694042809
1741294500.0,4.691757895387145,-0.49966201355799794
1741294560.0,4.691947258041483,-0.4996629425005737
1741294620.0,4.6921366179428095,-0.499663856232687
1741294680.0,4.692325975088068,-0.49966475475500816
1741294740.0,4.692515329474224,-0.4996656380682143
1741294800.0,4.692704681098204,-0.49966650617298264
1741294860.0,4.692894029956972,-0.4996673590699869
1741294920.0,4.693083376047455,-0.4996681967599076
1741294980.0,4.693272719366617,-0.4996690192434221
1741295040.0,4.693462059911405,-0.4996698265212075
1741295100.0,4.693651397678744,-0.49967061859394457
1741295160.0,4.693840732665617,-0.49967139546231565
1741295220.0,4.694030064868953,-0.4996721571269997
1741295280.0,4.694219394285729,-0.4996729035886809
1741295340.0,4.694408720912859,-0.4996736348480399
1741295400.0,4.6945980447473055,-0.49967435090576084
1741295460.0,4.694787365786014,-0.499675051762528
1741295520.0,4.694976684025947,-0.4996757374190272
1741295580.0,4.695165999464067,-0.49967640787594264
1741295640.0,4.695355312097305,-0.499677063133962
1741295700.0,4.695544621922622,-0.49967770319377286
1741295760.0,4.695733928936963,-0.4996783280560595
1741295820.0,4.695923233137275,-0.49967893772151645
1741295880.0,4.696112534520539,-0.49967953219082795
1741295940.0,4.696301833083682,-0.49968011146468866
1741296000.0,4.696491128823668,-0.4996806755437862
1741296060.0,4.696680421737442,-0.4996812244288117
1741296120.0,4.696869711821985,-0.49968175812045984
1741296180.0,4.697058999074226,-0.4996822766194235
1741296240.0,4.697248283491127,-0.49968277992639565
1741296300.0,4.697437565069651,-0.49968326804207247
1741296360.0,4.697626843806744,-0.49968374096714707
1741296420.0,4.697816119699351,-0.4996841987023158
1741296480.0,4.698005392744455,-0.49968464124827844
1741296540.0,4.698194662938999,-0.4996850686057279
1741296600.0,4.698383930279947,-0.4996854807753676
1741296660.0,4.698573194764245,-0.49968587775789225
1741296720.0,4.698762456388856,-0.49968625955400503
1741296780.0,4.698951715150761,-0.49968662616440424
1741296840.0,4.699140971046887,-0.49968697758979147
1741296900.0,4.699330224074198,-0.4996873138308718
1741296960.0,4.699519474229675,-0.4996876348883433
1741297020.0,4.699708721510245,-0.4996879407629112
1741297080.0,4.699897965912889,-0.4996882314552806
1741297140.0,4.700087207434572,-0.4996885069661564
1741297200.0,4.7002764460722535,-0.49968876729624406
1741297260.0,4.700465681822882,-0.4996890124462502
1741297320.0,4.70065491468342,-0.49968924241688
1741297380.0,4.700844144650848,-0.49968945720884556
1741297440.0,4.70103337172211,-0.499689656822852
1741297500.0,4.701222595894172,-0.4996898412596114
1741297560.0,4.701411817163995,-0.49969001051983236
1741297620.0,4.7016010355285625,-0.4996901646042252
1741297680.0,4.701790250984816,-0.49969030351350385
1741297740.0,4.701979463529722,-0.49969042724837676
1741297800.0,4.7021686731602585,-0.49969053580956146
1741297860.0,4.70235787987339,-0.4996906291977717
1741297920.0,4.702547083666045,-0.499690707413716
1741297980.0,4.702736284535239,-0.499690770458117
1741298040.0,4.702925482477916,-0.49969081833168855
1741298100.0,4.703114677491042,-0.49969085103514443
1741298160.0,4.703303869571578,-0.4996908685692055
1741298220.0,4.7034930587165045,-0.49969087093458925
1741298280.0,4.703682244922785,-0.49969085813201447
1741298340.0,4.703871428187384,-0.49969083016220045
1741298400.0,4.704060608507263,-0.49969078702586783
1741298460.0,4.704249785879403,-0.4996907287237393
1741298520.0,4.7044389603007675,-0.4996906552565375
1741298580.0,4.704628131768336,-0.4996905666249813
1741298640.0,4.704817300279055,-0.4996904628297969
1741298700.0,4.705006465829906,-0.4996903438717068
1741298760.0,4.7051956284178855,-0.49969020975143885
1741298820.0,4.705384788039923,-0.49969006046971565
1741298880.0,4.705573944692997,-0.49968989602726493
1741298940.0,4.705763098374107,-0.4996897164248145
1741299000.0,4.705952249080218,-0.4996895216630904
1741299060.0,4.706141396808271,-0.499689311742824
1741299120.0,4.7063305415552685,-0.49968908666474127
1741299180.0,4.706519683318172,-0.49968884642957534
1741299240.0,4.706708822093961,-0.4996885910380557
1741299300.0,4.706897957879599,-0.4996883204909119
1741299360.0,4.707087090672087,-0.4996880347888804
1741299420.0,4.707276220468366,-0.49968773393269084
1741299480.0,4.707465347265438,-0.4996874179230798
1741299540.0,4.707654471060246,-0.4996870867607785
1741299600.0,4.707843591849788,-0.49968674044652345
1741299660.0,4.708032709631065,-0.4996863789810529
1741299720.0,4.708221824401002,-0.49968600236509997
1741299780.0,4.708410936156599,-0.4996856105994029
1741299840.0,4.708600044894835,-0.49968520368470176
1741299900.0,4.708789150612709,-0.4996847816217347
1741299960.0,4.7089782533071505,-0.4996843444112401
1741300020.0,4.70916735297519,-0.4996838920539614
1741300080.0,4.709356449613774,-0.4996834245506352
1741300140.0,4.7095455432198845,-0.49968294190200496
1741300200.0,4.7097346337905,-0.49968244410881596
1741300260.0,4.709923721322619,-0.4996819311718082
1741300320.0,4.710112805813206,-0.499681403091727
1741300380.0,4.710301887259241,-0.49968085986931576
1741300440.0,4.710490965657703,-0.4996803015053233
1741300500.0,4.710680041005593,-0.4996797280004913
1741300560.0,4.710869113299888,-0.49967913935557046
1741300620.0,4.7110581825375535,-0.49967853557130754
1741300680.0,4.71124724871557,-0.4996779166484497
1741300740.0,4.711436311830952,-0.49967728258774735
1741300800.0,4.711625371880646,-0.499676633389951
1741300860.0,4.7118144288616675,-0.49967596905580763
1741300920.0,4.712003482770979,-0.499675289586073
1741300980.0,4.712192533605578,-0.4996745949814959
1741301040.0,4.712381581362447,-0.49967388524283024
1741301100.0,4.712570626038565,-0.49967316037083176
1741301160.0,4.712759667630914,-0.499672420366251
1741301220.0,4.712948706136508,-0.49967166522984535
1741301280.0,4.713137741552294,-0.49967089496237055
1741301340.0,4.713326773875303,-0.4996701095645807
1741301400.0,4.713515803102483,-0.49966930903723483
1741301460.0,4.713704829230847,-0.4996684933810923
1741301520.0,4.713893852257361,-0.49966766259690887
1741301580.0,4.714082872179039,-0.4996668166854436
1741301640.0,4.714271888992861,-0.4996659556474593
1741301700.0,4.714460902695807,-0.49966507948371525
1741301760.0,4.714649913284878,-0.499664188194974
1741301820.0,4.714838920757068,-0.49966328178199665
1741301880.0,4.715027925109344,-0.4996623602455475
1741301940.0,4.715216926338737,-0.49966142358638765
1741302000.0,4.7154059244421935,-0.49966047180528506
1741302060.0,4.715594919416744,-0.49965950490300237
1741302120.0,4.715783911259355,-0.49965852288030577
1741302180.0,4.715972899967023,-0.4996575257379633
1741302240.0,4.716161885536764,-0.49965651347674106
1741302300.0,4.71635086796554,-0.49965548609740695
1741302360.0,4.716539847250367,-0.4996544436007308
1741302420.0,4.716728823388244,-0.49965338598748227
1741302480.0,4.716917796376133,-0.499652313258431
1741302540.0,4.7171067662110655,-0.49965122541434664
1741302600.0,4.717295732890009,-0.4996501224560025
1741302660.0,4.717484696409992,-0.4996490043841716
1741302720.0,4.71767365676798,-0.4996478711996273
1741302780.0,4.717862613960988,-0.4996467229031426
1741302840.0,4.718051567985997,-0.49964555949549083
1741302900.0,4.718240518840021,-0.4996443809774487
1741302960.0,4.71842946652006,-0.49964318734979263
1741303020.0,4.718618411023093,-0.4996419786132995
1741303080.0,4.718807352346154,-0.49964075476874587
1741303140.0,4.7189962904862055,-0.49963951581691035
1741303200.0,4.7191852254402455,-0.49963826175857107
1741303260.0,4.719374157205308,-0.49963699259451017
1741303320.0,4.719563085778371,-0.49963570832550597
1741303380.0,4.719752011156453,-0.4996344089523404
1741303440.0,4.719940933336534,-0.4996330944757954
1741303500.0,4.720129852315627,-0.4996317648966545
1741303560.0,4.720318768090733,-0.499630420215698
1741303620.0,4.720507680658866,-0.49962906043371297
1741303680.0,4.72069659001699,-0.49962768555148307
1741303740.0,4.720885496162171,-0.49962629556979377
1741303800.0,4.721074399091356,-0.4996248904894303
1741303860.0,4.7212632988015795,-0.49962347031118176
1741303920.0,4.721452195289838,-0.4996220350358334
1741303980.0,4.7216410885531275,-0.49962058466417586
1741304040.0,4.721829978588484,-0.49961911919699636
1741304100.0,4.722018865392887,-0.4996176386350873
1741304160.0,4.722207748963352,-0.49961614297923745
1741304220.0,4.722396629296877,-0.4996146322302358
1741304280.0,4.722585506390478,-0.49961310638887807
1741304340.0,4.722774380241169,-0.49961156545595686
1741304400.0,4.722963250845949,-0.49961000943226264
1741304460.0,4.723152118201834,-0.49960843831859314
1741304520.0,4.723340982305839,-0.4996068521157406
1741304580.0,4.723529843154943,-0.499605250824501
1741304640.0,4.723718700746183,-0.49960363444567196
1741304700.0,4.723907555076571,-0.49960200298004925
1741304760.0,4.724096406143088,-0.4996003564284306
1741304820.0,4.724285253942787,-0.49959869479161534
1741304880.0,4.724474098472661,-0.49959701807040274
1741304940.0,4.724662939729713,-0.4995953262655905
1741305000.0,4.724851777710974,-0.49959361937798324
1741305060.0,4.725040612413442,-0.49959189740837856
1741305120.0,4.725229443834131,-0.49959016035758097
1741305180.0,4.725418271970077,-0.49958840822639344
1741305240.0,4.725607096818258,-0.499586641015617
1741305300.0,4.7257959183757094,-0.499584858726058
1741305360.0,4.725984736639461,-0.4995830613585211
1741305420.0,4.7261735516065135,-0.4995812489138108
1741305480.0,4.726362363273863,-0.49957942139273526
1741305540.0,4.726551171638562,-0.49957757879610076
1741305600.0,4.7267399766976075,-0.4995757211247137
1741305660.0,4.726928778448032,-0.4995738483793857
1741305720.0,4.727117576886833,-0.49957196056092296
1741305780.0,4.727306372011029,-0.4995700576701372
1741305840.0,4.727495163817666,-0.4995681397078399
1741305900.0,4.727683952303745,-0.4995662066748409
1741305960.0,4.727872737466281,-0.49956425857195186
1741306020.0,4.7280615193022895,-0.4995622953999878
1741306080.0,4.72825029780882,-0.4995603171597603
1741306140.0,4.728439072982855,-0.4995583238520844
1741306200.0,4.728627844821459,-0.4995563154777752
1741306260.0,4.728816613321616,-0.49955429203764945
1741306320.0,4.729005378480375,-0.49955225353252236
1741306380.0,4.729194140294734,-0.4995501999632089
1741306440.0,4.729382898761744,-0.49954813133053105
1741306500.0,4.729571653878401,-0.4995460476353058
1741306560.0,4.729760405641758,-0.49954394887835335
1741306620.0,4.729949154048812,-0.4995418350604905
1741306680.0,4.730137899096614,-0.4995397061825411
1741306740.0,4.730326640782177,-0.49953756224532714
1741306800.0,4.73051537910252,-0.4995354032496672
1741306860.0,4.7307041140546735,-0.49953322919638693
1741306920.0,4.730892845635671,-0.49953104008630994
1741306980.0,4.7310815738425465,-0.4995288359202584
1741307040.0,4.731270298672296,-0.4995266166990613
1741307100.0,4.731459020121989,-0.4995243824235389
1741307160.0,4.731647738188623,-0.49952213309452387
1741307220.0,4.731836452869248,-0.4995198687128363
1741307280.0,4.732025164160864,-0.4995175892793107
1741307340.0,4.732213872060553,-0.49951529479477247
1741307400.0,4.732402576565298,-0.4995129852600506
1741307460.0,4.732591277672149,-0.499510660675976
1741307520.0,4.732779975378138,-0.4995083210433811
1741307580.0,4.732968669680282,-0.49950596636309313
1741307640.0,4.733157360575631,-0.4995035966359465
1741307700.0,4.7333460480612155,-0.4995012118627754
1741307760.0,4.733534732134054,-0.49949881204441243
1741307820.0,4.733723412791215,-0.4994963971816917
1741307880.0,4.733912090029693,-0.4994939672754458
1741307940.0,4.734100763846558,-0.49949152232651606
1741308000.0,4.734289434238808,-0.4994890623357349
1741308060.0,4.734478101203511,-0.49948658730393847
1741308120.0,4.734666764737681,-0.49948409723196785
1741308180.0,4.73485542483837,-0.49948159212065907
1741308240.0,4.73504408150261,-0.49947907197085356
1741308300.0,4.735232734727418,-0.4994765367833889
1741308360.0,4.735421384509878,-0.4994739865591098
1741308420.0,4.7356100308469875,-0.49947142129885247
1741308480.0,4.7357986737358155,-0.4994688410034632
1741308540.0,4.73598731317336,-0.4994662456737816
1741308600.0,4.7361759491567055,-0.4994636353106542
1741308660.0,4.736364581682868,-0.4994610099149238
1741308720.0,4.736553210748898,-0.49945836948743366
1741308780.0,4.736741836351828,-0.4994557140290317
1741308840.0,4.736930458488708,-0.4994530435405647
1741308900.0,4.7371190771565725,-0.499450358022879
1741308960.0,4.737307692352472,-0.499447657476821
1741309020.0,4.737496304073453,-0.4994449419032409
1741309080.0,4.737684912316536,-0.4994422113029885
1741309140.0,4.737873517078803,-0.49943946567691033
1741309200.0,4.738062118357254,-0.49943670502586157
1741309260.0,4.738250716148974,-0.49943392935069053
1741309320.0,4.738439310450994,-0.4994311386522489
1741309380.0,4.738627901260349,-0.4994283329313919
1741309440.0,4.738816488574106,-0.4994255121889712
1741309500.0,4.739005072389281,-0.49942267642584204
1741309560.0,4.7391936527029594,-0.49941982564285786
1741309620.0,4.739382229512174,-0.49941695984087564
1741309680.0,4.739570802813956,-0.4994140790207489
1741309740.0,4.739759372605376,-0.49941118318333977
1741309800.0,4.739947938883465,-0.49940827232950175
1741309860.0,4.740136501645309,-0.49940534646009344
1741309920.0,4.740325060887906,-0.49940240557597715
1741309980.0,4.740513616608359,-0.4993994496780098
1741310040.0,4.740702168803684,-0.49939647876705184
1741310100.0,4.740890717470929,-0.4993934928439655
1741310160.0,4.741079262607181,-0.4993904919096128
1741310220.0,4.741267804209474,-0.4993874759648562
1741310280.0,4.741456342274839,-0.4993844450105578
1741310340.0,4.741644876800364,-0.49938139904758483
1741310400.0,4.741833407783096,-0.499378338076798
1741310460.0,4.7420219352200865,-0.49937526209906635
1741310520.0,4.742210459108369,-0.49937217111525384
1741310580.0,4.742398979445029,-0.4993690651262279
1741310640.0,4.742587496227117,-0.49936594413285595
1741310700.0,4.742776009451682,-0.4993628081360072
1741310760.0,4.742964519115776,-0.49935965713655084
1741310820.0,4.743153025216466,-0.4993564911353542
1741310880.0,4.74334152775082,-0.4993533101332882
1741310940.0,4.74353002671587,-0.49935011413122565
1741311000.0,4.743718522108703,-0.49934690313003915
1741311060.0,4.7439070139263695,-0.4993436771305978
1741311120.0,4.744095502165918,-0.4993404361337778
1741311180.0,4.744283986824418,-0.49933718014045014
1741311240.0,4.7444724678989365,-0.4993339091514926
1741311300.0,4.744660945386524,-0.49933062316777793
1741311360.0,4.7448494192842485,-0.499327322190184
1741311420.0,4.745037889589178,-0.4993240062195852
1741311480.0,4.745226356298362,-0.49932067525686297
1741311540.0,4.745414819408871,-0.4993173293028917
1741311600.0,4.745603278917769,-0.49931396835855096
1741311660.0,4.745791734822126,-0.49931059242472053
1741311720.0,4.745980187118993,-0.49930720150228175
1741311780.0,4.7461686358054544,-0.49930379559211424
1741311840.0,4.74635708087856,-0.49930037469509936
1741311900.0,4.746545522335378,-0.49929693881212206
1741311960.0,4.746733960172995,-0.4992934879440602
1741312020.0,4.74692239438846,-0.4992900220918039
1741312080.0,4.747110824978841,-0.4992865412562312
1741312140.0,4.747299251941206,-0.499283045438232
1741312200.0,4.747487675272641,-0.49927953463869124
1741312260.0,4.747676094970213,-0.4992760088584938
1741312320.0,4.747864511030972,-0.4992724680985282
1741312380.0,4.748052923451987,-0.4992689123596827
1741312440.0,4.748241332230361,-0.49926534164284386
1741312500.0,4.748429737363142,-0.4992617559489019
1741312560.0,4.748618138847401,-0.4992581552787469
1741312620.0,4.7488065366802035,-0.4992545396332707
1741312680.0,4.748994930858653,-0.4992509090133635
1741312740.0,4.7491833213798005,-0.4992472634199189
1741312800.0,4.74937170824073,-0.49924360285382685
1741312860.0,4.749560091438511,-0.4992399273159829
1741312920.0,4.749748470970209,-0.4992362368072823
1741312980.0,4.749936846832912,-0.49923253132861695
1741313040.0,4.750125219023704,-0.499228810880884
1741313100.0,4.750313587539653,-0.4992250754649804
1741313160.0,4.750501952377826,-0.49922132508180334
1741313220.0,4.750690313535309,-0.49921755973224824
1741313280.0,4.750878671009188,-0.4992137794172156
1741313340.0,4.75106702479653,-0.4992099841376043
1741313400.0,4.75125537489442,-0.4992061738943132
1741313460.0,4.7514437212999265,-0.4992023486882428
1741313520.0,4.751632064010153,-0.4991985085202955
1741313580.0,4.751820403022166,-0.499194653391372
1741313640.0,4.752008738333051,-0.4991907833023744
1741313700.0,4.752197069939876,-0.4991868982542069
1741313760.0,4.752385397839744,-0.4991829982477737
1741313820.0,4.75257372202974,-0.4991790832839787
1741313880.0,4.752762042506915,-0.4991751533637278
1741313940.0,4.752950359268372,-0.49917120848792507
1741314000.0,4.753138672311212,-0.4991672486574798
1741314060.0,4.753326981632503,-0.4991632738732996
1741314120.0,4.753515287229332,-0.49915928413629035
1741314180.0,4.753703589098784,-0.49915527944736293
1741314240.0,4.753891887237943,-0.49915125980742514
1741314300.0,4.754080181643913,-0.49914722521738786
1741314360.0,4.754268472313762,-0.49914317567816224
1741314420.0,4.754456759244573,-0.4991391111906594
1741314480.0,4.754645042433469,-0.4991350317557937
1741314540.0,4.754833321877499,-0.4991309373744729
1741314600.0,4.755021597573784,-0.4991268280476167
1741314660.0,4.7552098695193905,-0.49912270377613444
1741314720.0,4.755398137711423,-0.4991185645609459
1741314780.0,4.7555864021469665,-0.49911441040296217
1741314840.0,4.7557746628231214,-0.49911024130310294
1741314900.0,4.755962919736976,-0.49910605726228463
1741314960.0,4.756151172885614,-0.4991018582814235
1741315020.0,4.756339422266156,-0.49909764436143933
1741315080.0,4.756527667875652,-0.4990934155032518
1741315140.0,4.756715909711223,-0.49908917170777917
1741315200.0,4.756904147769971,-0.4990849129759446
1741315260.0,4.757092382048981,-0.4990806393086661
1741315320.0,4.75728061254534,-0.4990763507068688
1741315380.0,4.757468839256167,-0.49907204717147235
1741315440.0,4.757657062178529,-0.49906772870340016
1741315500.0,4.7578452813095655,-0.4990633953035806
1741315560.0,4.758033496646343,-0.4990590469729337
1741315620.0,4.758221708185966,-0.4990546837123877
1741315680.0,4.758409915925516,-0.499050305522866
1741315740.0,4.758598119862135,-0.4990459124052971
1741315800.0,4.758786319992889,-0.49904150436060785
1741315860.0,4.758974516314898,-0.49903708138972674
1741315920.0,4.759162708825265,-0.4990326434935839
1741315980.0,4.759350897521058,-0.499028190673108
1741316040.0,4.759539082399414,-0.4990237229292275
1741316100.0,4.759727263457437,-0.4990192402628743
1741316160.0,4.759915440692211,-0.4990147426749806
1741316220.0,4.760103614100839,-0.4990102301664782
1741316280.0,4.76029178368046,-0.4990057027383011
1741316340.0,4.760479949428141,-0.49900116039138115
1741316400.0,4.760668111340983,-0.4989966031266538
1741316460.0,4.760856269416125,-0.4989920309450546
1741316520.0,4.761044423650654,-0.49898744384751736
1741316580.0,4.761232574041689,-0.498982841834981
1741316640.0,4.761420720586331,-0.498978224908381
1741316700.0,4.761608863281686,-0.4989735930686547
1741316760.0,4.7617970021248714,-0.498968946316741
1741316820.0,4.76198513711299,-0.4989642846535806
1741316880.0,4.7621732682431475,-0.49895960808011086
1741316940.0,4.76236139551246,-0.4989549165972742
1741317000.0,4.762549518918035,-0.4989502102060113
1741317060.0,4.762737638456988,-0.498945488907263
1741317120.0,4.7629257541264245,-0.49894075270197163
1741317180.0,4.763113865923465,-0.4989360015910833
1741317240.0,4.763301973845229,-0.4989312355755404
1741317300.0,4.763490077888817,-0.49892645465628555
1741317360.0,4.763678178051353,-0.49892165883426626
1741317420.0,4.763866274329937,-0.4989168481104286
1741317480.0,4.764054366721707,-0.4989120224857186
1741317540.0,4.764242455223768,-0.4989071819610838
1741317600.0,4.764430539833222,-0.49890232653747035
1741317660.0,4.764618620547203,-0.4988974562158293
1741317720.0,4.764806697362836,-0.49889257099711204
1741317780.0,4.76499477027722,-0.4988876708822644
1741317840.0,4.765182839287497,-0.4988827558722376
1741317900.0,4.765370904390748,-0.49887782596798635
1741317960.0,4.76555896558413,-0.49887288117045836
1741318020.0,4.765747022864746,-0.4988679214806101
1741318080.0,4.765935076229734,-0.4988629468993945
1741318140.0,4.766123125676194,-0.49885795742776445
1741318200.0,4.76631117120125,-0.49885295306667476
1741318260.0,4.766499212802056,-0.4988479338170818
1741318320.0,4.7666872504756945,-0.498842899679942
1741318380.0,4.766875284219289,-0.49883785065621183
1741318440.0,4.767063314030011,-0.4988327867468477
1741318500.0,4.767251339904927,-0.49882770795281134
1741318560.0,4.7674393618412125,-0.4988226142750574
1741318620.0,4.767627379835968,-0.4988175057145476
1741318680.0,4.767815393886314,-0.49881238227224356
1741318740.0,4.768003403989389,-0.4988072439491035
1741318800.0,4.768191410142329,-0.49880209074609083
1741318860.0,4.76837941234224,-0.4987969226641672
1741318920.0,4.7685674105862725,-0.49879173970429436
1741318980.0,4.768755404871551,-0.498786541867441
1741319040.0,4.768943395195176,-0.4987813291545651
1741319100.0,4.769131381554337,-0.4987761015666355
1741319160.0,4.769319363946104,-0.49877085910461727
1741319220.0,4.769507342367648,-0.49876560176947565
1741319280.0,4.769695316816089,-0.4987603295621793
1741319340.0,4.769883287288566,-0.49875504248369684
1741319400.0,4.7700712537821985,-0.49874974053499344
1741319460.0,4.770259216294123,-0.4987444237170395
1741319520.0,4.770447174821481,-0.4987390920308054
1741319580.0,4.770635129361422,-0.4987337454772616
1741319640.0,4.770823079911052,-0.498728384057382
1741319700.0,4.771011026467527,-0.49872300777213174
1741319760.0,4.771198969027965,-0.4987176166224899
1741319820.0,4.771386907589523,-0.4987122106094252
1741319880.0,4.771574842149337,-0.49870678973391325
1741319940.0,4.771762772704528,-0.4987013539969297
1741320000.0,4.771950699252268,-0.4986959033994484
1741320060.0,4.772138621789662,-0.49869043794244516
1741320120.0,4.7723265403138795,-0.4986849576268972
1741320180.0,4.772514454822025,-0.49867946245378014
1741320240.0,4.77270236531127,-0.4986739524240732
1741320300.0,4.772890271778736,-0.49866842753875545
1741320360.0,4.773078174221594,-0.4986628877988061
1741320420.0,4.773266072636965,-0.49865733320520417
1741320480.0,4.773453967022006,-0.49865176375893056
1741320540.0,4.7736418573738515,-0.49864617946096795
1741320600.0,4.773829743689625,-0.49864058031229547
1741320660.0,4.774017625966512,-0.4986349663138974
1741320720.0,4.774205504201655,-0.49862933746675653
1741320780.0,4.774393378392152,-0.498623693771857
1741320840.0,4.774581248535215,-0.4986180352301851
1741320900.0,4.7747691146279445,-0.4986123618427234
1741320960.0,4.774956976667513,-0.4986066736104597
1741321020.0,4.7751448346510585,-0.49860097053438013
1741321080.0,4.775332688575737,-0.49859525261547083
1741321140.0,4.775520538438701,-0.49858951985472316
1741321200.0,4.775708384237091,-0.49858377225312145
1741321260.0,4.775896225968061,-0.49857800981165884
1741321320.0,4.776084063628765,-0.49857223253132316
1741321380.0,4.776271897216361,-0.4985664404131057
1741321440.0,4.776459726728001,-0.49856063345799784
1741321500.0,4.776647552160807,-0.498554811666991
1741321560.0,4.776835373511987,-0.4985489750410782
1741321620.0,4.777023190778658,-0.4985431235812543
1741321680.0,4.777211003957996,-0.4985372572885124
1741321740.0,4.777398813047138,-0.4985313761638456
1741321800.0,4.777586618043237,-0.4985254802082504
1741321860.0,4.777774418943486,-0.49851956942272346
1741321920.0,4.777962215745004,-0.4985136438082614
1741321980.0,4.778150008444962,-0.4985077033658625
1741322040.0,4.778337797040535,-0.49850174809652154
1741322100.0,4.778525581528859,-0.49849577800124034
1741322160.0,4.778713361907108,-0.4984897930810174
1741322220.0,4.778901138172435,-0.49848379333685255
1741322280.0,4.779088910321997,-0.4984777787697461
1741322340.0,4.779276678352966,-0.49847174938069966
1741322400.0,4.7794644422625145,-0.498465705170717
1741322460.0,4.77965220204778,-0.4984596461407998
1741322520.0,4.779839957705953,-0.4984535722919499
1741322580.0,4.780027709234153,-0.4984474836251726
1741322640.0,4.780215456629605,-0.4984413801414732
1741322700.0,4.780403199889431,-0.4984352618418571
1741322760.0,4.780590939010818,-0.49842912872732953
1741322820.0,4.780778673990923,-0.4984229807988976
1741322880.0,4.780966404826901,-0.49841681805756827
1741322940.0,4.781154131515942,-0.4984106405043504
1741323000.0,4.781341854055218,-0.4984044481402528
1741323060.0,4.781529572441885,-0.4983982409662826
1741323120.0,4.781717286673096,-0.49839201898345364
1741323180.0,4.781904996746044,-0.49838578219277313
1741323240.0,4.7820927026579,-0.4983795305952551
1741323300.0,4.78228040440582,-0.49837326419190997
1741323360.0,4.782468101986992,-0.4983669829837519
1741323420.0,4.782655795398574,-0.4983606869717932
1741323480.0,4.782843484637753,-0.4983543761570478
1741323540.0,4.783031169701703,-0.4983480505405315
1741323600.0,4.783218850587597,-0.4983417101232584
1741323660.0,4.783406527292589,-0.49833535490624603
1741323720.0,4.783594199813888,-0.49832898489050836
1741323780.0,4.783781868148631,-0.49832260007706647
1741323840.0,4.783969532294025,-0.4983162004669361
1741323900.0,4.784157192247242,-0.4983097860611365
1741323960.0,4.784344848005474,-0.498303356860687
1741324020.0,4.784532499565857,-0.4982969128666051
1741324080.0,4.7847201469256,-0.49829045407991707
1741324140.0,4.784907790081891,-0.4982839805016404
1741324200.0,4.785095429031886,-0.49827749213279793
1741324260.0,4.785283063772775,-0.4982709889744106
1741324320.0,4.785470694301749,-0.49826447102750465
1741324380.0,4.785658320615979,-0.4982579382931029
1741324440.0,4.785845942712657,-0.4982513907722316
1741324500.0,4.7860335605889714,-0.49824482846591345
1741324560.0,4.786221174242077,-0.4982382513751731
1741324620.0,4.786408783669183,-0.49823165950104187
1741324680.0,4.786596388867476,-0.4982250528445443
1741324740.0,4.786783989834151,-0.4982184314067085
1741324800.0,4.786971586566359,-0.4982117951885641
1741324860.0,4.787159179061311,-0.4982051441911375
1741324920.0,4.787346767316175,-0.4981984784154635
1741324980.0,4.78753435132818,-0.49819179786256845
1741325040.0,4.787721931094479,-0.4981851025334856
1741325100.0,4.787909506612281,-0.4981783924292464
1741325160.0,4.788097077878757,-0.49817166755088227
1741325220.0,4.788284644891115,-0.4981649278994301
1741325280.0,4.788472207646545,-0.4981581734759195
1741325340.0,4.78865976614222,-0.4981514042813873
1741325400.0,4.788847320375348,-0.4981446203168667
1741325460.0,4.7890348703431345,-0.49813782158339776
1741325520.0,4.789222416042754,-0.49813100808201394
1741325580.0,4.789409957471412,-0.4981241798137519
1741325640.0,4.7895974946263,-0.49811733677965003
1741325700.0,4.7897850275046085,-0.4981104789807486
1741325760.0,4.7899725561035265,-0.4981036064180844
1741325820.0,4.790160080420262,-0.49809671909269754
1741325880.0,4.790347600452039,-0.49808981700563176
1741325940.0,4.790535116195996,-0.49808290015792384
1741326000.0,4.7907226276493935,-0.49807596855061737
1741326060.0,4.790910134809384,-0.49806902218475446
1741326120.0,4.791097637673196,-0.49806206106138046
1741326180.0,4.791285136238017,-0.49805508518153563
1741326240.0,4.7914726305010555,-0.4980480945462654
1741326300.0,4.791660120459517,-0.49804108915661693
1741326360.0,4.7918476061105775,-0.4980340690136323
1741326420.0,4.792035087451477,-0.4980270341183621
1741326480.0,4.792222564479389,-0.49801998447185
1741326540.0,4.792410037191537,-0.4980129200751451
1741326600.0,4.792597505585132,-0.4980058409292944
1741326660.0,4.792784969657359,-0.4979987470353487
1741326720.0,4.792972429405429,-0.4979916383943587
1741326780.0,4.793159884826549,-0.4979845150073716
1741326840.0,4.793347335917943,-0.4979773768754381
1741326900.0,4.793534782676801,-0.497970223999614
1741326960.0,4.793722225100332,-0.4979630563809466
1741327020.0,4.79390966318576,-0.4979558740204936
1741327080.0,4.794097096930291,-0.4979486769193039
1741327140.0,4.794284526331117,-0.49794146507843334
1741327200.0,4.794471951385479,-0.49793423849893975
1741327260.0,4.794659372090569,-0.4979269971818738
1741327320.0,4.794846788443594,-0.4979197411282964
1741327380.0,4.795034200441793,-0.4979124703392603
1741327440.0,4.795221608082361,-0.4979051848158248
1741327500.0,4.795409011362502,-0.49789788455904926
1741327560.0,4.79559641027946,-0.4978905695699896
1741327620.0,4.7957838048304415,-0.4978832398497071
1741327680.0,4.795971195012638,-0.4978758953992611
1741327740.0,4.796158580823307,-0.4978685362197145
1741327800.0,4.796345962259622,-0.49786116231212496
1741327860.0,4.796533339318845,-0.4978537736775554
1741327920.0,4.796720711998163,-0.4978463703170722
1741327980.0,4.79690808029482,-0.4978389522317331
1741328040.0,4.797095444206023,-0.49783151942260784
1741328100.0,4.797282803728997,-0.497824071890756
1741328160.0,4.79747015886095,-0.49781660963724567
1741328220.0,4.797657509599106,-0.4978091326631415
1741328280.0,4.797844855940725,-0.4978016409695115
1741328340.0,4.79803219788298,-0.4977941345574223
1741328400.0,4.79821953542313,-0.49778661342794006
1741328460.0,4.798406868558367,-0.49777907758213485
1741328520.0,4.79859419728595,-0.4977715270210765
1741328580.0,4.798781521603102,-0.4977639617458332
1741328640.0,4.798968841507015,-0.4977563817574764
1741328700.0,4.7991561569949654,-0.49774878705707615
1741328760.0,4.799343468064143,-0.49774117764570586
1741328820.0,4.7995307747117915,-0.497733553524437
1741328880.0,4.799718076935135,-0.49772591469434135
1741328940.0,4.7999053747314155,-0.49771826115649564
1741329000.0,4.800092668097842,-0.49771059291197167
1741329060.0,4.800279957031673,-0.4977029099618444
1741329120.0,4.800467241530116,-0.49769521230719077
1741329180.0,4.80065452159043,-0.49768749994908595
1741329240.0,4.8008417972098245,-0.49767977288860854
1741329300.0,4.801029068385524,-0.4976720311268336
1741329360.0,4.801216335114804,-0.4976642746648415
1741329420.0,4.801403597394857,-0.49765650350370916
1741329480.0,4.8015908552229405,-0.4976487176445186
1741329540.0,4.801778108596299,-0.49764091708834685
1741329600.0,4.801965357512156,-0.4976331018362775
1741329660.0,4.802152601967754,-0.49762527188939115
1741329720.0,4.802339841960301,-0.4976174272487681
1741329780.0,4.802527077487091,-0.4976095679154921
1741329840.0,4.802714308545332,-0.49760169389064884
1741329900.0,4.802901535132267,-0.4975938051753187
1741329960.0,4.8030887572451375,-0.49758590177058715
1741330020.0,4.803275974881187,-0.49757798367754164
1741330080.0,4.8034631880376555,-0.49757005089726597
1741330140.0,4.803650396711787,-0.4975621034308475
1741330200.0,4.803837600900842,-0.4975541412793718
1741330260.0,4.8040248006020265,-0.4975461644439298
1741330320.0,4.8042119958126195,-0.4975381729256087
1741330380.0,4.804399186529861,-0.49753016672549594
1741330440.0,4.804586372750978,-0.49752214584468396
1741330500.0,4.80477355447323,-0.4975141102842603
1741330560.0,4.804960731693876,-0.49750606004531917
1741330620.0,4.805147904410158,-0.4974979951289496
1741330680.0,4.805335072619303,-0.497489915536246
1741330740.0,4.805522236318586,-0.49748182126829926
1741330800.0,4.805709395505251,-0.4974737123262035
1741330860.0,4.8058965501765405,-0.49746558871105495
1741330920.0,4.8060837003297125,-0.49745745042394446
1741330980.0,4.806270845962028,-0.49744929746597316
1741331040.0,4.80645798707073,-0.4974411298382321
1741331100.0,4.806645123653059,-0.49743294754182066
1741331160.0,4.806832255706294,-0.497424750577835
1741331220.0,4.8070193832276775,-0.4974165389473746
1741331280.0,4.807206506214468,-0.49740831265153734
1741331340.0,4.80739362466391,-0.4974000716914228
1741331400.0,4.807580738573278,-0.49739181606813043
1741331460.0,4.807767847939833,-0.49738354578276345
1741331520.0,4.8079549527608005,-0.49737526083641775
1741331580.0,4.8081420530334755,-0.4973669612301999
1741331640.0,4.808329148755099,-0.49735864696521137
1741331700.0,4.808516239922933,-0.497350318042555
1741331760.0,4.808703326534252,-0.49734197446333395
1741331820.0,4.8088904085863,-0.49733361622865296
1741331880.0,4.809077486076336,-0.49732524333961686
1741331940.0,4.8092645590016385,-0.4973168557973339
1741332000.0,4.809451627359467,-0.4973084536029072
1741332060.0,4.809638691147081,-0.49730003675744494
1741332120.0,4.809825750361758,-0.4972916052620555
1741332180.0,4.810012805000739,-0.4972831591178454
1741332240.0,4.810199855061304,-0.4972746983259246
1741332300.0,4.8103869005407285,-0.4972662228874032
1741332360.0,4.810573941436272,-0.49725773280339114
1741332420.0,4.810760977745194,-0.4972492280749968
1741332480.0,4.8109480094647745,-0.4972407087033354
1741332540.0,4.8111350365922885,-0.497232174689517
1741332600.0,4.811322059124995,-0.49722362603465337
1741332660.0,4.811509077060175,-0.49721506273986155
1741332720.0,4.811696090395085,-0.49720648480624974
1741332780.0,4.811883099127003,-0.4971978922349385
1741332840.0,4.812070103253207,-0.4971892850270396
1741332900.0,4.812257102770974,-0.4971806631836682
1741332960.0,4.812444097677562,-0.49717202670594324
1741333020.0,4.812631087970269,-0.49716337559497986
1741333080.0,4.812818073646352,-0.4971547098518969
1741333140.0,4.8130050547030905,-0.497146029477813
1741333200.0,4.8131920311377785,-0.49713733447384706
1741333260.0,4.8133790029476575,-0.49712862484111775
1741333320.0,4.813565970130041,-0.4971199005807473
1741333380.0,4.813752932682205,-0.49711116169385444
1741333440.0,4.81393989060141,-0.4971024081815598
1741333500.0,4.814126843884951,-0.49709364004499074
1741333560.0,4.814313792530086,-0.49708485728526436
1741333620.0,4.814500736534131,-0.49707605990350634
1741333680.0,4.81468767589436,-0.4970672479008407
1741333740.0,4.814874610608033,-0.49705842127839317
1741333800.0,4.815061540672446,-0.4970495800372877
1741333860.0,4.8152484660848955,-0.4970407241786518
1741333920.0,4.8154353868426725,-0.49703185370360947
1741333980.0,4.81562230294302,-0.49702296861328826
1741334040.0,4.815809214383269,-0.49701406890881905
1741334100.0,4.815996121160698,-0.4970051545913276
1741334160.0,4.816183023272581,-0.4969962256619432
1741334220.0,4.8163699207161965,-0.49698728212179666
1741334280.0,4.816556813488876,-0.49697832397201736
1741334340.0,4.816743701587877,-0.4969693512137379
1741334400.0,4.816930585010496,-0.49696036384808595
1741334460.0,4.817117463754026,-0.4969513618761993
1741334520.0,4.817304337815763,-0.4969423452992073
1741334580.0,4.817491207192984,-0.4969333141182425
1741334640.0,4.8176780718830186,-0.49692426833444125
1741334700.0,4.817864931883109,-0.49691520794893795
1741334760.0,4.818051787190585,-0.49690613296286706
1741334820.0,4.818238637802741,-0.49689704337736484
1741334880.0,4.818425483716873,-0.4968879391935693
1741334940.0,4.818612324930258,-0.4968788204126147
1741335000.0,4.818799161440223,-0.49686968703564266
1741335060.0,4.818985993244048,-0.4968605390637893
1741335120.0,4.819172820339028,-0.4968513764981927
1741335180.0,4.819359642722473,-0.49684219933999413
1741335240.0,4.819546460391679,-0.4968330075903352
1741335300.0,4.8197332733439415,-0.4968238012503537
1741335360.0,4.819920081576589,-0.49681458032119474
1741335420.0,4.820106885086881,-0.49680534480399785
1741335480.0,4.820293683872166,-0.4967960946999063
1741335540.0,4.820480477929704,-0.49678683001006513
1741335600.0,4.82066726725684,-0.4967775507356174
1741335660.0,4.820854051850853,-0.49676825687770626
1741335720.0,4.8210408317090545,-0.4967589484374803
1741335780.0,4.8212276068287565,-0.49674962541608253
1741335840.0,4.821414377207255,-0.4967402878146615
1741335900.0,4.821601142841878,-0.4967309356343639
1741335960.0,4.821787903729922,-0.49672156887633806
1741336020.0,4.821974659868697,-0.496712187541729
1741336080.0,4.8221614112555,-0.4967027916316903
1741336140.0,4.822348157887676,-0.4966933811473705
1741336200.0,4.822534899762504,-0.49668395608991794
1741336260.0,4.822721636877295,-0.49667451646048455
1741336320.0,4.822908369229398,-0.4966650622602223
1741336380.0,4.823095096816088,-0.49665559349028476
1741336440.0,4.823281819634695,-0.4966461101518205
1741336500.0,4.823468537682532,-0.4966366122459882
1741336560.0,4.8236552509569295,-0.4966270997739382
1741336620.0,4.82384195945518,-0.4966175727368259
1741336680.0,4.824028663174633,-0.4966080311358067
1741336740.0,4.824215362112563,-0.49659847497203763
1741336800.0,4.824402056266319,-0.49658890424667257
1741336860.0,4.824588745633213,-0.49657931896087193
1741336920.0,4.824775430210558,-0.49656971911579134
1741336980.0,4.824962109995699,-0.49656010471258955
1741337040.0,4.825148784985915,-0.4965504757524255
1741337100.0,4.8253354551785685,-0.49654083223645806
1741337160.0,4.825522120570957,-0.49653117416584963
1741337220.0,4.825708781160426,-0.4965215015417592
1741337280.0,4.825895436944288,-0.49651181436534736
1741337340.0,4.826082087919873,-0.4965021126377799
1741337400.0,4.826268734084475,-0.49649239636021403
1741337460.0,4.826455375435459,-0.4964826655338192
1741337520.0,4.826642011970154,-0.4964729201597542
1741337580.0,4.826828643685856,-0.496463160239185
1741337640.0,4.8270152705799285,-0.4964533857732791
1741337700.0,4.827201892649668,-0.49644359676319905
1741337760.0,4.827388509892435,-0.49643379321011233
1741337820.0,4.827575122305529,-0.49642397511518666
1741337880.0,4.827761729886294,-0.49641414247958965
1741337940.0,4.8279483326320785,-0.4964042953044889
1741338000.0,4.8281349305402115,-0.496394433591052
1741338060.0,4.828321523608006,-0.4963845573404501
1741338120.0,4.828508111832808,-0.49637466655385437
1741338180.0,4.828694695211947,-0.4963647612324324
1741338240.0,4.828881273742772,-0.496354841377357
1741338300.0,4.829067847422628,-0.49634490698980116
1741338360.0,4.829254416248812,-0.49633495807093586
1741338420.0,4.829440980218686,-0.49632499462193397
1741338480.0,4.829627539329598,-0.4963150166439702
1741338540.0,4.829814093578879,-0.4963050241382191
1741338600.0,4.8300006429638564,-0.4962950171058535
1741338660.0,4.830187187481897,-0.4962849955480533
1741338720.0,4.830373727130311,-0.49627495946598943
1741338780.0,4.830560261906482,-0.496264908860842
1741338840.0,4.830746791807704,-0.4962548437337873
1741338900.0,4.8309333168313415,-0.4962447640860033
1741338960.0,4.831119836974759,-0.49623466991867
1741339020.0,4.831306352235287,-0.4962245612329636
1741339080.0,4.8314928626102525,-0.49621443803006754
1741339140.0,4.831679368097041,-0.4962043003111616
1741339200.0,4.831865868692963,-0.4961941480774222
1741339260.0,4.832052364395383,-0.49618398133003777
1741339320.0,4.8322388552016315,-0.4961738000701866
1741339380.0,4.832425341109089,-0.4961636042990519
1741339440.0,4.832611822115086,-0.49615339401781877
1741339500.0,4.832798298216988,-0.4961431692276688
1741339560.0,4.832984769412123,-0.4961329299297888
1741339620.0,4.833171235697874,-0.49612267612536387
1741339680.0,4.833357697071553,-0.4961124078155791
1741339740.0,4.833544153530558,-0.49610212500161954
1741339800.0,4.833730605072203,-0.4960918276846773
1741339860.0,4.833917051693888,-0.4960815158659357
1741339920.0,4.8341034933929246,-0.49607118954658325
1741339980.0,4.834289930166711,-0.49606084872781203
1741340040.0,4.83447636201256,-0.49605049341080715
1741340100.0,4.834662788927854,-0.49604012359676236
1741340160.0,4.834849210909958,-0.49602973928686805
1741340220.0,4.835035627956218,-0.4960193404823145
1741340280.0,4.835222040064017,-0.4960089271842955
1741340340.0,4.835408447230683,-0.49599849939399965
1741340400.0,4.835594849453601,-0.4959880571126242
1741340460.0,4.835781246730115,-0.49597760034136135
1741340520.0,4.835967639057609,-0.4959671290814064
1741340580.0,4.836154026433445,-0.49595664333395156
1741340640.0,4.836340408854974,-0.4959461431001959
1741340700.0,4.836526786319576,-0.495935628381335
1741340760.0,4.836713158824597,-0.49592509917856425
1741340820.0,4.83689952636742,-0.49591455549308106
1741340880.0,4.837085888945409,-0.4959039973260844
1741340940.0,4.837272246555931,-0.49589342467877345
1741341000.0,4.837458599196364,-0.49588283755234713
1741341060.0,4.837644946864077,-0.4958722359480027
1741341120.0,4.837831289556414,-0.49586161986694466
1741341180.0,4.838017627270775,-0.4958509893103718
1741341240.0,4.838203960004542,-0.4958403442794867
1741341300.0,4.838390287755045,-0.4958296847754885
1741341360.0,4.838576610519701,-0.4958190107995849
1741341420.0,4.838762928295839,-0.4958083223529767
1741341480.0,4.838949241080895,-0.49579761943686823
1741341540.0,4.8391355488721794,-0.4957869020524637
1741341600.0,4.839321851667127,-0.4957761702009691
1741341660.0,4.839508149463068,-0.4957654238835905
1741341720.0,4.839694442257419,-0.49575466310153404
1741341780.0,4.8398807300475095,-0.4957438878560055
1741341840.0,4.840067012830773,-0.4957330981482146
1741341900.0,4.840253290604559,-0.49572229397936896
1741341960.0,4.840439563366266,-0.4957114753506782
1741342020.0,4.840625831113257,-0.49570064226334826
1741342080.0,4.840812093842932,-0.495689794718594
1741342140.0,4.840998351552656,-0.4956789327176231
1741342200.0,4.841184604239831,-0.4956680562616468
1741342260.0,4.841370851901817,-0.4956571653518782
1741342320.0,4.841557094536032,-0.4956462599895302
1741342380.0,4.841743332139826,-0.4956353401758124
1741342440.0,4.8419295647106315,-0.495624405911943
1741342500.0,4.842115792245795,-0.49561345719913324
1741342560.0,4.842302014742734,-0.49560249403859963
1741342620.0,4.842488232198813,-0.4955915164315569
1741342680.0,4.842674444611415,-0.49558052437921984
1741342740.0,4.84286065197799,-0.49556951788280673
1741342800.0,4.84304685429585,-0.4955584969435357
1741342860.0,4.84323305156245,-0.4955474615626215
1741342920.0,4.843419243775152,-0.495536411741286
1741342980.0,4.843605430931355,-0.49552534748074556
1741343040.0,4.8437916130284595,-0.4955142687822202
1741343100.0,4.843977790063848,-0.4955031756469317
1741343160.0,4.844163962034919,-0.49549206807609825
1741343220.0,4.84435012893909,-0.49548094607094506
1741343280.0,4.844536290773743,-0.4954698096326904
1741343340.0,4.844722447536259,-0.4954586587625577
1741343400.0,4.844908599224073,-0.49544749346177225
1741343460.0,4.84509474583455,-0.4954363137315558
1741343520.0,4.845280887365124,-0.49542511957313345
1741343580.0,4.84546702381316,-0.4954139109877306
1741343640.0,4.845653155176091,-0.49540268797657044
1741343700.0,4.845839281451301,-0.49539145054088196
1741343760.0,4.846025402636205,-0.4953801986818921
1741343820.0,4.846211518728204,-0.49536893240082414
1741343880.0,4.846397629724697,-0.49535765169891044
1741343940.0,4.8465837356231,-0.4953463565773779
1741344000.0,4.846769836420813,-0.4953350470374553
1741344060.0,4.846955932115237,-0.49532372308037304
1741344120.0,4.847142022703786,-0.49531238470735983
1741344180.0,4.847328108183862,-0.495301031919648
1741344240.0,4.847514188552897,-0.4952896647184695
1741344300.0,4.847700263808294,-0.49527828310505506
1741344360.0,4.847886333947448,-0.49526688708063843
1741344420.0,4.848072398967763,-0.4952554766464519
1741344480.0,4.848258458866687,-0.4952440518037294
1741344540.0,4.848444513641605,-0.4952326125537049
1741344600.0,4.848630563289948,-0.4952211588976158
1741344660.0,4.848816607809119,-0.4952096908366943
1741344720.0,4.8490026471965315,-0.4951982083721796
1741344780.0,4.849188681449623,-0.4951867115053074
1741344840.0,4.849374710565792,-0.4951752002373152
1741344900.0,4.849560734542454,-0.4951636745694403
1741344960.0,4.849746753377045,-0.49515213450292195
1741345020.0,4.8499327670669645,-0.4951405800389994
1741345080.0,4.850118775609645,-0.49512901117891
1741345140.0,4.850304779002505,-0.49511742792389646
1741345200.0,4.85049077724296,-0.49510583027520144
1741345260.0,4.850676770328448,-0.4950942182340624
1741345320.0,4.8508627582563815,-0.49508259180172376
1741345380.0,4.851048741024179,-0.4950709509794264
1741345440.0,4.851234718629277,-0.49505929576841473
1741345500.0,4.851420691069089,-0.49504762616993503
1741345560.0,4.851606658341069,-0.4950359421852282
1741345620.0,4.851792620442598,-0.4950242438155403
1741345680.0,4.8519785773711455,-0.4950125310621158
1741345740.0,4.852164529124112,-0.49500080392620266
1741345800.0,4.852350475698947,-0.4949890624090487
1741345860.0,4.852536417093087,-0.4949773065118984
1741345920.0,4.852722353303931,-0.49496553623599976
1741345980.0,4.85290828432893,-0.494953751582604
1741346040.0,4.85309421016552,-0.49494195255295736
1741346100.0,4.8532801308111155,-0.49493013914831135
1741346160.0,4.853466046263187,-0.4949183113699155
1741346220.0,4.853651956519117,-0.49490646921902115
1741346280.0,4.853837861576393,-0.4948946126968799
1741346340.0,4.854023761432429,-0.49488274180474295
1741346400.0,4.854209656084663,-0.4948708565438618
1741346460.0,4.854395545530526,-0.49485895691549314
1741346520.0,4.854581429767455,-0.4948470429208883
1741346580.0,4.854767308792916,-0.4948351145613004
1741346640.0,4.854953182604331,-0.4948231718379879
1741346700.0,4.85513905119913,-0.4948112147522039
1741346760.0,4.855324914574765,-0.49479924330520325
1741346820.0,4.855510772728673,-0.4947872574982462
1741346880.0,4.855696625658321,-0.4947752573325875
1741346940.0,4.855882473361127,-0.49476324280948386
1741347000.0,4.856068315834543,-0.49475121393019716
1741347060.0,4.85625415307602,-0.494739170695984
1741347120.0,4.856439985082994,-0.4947271131081063
1741347180.0,4.856625811852932,-0.4947150411678207
1741347240.0,4.856811633383252,-0.49470295487638904
1741347300.0,4.856997449671441,-0.4946908542350749
1741347360.0,4.8571832607149155,-0.49467873924513855
1741347420.0,4.857369066511126,-0.49466660990784167
1741347480.0,4.857554867057562,-0.49465446622444803
1741347540.0,4.857740662351639,-0.4946423081962229
1741347600.0,4.857926452390808,-0.49463013582442644
1741347660.0,4.858112237172541,-0.4946179491103275
1741347720.0,4.858298016694286,-0.4946057480551898
1741347780.0,4.858483790953482,-0.49459353266027856
1741347840.0,4.858669559947628,-0.4945813029268609
1741347900.0,4.858855323674126,-0.49456905885620406
1741347960.0,4.8590410821304815,-0.49455680044957673
1741348020.0,4.859226835314127,-0.4945445277082461
1741348080.0,4.859412583222515,-0.49453224063348106
1741348140.0,4.859598325853131,-0.49451993922655035
1741348200.0,4.859784063203412,-0.49450762348872473
1741348260.0,4.859969795270825,-0.4944952934212747
1741348320.0,4.860155522052857,-0.4944829490254708
1741348380.0,4.860341243546926,-0.49447059030258544
1741348440.0,4.860526959750517,-0.4944582172538911
1741348500.0,4.860712670661101,-0.49444582988065816
1741348560.0,4.860898376276147,-0.49443342818416425
1741348620.0,4.861084076593106,-0.4944210121656801
1741348680.0,4.861269771609466,-0.4944085818264814
1741348740.0,4.8614554613226595,-0.49439613716784414
1741348800.0,4.861641145730192,-0.49438367819104223
1741348860.0,4.861826824829497,-0.49437120489735337
1741348920.0,4.862012498618081,-0.4943587172880533
1741348980.0,4.862198167093392,-0.49434621536442147
1741349040.0,4.862383830252903,-0.49433369912773184
1741349100.0,4.86256948809408,-0.49432116857926733
1741349160.0,4.86275514061443,-0.49430862372030554
1741349220.0,4.862940787811386,-0.4942960645521257
1741349280.0,4.863126429682435,-0.4942834910760089
1741349340.0,4.86331206622508,-0.4942709032932345
1741349400.0,4.863497697436758,-0.49425830120508535
1741349460.0,4.86368332331497,-0.4942456848128442
1741349520.0,4.863868943857188,-0.4942330541177921
1741349580.0,4.8640545590608975,-0.49422040912121196
1741349640.0,4.8642401689235495,-0.4942077498243883
1741349700.0,4.86442577344265,-0.49419507622860565
1741349760.0,4.864611372615685,-0.4941823883351486
1741349820.0,4.864796966440123,-0.4941696861453017
1741349880.0,4.864982554913451,-0.49415696966035305
1741349940.0,4.865168138033156,-0.4941442388815872
1741350000.0,4.865353715796708,-0.49413149381029214
1741350060.0,4.865539288201611,-0.4941187344477542
1741350120.0,4.8657248552453325,-0.494105960795265
1741350180.0,4.865910416925379,-0.49409317285411075
1741350240.0,4.866095973239218,-0.4940803706255813
1741350300.0,4.866281524184355,-0.49406755411096637
1741350360.0,4.866467069758259,-0.49405472331155764
1741350420.0,4.86665260995845,-0.49404187822864487
1741350480.0,4.866838144782382,-0.49402901886351946
1741350540.0,4.867023674227576,-0.4940161452174749
1741350600.0,4.867209198291518,-0.4940032572918044
1741350660.0,4.867394716971696,-0.4939903550878012
1741350720.0,4.867580230265595,-0.49397743860675686
1741350780.0,4.8677657381707204,-0.4939645078499682
1741350840.0,4.867951240684576,-0.4939515628187302
1741350900.0,4.868136737804631,-0.49393860351433805
1741350960.0,4.868322229528408,-0.4939256299380883
1741351020.0,4.86850771585341,-0.4939126420912779
1741351080.0,4.868693196777107,-0.49389963997520175
1741351140.0,4.8688786722970185,-0.493886623591162
1741351200.0,4.869064142410653,-0.4938735929404536
1741351260.0,4.869249607115475,-0.49386054802437684
1741351320.0,4.869435066409027,-0.4938474888442303
1741351380.0,4.8696205202887946,-0.4938344154013159
1741351440.0,4.869805968752264,-0.49382132769693393
1741351500.0,4.869991411796975,-0.4938082257323865
1741351560.0,4.870176849420415,-0.493795109508972
1741351620.0,4.8703622816200856,-0.4937819790279961
1741351680.0,4.870547708393494,-0.49376883429076057
1741351740.0,4.87073312973816,-0.4937556752985694
1741351800.0,4.870918545651571,-0.49374250205272796
1741351860.0,4.871103956131248,-0.49372931455453667
1741351920.0,4.871289361174713,-0.49371611280530436
1741351980.0,4.871474760779471,-0.49370289680633844
1741352040.0,4.871660154943007,-0.493689666558939
1741352100.0,4.87184554366288,-0.4936764220644187
1741352160.0,4.872030926936539,-0.4936631633240829
1741352220.0,4.872216304761577,-0.49364989033924067
1741352280.0,4.8724016771354455,-0.4936366031111992
1741352340.0,4.872587044055684,-0.49362330164126594
1741352400.0,4.872772405519814,-0.4936099859307549
1741352460.0,4.872957761525339,-0.49359665598097346
1741352520.0,4.8731431120697986,-0.49358331179323395
1741352580.0,4.87332845715068,-0.49356995336884735
1741352640.0,4.873513796765539,-0.49355658070912417
1741352700.0,4.873699130911863,-0.49354319381537887
1741352760.0,4.87388445958719,-0.493529792688922
1741352820.0,4.874069782789042,-0.4935163773310713
1741352880.0,4.87425510051496,-0.49350294774313586
1741352940.0,4.874440412762427,-0.49348950392643515
1741353000.0,4.874625719528985,-0.4934760458822816
1741353060.0,4.874811020812173,-0.49346257361199114
1741353120.0,4.874996316609494,-0.4934490871168816
1741353180.0,4.875181606918504,-0.49343558639826895
1741353240.0,4.87536689173671,-0.49342207145746914
1741353300.0,4.8755521710616305,-0.4934085422958051
1741353360.0,4.875737444890824,-0.49339499891458927
1741353420.0,4.875922713221811,-0.4933814413151465
1741353480.0,4.876107976052114,-0.4933678694987927
1741353540.0,4.876293233379254,-0.49335428346684906
1741353600.0,4.876478485200805,-0.4933406832206386
1741353660.0,4.876663731514254,-0.49332706876147897
1741353720.0,4.876848972317158,-0.4933134400906949
1741353780.0,4.877034207607056,-0.4932997972096076
1741353840.0,4.877219437381485,-0.4932861401195401
1741353900.0,4.87740466163797,-0.49327246882181874
1741353960.0,4.877589880374047,-0.49325878331776307
1741354020.0,4.877775093587275,-0.49324508360870123
1741354080.0,4.877960301275157,-0.49323136969595793
1741354140.0,4.8781455034352845,-0.49321764158085796
1741354200.0,4.878330700065144,-0.4932038992647277
1741354260.0,4.878515891162309,-0.4931901427488953
1741354320.0,4.878701076724321,-0.493176372034689
1741354380.0,4.878886256748716,-0.4931625871234335
1741354440.0,4.879071431233053,-0.49314878801646056
1741354500.0,4.879256600174852,-0.49313497471509654
1741354560.0,4.879441763571671,-0.49312114722067324
1741354620.0,4.879626921421065,-0.49310730553452214
1741354680.0,4.879812073720555,-0.4930934496579699
1741354740.0,4.879997220467718,-0.49307957959235155
1741354800.0,4.880182361660093,-0.4930656953389971
1741354860.0,4.880367497295232,-0.49305179689924
1741354920.0,4.880552627370696,-0.49303788427441364
1741354980.0,4.880737751884004,-0.49302395746584965
1741355040.0,4.88092287083275,-0.49301001647488335
1741355100.0,4.881107984214453,-0.49299606130284984
1741355160.0,4.881293092026689,-0.4929820919510825
1741355220.0,4.881478194266996,-0.49296810842092015
1741355280.0,4.88166329093293,-0.492954110713696
1741355340.0,4.881848382022084,-0.49294009883074896
1741355400.0,4.8820334675319605,-0.492926072773414
1741355460.0,4.882218547460154,-0.4929120325430316
1741355520.0,4.882403621804217,-0.4928979781409388
1741355580.0,4.882588690561708,-0.4928839095684759
1741355640.0,4.882773753730185,-0.4928698268269815
1741355700.0,4.88295881130722,-0.49285572991779614
1741355760.0,4.883143863290352,-0.4928416188422585
1741355820.0,4.8833289096771555,-0.49282749360171235
1741355880.0,4.883513950465222,-0.4928133541975
1741355940.0,4.883698985652074,-0.49279920063096166
1741356000.0,4.883884015235301,-0.4927850329034398
1741356060.0,4.884069039212461,-0.4927708510162797
1741356120.0,4.884254057581129,-0.49275665497082555
1741356180.0,4.884439070338876,-0.49274244476841933
1741356240.0,4.884624077483242,-0.49272822041040865
1741356300.0,4.884809079011838,-0.49271398189813714
1741356360.0,4.8849940749222185,-0.49269972923295063
1741356420.0,4.885179065211942,-0.4926854624161982
1741356480.0,4.885364049878597,-0.49267118144922734
1741356540.0,4.885549028919742,-0.4926568863333817
1741356600.0,4.885734002332969,-0.49264257707001247
1741356660.0,4.88591897011585,-0.49262825366047036
1741356720.0,4.886103932265943,-0.49261391610609934
1741356780.0,4.886288888780856,-0.4925995644082537
1741356840.0,4.88647383965813,-0.4925851985682845
1741356900.0,4.886658784895355,-0.49257081858753893
1741356960.0,4.886843724490139,-0.4925564244673697
1741357020.0,4.8870286584400215,-0.4925420162091312
1741357080.0,4.887213586742596,-0.4925275938141743
1741357140.0,4.887398509395469,-0.4925131572838517
1741357200.0,4.887583426396182,-0.4924987066195194
1741357260.0,4.887768337742357,-0.4924842418225301
1741357320.0,4.8879532434315385,-0.49246976289423644
1741357380.0,4.888138143461349,-0.492455269835998
1741357440.0,4.888323037829364,-0.49244076264916736
1741357500.0,4.8885079265331575,-0.49242624133510254
1741357560.0,4.888692809570321,-0.49241170589515953
1741357620.0,4.888877686938444,-0.49239715633069797
1741357680.0,4.889062558635121,-0.49238259264307227
1741357740.0,4.889247424657942,-0.4923680148336438
1741357800.0,4.8894322850044984,-0.4923534229037703
1741357860.0,4.8896171396723815,-0.49233881685481323
1741357920.0,4.889801988659165,-0.4923241966881305
1741357980.0,4.889986831962459,-0.4923095624050834
1741358040.0,4.890171669579872,-0.492294914007035
1741358100.0,4.890356501508977,-0.492280251495345
1741358160.0,4.890541327747367,-0.4922655748713764
1741358220.0,4.890726148292667,-0.4922508841364924
1741358280.0,4.890910963142451,-0.49223617929205604
1741358340.0,4.891095772294312,-0.4922214603394304
1741358400.0,4.891280575745875,-0.49220672727998216
1741358460.0,4.8914653734947136,-0.4921919801150726
1741358520.0,4.891650165538438,-0.4921772188460719
1741358580.0,4.891834951874657,-0.49216244347434307
1741358640.0,4.8920197325009775,-0.4921476540012544
1741358700.0,4.892204507414993,-0.49213285042817084
1741358760.0,4.892389276614312,-0.4921180327564625
1741358820.0,4.892574040096527,-0.4921032009874959
1741358880.0,4.892758797859263,-0.49208835512264115
1741358940.0,4.892943549900127,-0.49207349516326654
1741359000.0,4.893128296216696,-0.49205862111074217
1741359060.0,4.893313036806614,-0.4920437329664383
1741359120.0,4.893497771667487,-0.4920288307317264
1741359180.0,4.893682500796909,-0.49201391440797687
1741359240.0,4.893867224192488,-0.4919989839965614
1741359300.0,4.894051941851851,-0.4919840394988536
1741359360.0,4.894236653772604,-0.491969080916227
1741359420.0,4.8944213599523785,-0.49195410825005353
1741359480.0,4.894606060388762,-0.49193912150170666
1741359540.0,4.8947907550793825,-0.49192412067256525
1741359600.0,4.894975444021864,-0.4919091057639994
1741359660.0,4.895160127213802,-0.4918940767773878
1741359720.0,4.895344804652837,-0.4918790337141042
1741359780.0,4.895529476336579,-0.49186397657552905
1741359840.0,4.895714142262655,-0.49184890536303594
1741359900.0,4.895898802428655,-0.4918338200780054
1741359960.0,4.896083456832241,-0.4918187207218128
1741360020.0,4.896268105471022,-0.4918036072958405
1741360080.0,4.8964527483426075,-0.4917884798014654
1741360140.0,4.896637385444623,-0.4917733382400664
1741360200.0,4.8968220167747125,-0.49175818261302756
1741360260.0,4.897006642330502,-0.4917430129217277
1741360320.0,4.897191262109583,-0.49172782916754904
1741360380.0,4.897375876109617,-0.4917126313518722
1741360440.0,4.897560484328231,-0.4916974194760795
1741360500.0,4.897745086763034,-0.4916821935415567
1741360560.0,4.897929683411685,-0.4916669535496861
1741360620.0,4.898114274271778,-0.49165169950184995
1741360680.0,4.898298859340972,-0.49163643139943586
1741360740.0,4.898483438616896,-0.4916211492438261
1741360800.0,4.898668012097175,-0.49160585303641
1741360860.0,4.898852579779435,-0.49159054277856984
1741360920.0,4.899037141661337,-0.49157521847169483
1741360980.0,4.899221697740508,-0.49155988011717255
1741361040.0,4.899406248014575,-0.49154452771638885
1741361100.0,4.89959079248118,-0.49152916127073476
1741361160.0,4.899775331137952,-0.4915137807815959
1741361220.0,4.899959863982567,-0.4914983862503635
1741361280.0,4.900144391012617,-0.4914829776784285
1741361340.0,4.900328912225783,-0.49146755506717843
1741361400.0,4.900513427619688,-0.49145211841800784
1741361460.0,4.900697937191962,-0.4914366677323042
1741361520.0,4.900882440940263,-0.49142120301146214
1741361580.0,4.901066938862254,-0.4914057242568743
1741361640.0,4.90125143095556,-0.49139023146993355
1741361700.0,4.901435917217826,-0.4913747246520309
1741361760.0,4.901620397646696,-0.4913592038045643
1741361820.0,4.901804872239849,-0.49134366892892667
1741361880.0,4.901989340994891,-0.4913281200265124
1741361940.0,4.902173803909487,-0.49131255709871774
1741362000.0,4.9023582609813126,-0.49129698014694073
1741362060.0,4.902542712207979,-0.4912813891725742
1741362120.0,4.902727157587182,-0.49126578417701783
1741362180.0,4.90291159711653,-0.4912501651616697
1741362240.0,4.903096030793719,-0.4912345321279277
1741362300.0,4.903280458616358,-0.49121888507718997
1741362360.0,4.903464880582143,-0.4912032240108562
1741362420.0,4.903649296688719,-0.4911875489303261
1741362480.0,4.903833706933745,-0.49117185983699957
1741362540.0,4.904018111314866,-0.49115615673227797
1741362600.0,4.904202509829762,-0.49114043961756454
1741362660.0,4.904386902476075,-0.4911247084942574
1741362720.0,4.904571289251468,-0.4911089633637615
1741362780.0,4.904755670153617,-0.49109320422748
1741362840.0,4.904940045180187,-0.4910774310868145
1741362900.0,4.9051244143288,-0.4910616439431699
1741362960.0,4.905308777597173,-0.49104584279795127
1741363020.0,4.905493134982949,-0.4910300276525636
1741363080.0,4.905677486483806,-0.4910141985084118
1741363140.0,4.905861832097387,-0.490998355366901
1741363200.0,4.906046171821373,-0.4909824982294413
1741363260.0,4.906230505653442,-0.490966627097436
1741363320.0,4.9064148335912545,-0.4909507419722935
1741363380.0,4.906599155632471,-0.49093484285542244
1741363440.0,4.906783471774774,-0.4909189297482311
1741363500.0,4.906967782015855,-0.4909030026521316
1741363560.0,4.90715208635336,-0.4908870615685289
1741363620.0,4.907336384784967,-0.490871106498835
1741363680.0,4.907520677308356,-0.4908551374444618
1741363740.0,4.907704963921223,-0.49083915440681775
1741363800.0,4.90788924462121,-0.49082315738731846
1741363860.0,4.908073519405998,-0.4908071463873722
1741363920.0,4.908257788273299,-0.4907911214083964
1741363980.0,4.9084420512207565,-0.49077508245179774
1741364040.0,4.908626308246069,-0.4907590295189968
1741364100.0,4.908810559346913,-0.4907429626114022
1741364160.0,4.908994804520967,-0.4907268817304327
1741364220.0,4.909179043765912,-0.49071078687750225
1741364280.0,4.90936327707946,-0.490694678054028
1741364340.0,4.909547504459255,-0.49067855526142173
1741364400.0,4.9097317259030095,-0.49066241850110615
1741364460.0,4.909915941408405,-0.4906462677744947
1741364520.0,4.910100150973118,-0.49063010308300664
1741364580.0,4.910284354594845,-0.490613924428059
1741364640.0,4.910468552271283,-0.4905977318110724
1741364700.0,4.91065274400011,-0.49058152523346604
1741364760.0,4.9108369297790215,-0.4905653046966604
1741364820.0,4.911021109605699,-0.4905490702020727
1741364880.0,4.911205283477853,-0.4905328217511273
1741364940.0,4.911389451393163,-0.4905165593452447
1741365000.0,4.911573613349326,-0.4905002829858474
1741365060.0,4.911757769344037,-0.4904839926743545
1741365120.0,4.911941919375011,-0.4904676884121935
1741365180.0,4.912126063439908,-0.49045137020078516
1741365240.0,4.91231020153646,-0.4904350380415537
1741365300.0,4.912494333662363,-0.49041869193592497
1741365360.0,4.912678459815278,-0.4904023318853215
1741365420.0,4.912862579992954,-0.4903859578911726
1741365480.0,4.913046694193068,-0.49036956995490094
1741365540.0,4.913230802413335,-0.49035316807793394
1741365600.0,4.913414904651435,-0.4903367522616977
1741365660.0,4.913599000905096,-0.49032032250762153
1741365720.0,4.913783091172,-0.4903038788171332
1741365780.0,4.913967175449893,-0.4902874211916604
1741365840.0,4.914151253736438,-0.4902709496326343
1741365900.0,4.914335326029364,-0.4902544641414807
1741365960.0,4.91451939232637,-0.4902379647196326
1741366020.0,4.914703452625185,-0.49022145136851947
1741366080.0,4.914887506923487,-0.49020492408957245
1741366140.0,4.9150715552190105,-0.4901883828842227
1741366200.0,4.915255597509464,-0.49017182775390317
1741366260.0,4.915439633792566,-0.4901552587000467
1741366320.0,4.915623664066011,-0.4901386757240845
1741366380.0,4.915807688327547,-0.49012207882745296
1741366440.0,4.915991706574852,-0.49010546801158333
1741366500.0,4.9161757188056585,-0.4900888432779119
1741366560.0,4.9163597250176965,-0.49007220462787343
1741366620.0,4.916543725208664,-0.4900555520629043
1741366680.0,4.916727719376273,-0.4900388855844391
1741366740.0,4.916911707518289,-0.4900222051939143
1741366800.0,4.917095689632375,-0.4900055108927681
1741366860.0,4.917279665716312,-0.48998880268243855
1741366920.0,4.917463635767764,-0.4899720805643621
1741366980.0,4.9176475997844795,-0.4899553445399787
1741367040.0,4.917831557764204,-0.4899385946107281
1741367100.0,4.918015509704636,-0.4899218307780486
1741367160.0,4.9181994556035065,-0.48990505304338
1741367220.0,4.918383395458562,-0.4898882614081622
1741367280.0,4.9185673292675025,-0.48987145587383873
1741367340.0,4.918751257028074,-0.48985463644185107
1741367400.0,4.918935178738006,-0.48983780311363917
1741367460.0,4.919119094395016,-0.4898209558906464
1741367520.0,4.919303003996849,-0.48980409477431797
1741367580.0,4.919486907541221,-0.4897872197660937
1741367640.0,4.9196708050258975,-0.4897703308674205
1741367700.0,4.919854696448573,-0.4897534280797434
1741367760.0,4.920038581807016,-0.4897365114045042
1741367820.0,4.9202224610989385,-0.48971958084315326
1741367880.0,4.920406334322106,-0.489702636397132
1741367940.0,4.920590201474217,-0.4896856780678894
1741368000.0,4.920774062553051,-0.4896687058568737
1741368060.0,4.9209579175563265,-0.48965171976552857
1741368120.0,4.921141766481771,-0.4896347197953061
1741368180.0,4.921325609327152,-0.489617705947653
1741368240.0,4.9215094460902,-0.4896006782240197
1741368300.0,4.921693276768663,-0.4895836366258532
1741368360.0,4.921877101360274,-0.4895665811546055
1741368420.0,4.92206091986278,-0.489549511811727
1741368480.0,4.922244732273947,-0.489532428598668
1741368540.0,4.922428538591507,-0.4895153315168808
1741368600.0,4.92261233881319,-0.48949822056781733
1741368660.0,4.922796132936779,-0.4894810957529315
1741368720.0,4.922979920960007,-0.48946395707367196
1741368780.0,4.923163702880604,-0.4894468045314978
1741368840.0,4.92334747869637,-0.4894296381278594
1741368900.0,4.92353124840502,-0.48941245786421234
1741368960.0,4.92371501200432,-0.4893952637420104
1741369020.0,4.923898769492,-0.4893780557627111
1741369080.0,4.924082520865862,-0.4893608339277699
1741369140.0,4.9242662661236185,-0.48934359823864254
1741369200.0,4.924450005263054,-0.48932634869678626
1741369260.0,4.924633738281899,-0.48930908530365835
1741369320.0,4.924817465177936,-0.4892918080607181
1741369380.0,4.925001185948915,-0.4892745169694227
1741369440.0,4.925184900592602,-0.48925721203123135
1741369500.0,4.925368609106762,-0.48923989324760314
1741369560.0,4.925552311489144,-0.48922256061999875
1741369620.0,4.925736007737514,-0.4892052141498775
1741369680.0,4.925919697849639,-0.4891878538387018
1741369740.0,4.926103381823283,-0.4891704796879326
1741369800.0,4.926287059656196,-0.48915309169903065
1741369860.0,4.9264707313461775,-0.4891356898734586
1741369920.0,4.926654396890977,-0.48911827421268084
1741369980.0,4.926838056288361,-0.4891008447181581
1741370040.0,4.9270217095361115,-0.4890834013913582
1741370100.0,4.927205356631978,-0.48906594423374034
1741370160.0,4.927388997573763,-0.489048473246774
1741370220.0,4.927572632359193,-0.4890309884319235
1741370280.0,4.927756260986073,-0.48901348979065146
1741370340.0,4.9279398834521855,-0.48899597732442746
1741370400.0,4.928123499755278,-0.4889784510347176
1741370460.0,4.928307109893135,-0.48896091092298793
1741370520.0,4.928490713863538,-0.4889433569907062
1741370580.0,4.928674311664273,-0.48892578923934205
1741370640.0,4.928857903293106,-0.4889082076703651
1741370700.0,4.929041488747818,-0.48889061228524133
1741370760.0,4.929225068026194,-0.488873003085442
1741370820.0,4.929408641125999,-0.48885538007243856
1741370880.0,4.929592208045036,-0.48883774324769885
1741370940.0,4.929775768781069,-0.4888200926126976
1741371000.0,4.929959323331916,-0.4888024281689025
1741371060.0,4.9301428716953275,-0.4887847499177904
1741371120.0,4.930326413869086,-0.48876705786082886
1741371180.0,4.93050994985101,-0.4887493519994928
1741371240.0,4.930693479638864,-0.48873163233525696
1741371300.0,4.9308770032304325,-0.48871389886959626
1741371360.0,4.931060520623535,-0.48869615160398194
1741371420.0,4.931244031815919,-0.4886783905398905
1741371480.0,4.931427536805403,-0.4886606156787986
1741371540.0,4.9316110355897695,-0.48864282702218087
1741371600.0,4.93179452816682,-0.488625024571514
1741371660.0,4.931978014534356,-0.4886072083282746
1741371720.0,4.932161494690143,-0.4885893782939408
1741371780.0,4.932344968632018,-0.48857153446999096
1741371840.0,4.932528436357726,-0.4885536768579016
1741371900.0,4.932711897865107,-0.4885358054591528
1741371960.0,4.932895353151942,-0.48851792027522467
1741372020.0,4.9330788022160315,-0.4885000213075954
1741372080.0,4.933262245055178,-0.48848210855774676
1741372140.0,4.933445681667182,-0.4884641820271571
1741372200.0,4.933629112049827,-0.48844624171731166
1741372260.0,4.933812536200966,-0.48842828762968876
1741372320.0,4.933995954118346,-0.48841031976577187
1741372380.0,4.934179365799806,-0.48839233812704463
1741372440.0,4.934362771243161,-0.4883743427149888
1741372500.0,4.934546170446178,-0.48835633353108787
1741372560.0,4.934729563406695,-0.4883383105768253
1741372620.0,4.934912950122511,-0.48832027385369
1741372680.0,4.935096330591427,-0.4883022233631619
1741372740.0,4.935279704811278,-0.48828415910672984
1741372800.0,4.935463072779849,-0.4882660810858773
1741372860.0,4.935646434494975,-0.48824798930209307
1741372920.0,4.935829789954457,-0.4882298837568641
1741372980.0,4.936013139156096,-0.48821176445167586
1741373040.0,4.936196482097728,-0.48819363138801863
1741373100.0,4.936379818777152,-0.4881754845673778
1741373160.0,4.936563149192207,-0.4881573239912456
1741373220.0,4.936746473340691,-0.4881391496611108
1741373280.0,4.936929791220442,-0.48812096157846047
1741373340.0,4.93711310282926,-0.48810275974478856
1741373400.0,4.937296408164963,-0.4880845441615838
1741373460.0,4.937479707225386,-0.4880663148303386
1741373520.0,4.9376630000083495,-0.48804807175254156
1741373580.0,4.937846286511671,-0.4880298149296902
1741373640.0,4.938029566733185,-0.4880115443632733
1741373700.0,4.938212840670711,-0.48799326005478494
1741373760.0,4.93839610832205,-0.487974962005719
1741373820.0,4.938579369685073,-0.48795665021756957
1741373880.0,4.9387626247575795,-0.4879383246918306
1741373940.0,4.938945873537406,-0.4879199854299979
1741374000.0,4.939129116022389,-0.48790163243356716
1741374060.0,4.939312352210346,-0.4878832657040342
1741374120.0,4.939495582099131,-0.4878648852428964
1741374180.0,4.939678805686543,-0.4878464910516478
1741374240.0,4.939862022970438,-0.4878280831317894
1741374300.0,4.940045233948632,-0.487809661484817
1741374360.0,4.94022843861898,-0.487791226112228
1741374420.0,4.9404116369793165,-0.4877727770155252
1741374480.0,4.940594829027478,-0.4877543141962025
1741374540.0,4.940778014761282,-0.48773583765576456
1741374600.0,4.940961194178583,-0.4877173473957087
1741374660.0,4.941144367277233,-0.48769884341753594
1741374720.0,4.941327534055052,-0.4876803257227491
1741374780.0,4.9415106945098906,-0.487661794312849
1741374840.0,4.941693848639605,-0.4876432491893368
1741374900.0,4.941876996442011,-0.4876246903537151
1741374960.0,4.942060137914964,-0.4876061178074884
1741375020.0,4.942243273056317,-0.4875875315521613
1741375080.0,4.942426401863903,-0.48756893158923276
1741375140.0,4.9426095243355785,-0.4875503179202128
1741375200.0,4.942792640469213,-0.48753169054660217
1741375260.0,4.942975750262606,-0.48751304946991075
1741375320.0,4.943158853713649,-0.4874943946916394
1741375380.0,4.943341950820175,-0.4874757262132979
1741375440.0,4.943525041580039,-0.4874570440363907
1741375500.0,4.943708125991091,-0.4874383481624274
1741375560.0,4.943891204051189,-0.4874196385929145
1741375620.0,4.944074275758182,-0.48740091532935975
1741375680.0,4.944257341109944,-0.48738217837327286
1741375740.0,4.944440400104308,-0.4873634277261618
1741375800.0,4.94462345273913,-0.48734466338953814
1741375860.0,4.944806499012295,-0.4873258853649097
1741375920.0,4.944989538921642,-0.4873070936537881
1741375980.0,4.945172572465039,-0.4872882882576846
1741376040.0,4.945355599640341,-0.4872694691781091
1741376100.0,4.945538620445418,-0.4872506364165746
1741376160.0,4.945721634878123,-0.4872317899745945
1741376220.0,4.945904642936328,-0.48721292985368014
1741376280.0,4.946087644617886,-0.4871940560553447
1741376340.0,4.946270639920682,-0.4871751685811032
1741376400.0,4.946453628842556,-0.4871562674324688
1741376460.0,4.94663661138141,-0.4871373526109565
1741376520.0,4.946819587535084,-0.48711842411808115
1741376580.0,4.947002557301462,-0.48709948195535774
1741376640.0,4.947185520678418,-0.4870805261243048
1741376700.0,4.947368477663803,-0.4870615566264371
1741376760.0,4.9475514282555055,-0.48704257346327146
1741376820.0,4.947734372451397,-0.4870235766363263
1741376880.0,4.947917310249348,-0.4870045661471165
1741376940.0,4.9481002416472295,-0.48698554199716576
1741377000.0,4.948283166642928,-0.48696650418798904
1741377060.0,4.948466085234333,-0.4869474527211065
1741377120.0,4.948648997419298,-0.4869283875980384
1741377180.0,4.948831903195693,-0.4869093088203032
1741377240.0,4.9490148025614245,-0.48689021638942437
1741377300.0,4.9491976955143615,-0.48687111030692054
1741377360.0,4.9493805820523935,-0.4868519905743135
1741377420.0,4.949563462173391,-0.4868328571931271
1741377480.0,4.9497463358752425,-0.486813710164883
1741377540.0,4.949929203155835,-0.4867945494911034
1741377600.0,4.95011206401304,-0.48677537517331354
1741377660.0,4.950294918444763,-0.48675618721303376
1741377720.0,4.950477766448892,-0.48673698561179274
1741377780.0,4.950660608023316,-0.48671777037111086
1741377840.0,4.950843443165905,-0.48669854149251696
1741377900.0,4.951026271874547,-0.4866792989775365
1741377960.0,4.951209094147164,-0.48666004282769304
1741378020.0,4.951391909981612,-0.4866407730445156
1741378080.0,4.951574719375811,-0.4866214896295295
1741378140.0,4.951757522327652,-0.4866021925842638
1741378200.0,4.951940318835004,-0.4865828819102438
1741378260.0,4.952123108895791,-0.48656355760900183
1741378320.0,4.9523058925079,-0.4865442196820635
1741378380.0,4.952488669669237,-0.48652486813096113
1741378440.0,4.9526714403776735,-0.48650550295722006
1741378500.0,4.952854204631148,-0.4864861241623745
1741378560.0,4.953036962427535,-0.48646673174795513
1741378620.0,4.953219713764735,-0.48644732571549076
1741378680.0,4.953402458640658,-0.48642790606651387
1741378740.0,4.953585197053207,-0.48640847280255695
1741378800.0,4.953767929000289,-0.48638902592515215
1741378860.0,4.95395065447981,-0.4863695654358339
1741378920.0,4.954133373489673,-0.4863500913361326
1741378980.0,4.954316086027768,-0.48633060362758423
1741379040.0,4.954498792092019,-0.48631110231172303
1741379100.0,4.954681491680347,-0.48629158739008127
1741379160.0,4.954864184790641,-0.4862720588641984
1741379220.0,4.955046871420809,-0.4862525167356068
1741379280.0,4.955229551568787,-0.4862329610058441
1741379340.0,4.955412225232484,-0.4862133916764463
1741379400.0,4.955594892409786,-0.4861938087489508
1741379460.0,4.955777553098635,-0.48617421222489543
1741379520.0,4.955960207296919,-0.486154602105816
1741379580.0,4.956142855002595,-0.4861349783932537
1741379640.0,4.956325496213552,-0.4861153410887443
1741379700.0,4.956508130927695,-0.48609569019382903
1741379760.0,4.956690759142983,-0.48607602571004893
1741379820.0,4.956873380857304,-0.48605634763894007
1741379880.0,4.957055996068579,-0.4860366559820468
1741379940.0,4.957238604774768,-0.4860169507409087
1741380000.0,4.957421206973742,-0.48599723191706695
1741380060.0,4.957603802663459,-0.48597749951206415
1741380120.0,4.9577863918418394,-0.48595775352744164
1741380180.0,4.957968974506809,-0.48593799396474396
1741380240.0,4.9581515506562726,-0.485918220825514
1741380300.0,4.958334120288187,-0.4858984341112947
1741380360.0,4.958516683400478,-0.48587863382362884
1741380420.0,4.958699239991066,-0.48585881996406455
1741380480.0,4.958881790057857,-0.48583899253414464
1741380540.0,4.959064333598828,-0.4858191515354139
1741380600.0,4.959246870611884,-0.4857992969694202
1741380660.0,4.959429401094964,-0.4857794288377083
1741380720.0,4.959611925046011,-0.48575954714182634
1741380780.0,4.959794442462946,-0.4857396518833206
1741380840.0,4.959976953343727,-0.485719743063741
1741380900.0,4.960159457686261,-0.4856998206846321
1741380960.0,4.960341955488506,-0.4856798847475455
1741381020.0,4.9605244467483995,-0.48565993525402756
1741381080.0,4.9607069314638865,-0.48563997220563
1741381140.0,4.960889409632887,-0.4856199956039024
1741381200.0,4.96107188125336,-0.48560000545039494
1741381260.0,4.961254346323245,-0.48558000174665894
1741381320.0,4.961436804840484,-0.4855599844942445
1741381380.0,4.961619256803034,-0.48553995369470293
1741381440.0,4.961801702208818,-0.48551990934958783
1741381500.0,4.961984141055795,-0.48549985146045244
1741381560.0,4.9621665733419045,-0.48547978002884656
1741381620.0,4.962348999065122,-0.48545969505632713
1741381680.0,4.962531418223371,-0.48543959654444746
1741381740.0,4.96271383081461,-0.48541948449475913
1741381800.0,4.962896236836795,-0.4853993589088189
1741381860.0,4.963078636287851,-0.48537921978818377
1741381920.0,4.96326102916577,-0.4853590671344069
1741381980.0,4.963443415468493,-0.48533890094904353
1741382040.0,4.963625795193977,-0.48531872123365394
1741382100.0,4.963808168340163,-0.48529852798979145
1741382160.0,4.963990534905009,-0.48527832121901465
1741382220.0,4.964172894886492,-0.4852581009228838
1741382280.0,4.964355248282567,-0.48523786710295236
1741382340.0,4.964537595091176,-0.4852176197607841
1741382400.0,4.9647199353102955,-0.4851973588979341
1741382460.0,4.964902268937881,-0.48517708451596436
1741382520.0,4.96508459597191,-0.4851567966164353
1741382580.0,4.965266916410339,-0.48513649520090546
1741382640.0,4.965449230251111,-0.48511618027093695
1741382700.0,4.965631537492217,-0.48509585182809006
1741382760.0,4.965813838131614,-0.4850755098739286
1741382820.0,4.9659961321672785,-0.48505515441001296
1741382880.0,4.966178419597169,-0.4850347854379068
1741382940.0,4.966360700419259,-0.48501440295917236
1741383000.0,4.966542974631528,-0.48499400697537337
1741383060.0,4.966725242231929,-0.4849735974880736
1741383120.0,4.966907503218441,-0.4849531744988387
1741383180.0,4.967089757589037,-0.48493273800923253
1741383240.0,4.9672720053416946,-0.4849122880208205
1741383300.0,4.9674542464744045,-0.4848918245351682
1741383360.0,4.967636480985109,-0.4848713475538413
1741383420.0,4.967818708871801,-0.4848508570784071
1741383480.0,4.9680009301324715,-0.4848303531104327
1741383540.0,4.968183144765081,-0.48480983565148567
1741383600.0,4.968365352767637,-0.4847893047031332
1741383660.0,4.968547554138082,-0.48476876026694254
1741383720.0,4.968729748874425,-0.4847482023444845
1741383780.0,4.968911936974627,-0.48472763093732824
1741383840.0,4.969094118436712,-0.48470704604704096
1741383900.0,4.969276293258622,-0.48468644767519525
1741383960.0,4.969458461438367,-0.4846658358233602
1741384020.0,4.969640622973923,-0.4846452104931065
1741384080.0,4.969822777863266,-0.4846245716860067
1741384140.0,4.970004926104423,-0.48460391940363
1741384200.0,4.970187067695351,-0.4845832536475523
1741384260.0,4.9703692026340445,-0.4845625744193427
1741384320.0,4.970551330918513,-0.4845418817205771
1741384380.0,4.970733452546733,-0.48452117555282653
1741384440.0,4.970915567516695,-0.4845004559176651
1741384500.0,4.97109767582641,-0.4844797228166707
1741384560.0,4.971279777473856,-0.4844589762514122
1741384620.0,4.9714618724570405,-0.4844382162234694
1741384680.0,4.971643960773941,-0.48441744273441634
1741384740.0,4.971826042422601,-0.4843966557858292
1741384800.0,4.972008117400979,-0.4843758553792839
1741384860.0,4.972190185707085,-0.48435504151635655
1741384920.0,4.972372247338913,-0.4843342141986267
1741384980.0,4.9725543022944905,-0.48431337342767034
1741385040.0,4.972736350571792,-0.4842925192050669
1741385100.0,4.972918392168845,-0.4842716515323943
1741385160.0,4.973100427083626,-0.48425077041123027
1741385220.0,4.9732824553141635,-0.48422987584315613
1741385280.0,4.973464476858484,-0.48420896782975126
1741385340.0,4.973646491714545,-0.4841880463725953
1741385400.0,4.973828499880393,-0.4841671114732695
1741385460.0,4.97401050135402,-0.4841461631333551
1741385520.0,4.974192496133455,-0.4841252013544334
1741385580.0,4.974374484216671,-0.4841042261380857
1741385640.0,4.974556465601733,-0.4840832374858949
1741385700.0,4.9747384402866155,-0.4840622353994441
1741385760.0,4.974920408269364,-0.484041219880318
1741385820.0,4.975102369547955,-0.4840201909300962
1741385880.0,4.975284324120448,-0.4839991485503669
1741385940.0,4.975466271984821,-0.4839780927427114
1741386000.0,4.975648213139119,-0.48395702350871794
1741386060.0,4.975830147581352,-0.4839359408499695
1741386120.0,4.976012075309529,-0.48391484476805086
1741386180.0,4.976193996321715,-0.48389373526455204
1741386240.0,4.976375910615867,-0.483872612341056
1741386300.0,4.976557818190066,-0.48385147599915274
1741386360.0,4.9767397190423015,-0.4838303262404271
1741386420.0,4.976921613170623,-0.48380916306646726
1741386480.0,4.977103500573039,-0.4837879864788633
1741386540.0,4.977285381247576,-0.4837667964792015
1741386600.0,4.977467255192281,-0.4837455930690739
1741386660.0,4.977649122405165,-0.4837243762500685
1741386720.0,4.977830982884252,-0.48370314602377545
1741386780.0,4.978012836627592,-0.48368190239178294
1741386840.0,4.97819468363321,-0.4836606453556862
1741386900.0,4.978376523899135,-0.4836393749170735
1741386960.0,4.97855835742341,-0.48361809107753656
1741387020.0,4.9787401842040655,-0.48359679383866716
1741387080.0,4.978922004239127,-0.48357548320206045
1741387140.0,4.979103817526661,-0.4835541591693048
1741387200.0,4.979285624064673,-0.4835328217419988
1741387260.0,4.979467423851194,-0.4835114709217325
1741387320.0,4.979649216884301,-0.4834901067101012
1741387380.0,4.979831003162026,-0.48346872910870003
1741387440.0,4.980012782682394,-0.48344733811912244
1741387500.0,4.980194555443451,-0.4834259337429639
1741387560.0,4.9803763214432415,-0.48340451598182105
1741387620.0,4.98055808067983,-0.48338308483729114
1741387680.0,4.980739833151242,-0.4833616403109693
1741387740.0,4.980921578855507,-0.4833401824044542
1741387800.0,4.981103317790722,-0.48331871111934116
1741387860.0,4.981285049954896,-0.48329722645722883
1741387920.0,4.981466775346094,-0.4832757284197142
1741387980.0,4.981648493962343,-0.4832542170083996
1741388040.0,4.9818302058017405,-0.48323269222488185
1741388100.0,4.982011910862295,-0.48321115407075976
1741388160.0,4.982193609142089,-0.4831896025476337
1741388220.0,4.98237530063915,-0.4831680376571059
1741388280.0,4.982556985351557,-0.4831464594007753
1741388340.0,4.982738663277358,-0.4831248677802421
1741388400.0,4.982920334414612,-0.48310326279711036
1741388460.0,4.983101998761348,-0.4830816444529823
1741388520.0,4.983283656315682,-0.4830600127494583
1741388580.0,4.98346530707564,-0.48303836768814074
1741388640.0,4.98364695103927,-0.4830167092706352
1741388700.0,4.983828588204668,-0.4829950374985439
1741388760.0,4.984010218569878,-0.48297335237347083
1741388820.0,4.984191842132966,-0.4829516538970217
1741388880.0,4.984373458891992,-0.4829299420707987
1741388940.0,4.984555068845018,-0.482908216896411
1741389000.0,4.9847366719901425,-0.48288647837546084
1741389060.0,4.984918268325396,-0.4828647265095574
1741389120.0,4.985099857848872,-0.4828429613003047
1741389180.0,4.985281440558618,-0.4828211827493084
1741389240.0,4.985463016452732,-0.48279939085818113
1741389300.0,4.985644585529257,-0.4827775856285252
1741389360.0,4.985826147786292,-0.48275576706195145
1741389420.0,4.986007703221883,-0.4827339351600691
1741389480.0,4.986189251834144,-0.4827120899244857
1741389540.0,4.98637079362112,-0.48269023135681033
1741389600.0,4.986552328580892,-0.482668359458654
1741389660.0,4.986733856711539,-0.4826464742316258
1741389720.0,4.986915378011142,-0.48262457567733674
1741389780.0,4.987096892477782,-0.48260266379739775
1741389840.0,4.987278400109537,-0.4825807385934198
1741389900.0,4.987459900904506,-0.48255880006701557
1741389960.0,4.987641394860735,-0.4825368482197977
1741390020.0,4.987822881976336,-0.4825148830533772
1741390080.0,4.988004362249375,-0.4824929045693684
1741390140.0,4.988185835677966,-0.482470912769384
1741390200.0,4.98836730226017,-0.4824489076550385
1741390260.0,4.98854876199407,-0.4824268892279446
1741390320.0,4.988730214877778,-0.48240485748972006
1741390380.0,4.98891166090936,-0.482382812441976
1741390440.0,4.9890931000869285,-0.4823607540863303
1741390500.0,4.989274532408564,-0.482338682424399
1741390560.0,4.989455957872347,-0.4823165974577967
1741390620.0,4.989637376476393,-0.4822944991881412
1741390680.0,4.989818788218801,-0.4822723876170505
1741390740.0,4.99000019309763,-0.482250262746139
1741390800.0,4.990181591110996,-0.4822281245770281
1741390860.0,4.990362982257017,-0.4822059731113341
1741390920.0,4.990544366533753,-0.4821838083506747
1741390980.0,4.990725743939338,-0.4821616302966714
1741391040.0,4.99090711447185,-0.4821394389509422
1741391100.0,4.991088478129388,-0.48211723431510844
1741391160.0,4.991269834910067,-0.48209501639078806
1741391220.0,4.991451184811985,-0.48207278517960417
1741391280.0,4.991632527833256,-0.48205054068317477
1741391340.0,4.991813863971979,-0.48202828290312466
1741391400.0,4.991995193226249,-0.48200601184107184
1741391460.0,4.992176515594167,-0.481983727498643
1741391520.0,4.992357831073864,-0.4819614298774576
1741391580.0,4.992539139663455,-0.4819391189791408
1741391640.0,4.992720441361019,-0.4819167948053139
1741391700.0,4.99290173616469,-0.4818944573576035
1741391760.0,4.993083024072565,-0.481872106637631
1741391820.0,4.993264305082778,-0.4818497426470232
1741391880.0,4.9934455791934225,-0.4818273653874031
1741391940.0,4.993626846402618,-0.48180497486039736
1741392000.0,4.993808106708477,-0.4817825710676328
1741392060.0,4.9939893601091345,-0.481760154010734
1741392120.0,4.994170606602685,-0.48173772369132795
1741392180.0,4.9943518461872625,-0.4817152801110428
1741392240.0,4.994533078860981,-0.4816928232715036
1741392300.0,4.994714304621958,-0.4816703531743404
1741392360.0,4.994895523468341,-0.48164786982118163
1741392420.0,4.995076735398213,-0.48162537321365395
1741392480.0,4.9952579404097195,-0.48160286335338737
1741392540.0,4.99543913850098,-0.4815803402420105
1741392600.0,4.995620329670124,-0.4815578038811551
1741392660.0,4.995801513915267,-0.48153525427244953
1741392720.0,4.99598269123456,-0.48151269141752573
1741392780.0,4.996163861626118,-0.48149011531801383
1741392840.0,4.996345025088073,-0.48146752597554565
1741392900.0,4.996526181618541,-0.48144492339175143
1741392960.0,4.99670733121567,-0.48142230756826476
1741393020.0,4.996888473877593,-0.4813996785067192
1741393080.0,4.997069609602427,-0.481377036208745
1741393140.0,4.99725073838832,-0.48135438067597747
1741393200.0,4.997431860233404,-0.4813317119100485
1741393260.0,4.997612975135832,-0.4813090299125952
1741393320.0,4.997794083093717,-0.4812863346852495
1741393380.0,4.99797518410519,-0.4812636262296467
1741393440.0,4.998156278168421,-0.48124090454742396
1741393500.0,4.998337365281559,-0.48121816964021497
1741393560.0,4.998518445442684,-0.48119542150965494
1741393620.0,4.998699518649998,-0.48117266015738286
1741393680.0,4.998880584901634,-0.4811498855850341
1741393740.0,4.999061644195707,-0.4811270977942475
1741393800.0,4.999242696530384,-0.4811042967866584
1741393860.0,4.999423741903816,-0.4810814825639057
1741393920.0,4.999604780314134,-0.4810586551276266
1741393980.0,4.999785811759507,-0.48103581447946325
1741394040.0,4.999966836238065,-0.48101296062105126
1741394100.0,5.000147853747962,-0.48099009355403277
1741394160.0,5.000328864287362,-0.48096721328004505
1741394220.0,5.000509867854416,-0.4809443198007321
1741394280.0,5.000690864447256,-0.4809214131177311
1741394340.0,5.00087185406405,-0.48089849323268447
1741394400.0,5.001052836702948,-0.4808755601472344
1741394460.0,5.001233812362117,-0.48085261386302336
1741394520.0,5.001414781039725,-0.48082965438169195
1741394580.0,5.001595742733887,-0.4808066817048825
1741394640.0,5.001776697442804,-0.48078369583423913
1741394700.0,5.001957645164628,-0.48076069677140415
1741394760.0,5.002138585897508,-0.48073768451802346
1741394820.0,5.002319519639611,-0.48071465907573935
1741394880.0,5.002500446389087,-0.48069162044619773
1741394940.0,5.002681366144121,-0.48066856863104446
1741395000.0,5.002862278902881,-0.48064550363192005
1741395060.0,5.003043184663516,-0.4806224254504757
1741395120.0,5.003224083424193,-0.48059933408835537
1741395180.0,5.0034049751831,-0.4805762295472051
1741395240.0,5.003585859938384,-0.4805531118286723
1741395300.0,5.003766737688229,-0.48052998093440463
1741395360.0,5.003947608430787,-0.48050683686604795
1741395420.0,5.00412847216426,-0.48048367962525157
1741395480.0,5.004309328886799,-0.4804605092136649
1741395540.0,5.004490178596587,-0.4804373256329354
1741395600.0,5.004671021291791,-0.48041412888471424
1741395660.0,5.004851856970598,-0.48039091897064723
1741395720.0,5.005032685631173,-0.4803676958923872
1741395780.0,5.005213507271704,-0.48034445965158357
1741395840.0,5.005394321890372,-0.4803212102498873
1741395900.0,5.005575129485349,-0.48029794768894957
1741395960.0,5.005755930054815,-0.4802746719704196
1741396020.0,5.00593672359694,-0.48025138309595383
1741396080.0,5.006117510109943,-0.4802280810671998
1741396140.0,5.006298289591975,-0.48020476588581373
1741396200.0,5.006479062041239,-0.48018143755344683
1741396260.0,5.006659827455899,-0.48015809607175197
1741396320.0,5.006840585834178,-0.4801347414423836
1741396380.0,5.0070213371742245,-0.4801113736669946
1741396440.0,5.007202081474259,-0.48008799274724295
1741396500.0,5.007382818732448,-0.4800645986847799
1741396560.0,5.007563548947012,-0.4800411914812634
1741396620.0,5.0077442721161,-0.4800177711383463
1741396680.0,5.007924988237933,-0.4799943376576849
1741396740.0,5.008105697310713,-0.479970891040939
1741396800.0,5.008286399332607,-0.4799474312897615
1741396860.0,5.008467094301835,-0.4799239584058103
1741396920.0,5.008647782216581,-0.4799004723907454
1741396980.0,5.008828463075049,-0.4798769732462213
1741397040.0,5.009009136875422,-0.4798534609738995
1741397100.0,5.009189803615922,-0.4798299355754364
1741397160.0,5.00937046329475,-0.4798063970524918
1741397220.0,5.00955111591009,-0.47978284540672367
1741397280.0,5.009731761460145,-0.4797592806397936
1741397340.0,5.009912399943136,-0.47973570275335975
1741397400.0,5.010093031357264,-0.4797121117490853
1741397460.0,5.010273655700714,-0.4796885076286302
1741397520.0,5.010454272971723,-0.479664890393654
1741397580.0,5.010634883168477,-0.47964126004582025
1741397640.0,5.010815486289193,-0.47961761658678875
1741397700.0,5.010996082332078,-0.47959396001822435
1741397760.0,5.011176671295346,-0.4795702903417887
1741397820.0,5.011357253177205,-0.4795466075591452
1741397880.0,5.011537827975871,-0.479522911671957
1741397940.0,5.011718395689547,-0.47949920268188756
1741398000.0,5.011898956316455,-0.47947548059060346
1741398060.0,5.012079509854829,-0.4794517453997647
1741398120.0,5.012260056302855,-0.47942799711104145
1741398180.0,5.012440595658772,-0.4794042357260953
1741398240.0,5.01262112792078,-0.47938046124659306
1741398300.0,5.012801653087133,-0.4793566736742015
1741398360.0,5.012982171156019,-0.4793328730105856
1741398420.0,5.013162682125657,-0.47930905925741396
1741398480.0,5.013343185994281,-0.4792852324163517
1741398540.0,5.013523682760132,-0.4792613924890689
1741398600.0,5.013704172421411,-0.4792375394772325
1741398660.0,5.013884654976354,-0.4792136733825093
1741398720.0,5.014065130423182,-0.47918979420656954
1741398780.0,5.014245598760115,-0.4791659019510817
1741398840.0,5.014426059985407,-0.4791419966177144
1741398900.0,5.01460651409726,-0.4791180782081396
1741398960.0,5.014786961093913,-0.4790941467240259
1741399020.0,5.014967400973619,-0.47907020216704355
1741399080.0,5.015147833734599,-0.4790462445388646
1741399140.0,5.015328259375053,-0.4790222738411592
1741399200.0,5.015508677893256,-0.4789982900755978
1741399260.0,5.015689089287443,-0.4789742932438559
1741399320.0,5.015869493555818,-0.47895028334760364
1741399380.0,5.016049890696651,-0.47892626038851316
1741399440.0,5.016230280708164,-0.47890222436825813
1741399500.0,5.01641066358861,-0.47887817528851073
1741399560.0,5.016591039336228,-0.47885411315094817
1741399620.0,5.016771407949236,-0.47883003795724244
1741399680.0,5.016951769425889,-0.47880594970906726
1741399740.0,5.017132123764444,-0.47878184840809823
1741399800.0,5.017312470963135,-0.47875773405601085
1741399860.0,5.017492811020217,-0.4787336066544806
1741399920.0,5.017673143933912,-0.478709466205183
1741399980.0,5.017853469702508,-0.47868531270979714
1741400040.0,5.018033788324208,-0.47866114616999494
1741400100.0,5.018214099797283,-0.47863696658745725
1741400160.0,5.018394404119988,-0.4786127739638595
1741400220.0,5.0185747012905795,-0.478588568300879
1741400280.0,5.018754991307292,-0.47856434960019645
1741400340.0,5.0189352741684,-0.47854011786348916
1741400400.0,5.019115549872139,-0.4785158730924361
1741400460.0,5.019295818416764,-0.47849161528871453
1741400520.0,5.0194760798005476,-0.47846734445400707
1741400580.0,5.019656334021745,-0.4784430605899926
1741400640.0,5.019836581078592,-0.47841876369835007
1741400700.0,5.020016820969362,-0.4783944537807604
1741400760.0,5.0201970536923435,-0.4783701308389077
1741400820.0,5.020377279245757,-0.4783457948744693
1741400880.0,5.020557497627874,-0.4783214458891277
1741400940.0,5.020737708836985,-0.47829708388456893
1741401000.0,5.020917912871326,-0.4782727088624701
1741401060.0,5.02109810972917,-0.4782483208245173
1741401120.0,5.021278299408773,-0.478223919772393
1741401180.0,5.0214584819084385,-0.47819950570778147
1741401240.0,5.021638657226389,-0.47817507863236525
1741401300.0,5.021818825360932,-0.47815063854782847
1741401360.0,5.02199898631032,-0.47812618545585717
1741401420.0,5.022179140072826,-0.47810171935813384
1741401480.0,5.022359286646722,-0.478077240256348
1741401540.0,5.0225394260302805,-0.4780527481521821
1741401600.0,5.022719558221773,-0.4780282430473222
1741401660.0,5.022899683219491,-0.47800372494345417
1741401720.0,5.023079801021704,-0.4779791938422676
1741401780.0,5.0232599116266865,-0.47795464974544843
1741401840.0,5.023440015032708,-0.4779300926546826
1741401900.0,5.02362011123806,-0.4779055225716597
1741401960.0,5.0238002002410145,-0.4778809394980673
1741402020.0,5.0239802820398785,-0.47785634343559336
1741402080.0,5.024160356632888,-0.4778317343859272
1741402140.0,5.0243404240183684,-0.47780711235075823
1741402200.0,5.024520484194593,-0.4777824773317744
1741402260.0,5.024700537159831,-0.47775782933066857
1741402320.0,5.024880582912393,-0.47773316834913016
1741402380.0,5.025060621450548,-0.4777084943888487
1741402440.0,5.025240652772604,-0.47768380745151545
1741402500.0,5.025420676876834,-0.4776591075388216
1741402560.0,5.025600693761527,-0.4776343946524601
1741402620.0,5.02578070342499,-0.4776096687941222
1741402680.0,5.025960705865495,-0.47758492996550084
1741402740.0,5.026140701081349,-0.47756017816828733
1741402800.0,5.026320689070842,-0.47753541340417455
1741402860.0,5.0265006698322985,-0.47751063567485896
1741402920.0,5.026680643363956,-0.47748584498203184
1741402980.0,5.026860609664173,-0.4774610413273878
1741403040.0,5.027040568731203,-0.4774362247126217
1741403100.0,5.027220520563357,-0.4774113951394282
1741403160.0,5.027400465158955,-0.47738655260950197
1741403220.0,5.027580402516272,-0.47736169712454124
1741403280.0,5.0277603326336315,-0.4773368286862373
1741403340.0,5.027940255509341,-0.4773119472962917
1741403400.0,5.02812017114169,-0.4772870529563958
1741403460.0,5.028300079528985,-0.4772621456682495
1741403520.0,5.028479980669533,-0.47723722543355096
1741403580.0,5.028659874561641,-0.47721229225399503
1741403640.0,5.028839761203635,-0.4771873461312815
1741403700.0,5.029019640593785,-0.4771623870671104
1741403760.0,5.029199512730451,-0.4771374150631764
1741403820.0,5.029379377611924,-0.47711243012118126
1741403880.0,5.029559235236492,-0.4770874322428232
1741403940.0,5.029739085602498,-0.47706242142980215
1741404000.0,5.029918928708265,-0.477037397683818
1741404060.0,5.0300987645520845,-0.4770123610065741
1741404120.0,5.030278593132278,-0.47698731139976724
1741404180.0,5.030458414447175,-0.4769622488650988
1741404240.0,5.030638228495078,-0.4769371734042741
1741404300.0,5.030818035274312,-0.47691208501898963
1741404360.0,5.030997834783204,-0.47688698371095223
1741404420.0,5.031177627020076,-0.47686186948186193
1741404480.0,5.031357411983237,-0.4768367423334221
1741404540.0,5.031537189671044,-0.4768116022673345
1741404600.0,5.031716960081789,-0.476786449285306
1741404660.0,5.031896723213794,-0.4767612833890366
1741404720.0,5.032076479065403,-0.4767361045802333
1741404780.0,5.032256227634958,-0.4767109128606011
1741404840.0,5.032435968920766,-0.47668570823184186
1741404900.0,5.03261570292115,-0.4766604906956624
1741404960.0,5.032795429634453,-0.47663526025376973
1741405020.0,5.032975149059016,-0.47661001690786725
1741405080.0,5.033154861193147,-0.47658476065966365
1741405140.0,5.033334566035205,-0.4765594915108624
1741405200.0,5.033514263583515,-0.47653420946317393
1741405260.0,5.033693953836417,-0.4765089145183033
1741405320.0,5.033873636792221,-0.47648360667795936
1741405380.0,5.034053312449303,-0.476458285943849
1741405440.0,5.034232980805986,-0.47643295231768074
1741405500.0,5.034412641860614,-0.4764076058011635
1741405560.0,5.0345922956115094,-0.4763822463960075
1741405620.0,5.0347719420570325,-0.47635687410391975
1741405680.0,5.034951581195525,-0.4763314889266124
1741405740.0,5.03513121302533,-0.4763060908657925
1741405800.0,5.035310837544787,-0.476280679923172
1741405860.0,5.03549045475224,-0.47625525610046154
1741405920.0,5.035670064646048,-0.47622981939937314
1741405980.0,5.035849667224553,-0.47620436982161735
1741406040.0,5.036029262486097,-0.47617890736890445
1741406100.0,5.0362088504290385,-0.47615343204294847
1741406160.0,5.036388431051721,-0.4761279438454597
1741406220.0,5.036568004352519,-0.47610244277815394
1741406280.0,5.036747570329742,-0.47607692884274155
1741406340.0,5.036927128981783,-0.47605140204093643
1741406400.0,5.037106680306984,-0.4760258623744542
1741406460.0,5.037286224303704,-0.4760003098450054
1741406520.0,5.037465760970304,-0.47597474445430915
1741406580.0,5.037645290305124,-0.475949166204074
1741406640.0,5.037824812306525,-0.47592357509602107
1741406700.0,5.0380043269729,-0.47589797113186233
1741406760.0,5.038183834302558,-0.4758723543133135
1741406820.0,5.038363334293908,-0.475846724642092
1741406880.0,5.038542826945275,-0.4758210821199135
1741406940.0,5.038722312255073,-0.47579542674849534
1741407000.0,5.038901790221624,-0.4757697585295532
1741407060.0,5.0390812608432896,-0.47574407746480635
1741407120.0,5.039260724118463,-0.475718383555972
1741407180.0,5.039440180045521,-0.475692676804766
1741407240.0,5.039619628622787,-0.4756669572129091
1741407300.0,5.039799069848674,-0.4756412247821204
1741407360.0,5.039978503721542,-0.47561547951411753
1741407420.0,5.040157930239749,-0.47558972141061945
1741407480.0,5.04033734940169,-0.47556395047334715
1741407540.0,5.0405167612057244,-0.47553816670402144
1741407600.0,5.040696165650229,-0.4755123701043598
1741407660.0,5.04087556273358,-0.47548656067608663
1741407720.0,5.0410549524541555,-0.4754607384209193
1741407780.0,5.041234334810332,-0.4754349033405822
1741407840.0,5.041413709800485,-0.47540905543679435
1741407900.0,5.04159307742301,-0.4753831947112803
1741407960.0,5.041772437676285,-0.47535732116576096
1741408020.0,5.041951790558684,-0.4753314348019606
1741408080.0,5.042131136068603,-0.4753055356216002
1741408140.0,5.0423104742044025,-0.4752796236264041
1741408200.0,5.042489804964474,-0.4752536988180949
1741408260.0,5.042669128347214,-0.4752277611983971
1741408320.0,5.042848444351017,-0.4752018107690368
1741408380.0,5.043027752974257,-0.4751758475317366
1741408440.0,5.043207054215331,-0.4751498714882225
1741408500.0,5.043386348072632,-0.47512388264021915
1741408560.0,5.043565634544538,-0.4750978809894526
1741408620.0,5.043744913629443,-0.4750718665376506
1741408680.0,5.043924185325759,-0.4750458392865359
1741408740.0,5.04410344963186,-0.4750197992378363
1741408800.0,5.044282706546144,-0.4749937463932798
1741408860.0,5.04446195606702,-0.47496768075459417
1741408920.0,5.044641198192868,-0.4749416023235056
1741408980.0,5.044820432922115,-0.47491551110174185
1741409040.0,5.0449996602531195,-0.4748894070910309
1741409100.0,5.045178880184314,-0.47486329029310415
1741409160.0,5.045358092714107,-0.4748371607096877
1741409220.0,5.045537297840859,-0.4748110183425111
1741409280.0,5.045716495563016,-0.4747848631933057
1741409340.0,5.045895685878957,-0.47475869526379955
1741409400.0,5.046074868787091,-0.47473251455572213
1741409460.0,5.04625404428585,-0.4747063210708066
1741409520.0,5.046433212373609,-0.47468011481078254
1741409580.0,5.046612373048779,-0.47465389577737965
1741409640.0,5.046791526309791,-0.4746276639723327
1741409700.0,5.046970672155039,-0.4746014193973696
1741409760.0,5.047149810582934,-0.4745751620542252
1741409820.0,5.047328941591906,-0.4745488919446309
1741409880.0,5.047508065180349,-0.4745226090703215
1741409940.0,5.047687181346691,-0.4744963134330267
1741410000.0,5.0478662900893285,-0.4744700050344813
1741410060.0,5.048045391406706,-0.47444368387642016
1741410120.0,5.04822448529722,-0.47441734996057644
1741410180.0,5.048403571759298,-0.4743910032886849
1741410240.0,5.048582650791352,-0.47436464386247873
1741410300.0,5.04876172239183,-0.47433827168369447
1741410360.0,5.048940786559107,-0.4743118867540688
1741410420.0,5.0491198432916296,-0.47428548907533313
1741410480.0,5.049298892587829,-0.47425907864922734
1741410540.0,5.049477934446133,-0.4742326554774865
1741410600.0,5.049656968864953,-0.47420621956184716
1741410660.0,5.049835995842738,-0.4741797709040459
1741410720.0,5.05001501537788,-0.474153309505821
1741410780.0,5.050194027468826,-0.47412683536890915
1741410840.0,5.050373032114004,-0.47410034849504695
1741410900.0,5.050552029311846,-0.4740738488859762
1741410960.0,5.050731019060796,-0.4740473365434318
1741411020.0,5.050910001359269,-0.4740208114691538
1741411080.0,5.051088976205709,-0.47399427366488234
1741411140.0,5.051267943598545,-0.4739677231323557
1741411200.0,5.051446903536226,-0.4739411598733158
1741411260.0,5.051625856017162,-0.47391458388949914
1741411320.0,5.0518048010398156,-0.4738879951826494
1741411380.0,5.05198373860262,-0.4738613937545049
1741411440.0,5.052162668704018,-0.47383477960680753
1741411500.0,5.052341591342441,-0.4738081527413007
1741411560.0,5.052520506516337,-0.473781513159723
1741411620.0,5.052699414224148,-0.4737548608638161
1741411680.0,5.052878314464307,-0.4737281958553271
1741411740.0,5.053057207235278,-0.4737015181359926
1741411800.0,5.053236092535506,-0.47367482770755975
1741411860.0,5.053414970363422,-0.4736481245717703
1741411920.0,5.053593840717469,-0.47362140873036784
1741411980.0,5.053772703596134,-0.4735946801850978
1741412040.0,5.053951558997842,-0.47356793893770016
1741412100.0,5.0541304069210415,-0.47354118498992376
1741412160.0,5.054309247364178,-0.47351441834351227
1741412220.0,5.054488080325717,-0.4734876390002091
1741412280.0,5.054666905804121,-0.47346084696176155
1741412340.0,5.054845723797839,-0.47343404222991303
1741412400.0,5.055024534305315,-0.4734072248064141
1741412460.0,5.055203337325016,-0.47338039469300675
1741412520.0,5.055382132855385,-0.4733535518914379
1741412580.0,5.055560920894907,-0.47332669640345826
1741412640.0,5.055739701442044,-0.4732998282308113
1741412700.0,5.0559184744952255,-0.4732729473752459
1741412760.0,5.056097240052934,-0.47324605383851076
1741412820.0,5.056275998113634,-0.4732191476223532
1741412880.0,5.056454748675788,-0.47319222872852174
1741412940.0,5.056633491737843,-0.47316529715876715
1741413000.0,5.056812227298315,-0.4731383529148347
1741413060.0,5.056990955355618,-0.47311139599847674
1741413120.0,5.057169675908232,-0.473084426411442
1741413180.0,5.057348388954654,-0.4730574441554829
1741413240.0,5.0575270944933175,-0.4730304492323464
1741413300.0,5.057705792522737,-0.4730034416437831
1741413360.0,5.057884483041341,-0.47297642139154716
1741413420.0,5.058063166047629,-0.47294938847738904
1741413480.0,5.058241841540064,-0.47292234290305757
1741413540.0,5.0584205095171475,-0.47289528467030856
1741413600.0,5.058599169977307,-0.4728682137808909
1741413660.0,5.058777822919059,-0.47284113023656027
1741413720.0,5.058956468340868,-0.4728140340390655
1741413780.0,5.059135106241215,-0.4727869251901625
1741413840.0,5.059313736618583,-0.47275980369160536
1741413900.0,5.059492359471471,-0.4727326695451462
1741413960.0,5.059670974798323,-0.4727055227525391
1741414020.0,5.059849582597639,-0.47267836331554003
1741414080.0,5.060028182867921,-0.47265119123590116
1741414140.0,5.0602067756076305,-0.47262400651538006
1741414200.0,5.060385360815284,-0.4725968091557291
1741414260.0,5.060563938489327,-0.4725695991587075
1741414320.0,5.060742508628279,-0.4725423765260677
1741414380.0,5.060921071230637,-0.47251514125956706
1741414440.0,5.061099626294849,-0.4724878933609632
1741414500.0,5.0612781738194474,-0.47246063283201195
1741414560.0,5.061456713802931,-0.4724333596744691
1741414620.0,5.06163524624375,-0.472406073890094
1741414680.0,5.061813771140433,-0.4723787754806458
1741414740.0,5.061992288491465,-0.4723514644478787
1741414800.0,5.0621707982953446,-0.47232414079355184
1741414860.0,5.06234930055057,-0.47229680451942646
1741414920.0,5.062527795255641,-0.4722694556272582
1741414980.0,5.062706282409039,-0.47224209411880813
1741415040.0,5.062884762009298,-0.4722147199958356
1741415100.0,5.063063234054916,-0.47218733326009976
1741415160.0,5.063241698544377,-0.4721599339133618
1741415220.0,5.063420155476176,-0.47213252195738104
1741415280.0,5.063598604848851,-0.4721050973939183
1741415340.0,5.0637770466608805,-0.47207766022473485
1741415400.0,5.063955480910783,-0.47205021045159157
1741415460.0,5.064133907597057,-0.47202274807625133
1741415520.0,5.064312326718236,-0.4719952731004752
1741415580.0,5.064490738272802,-0.47196778552602403
1741415640.0,5.064669142259289,-0.47194028535466254
1741415700.0,5.0648475386761955,-0.47191277258815173
1741415760.0,5.065025927522038,-0.4718852472282561
1741415820.0,5.065204308795334,-0.4718577092767383
1741415880.0,5.065382682494581,-0.47183015873536144
1741415940.0,5.0655610486183145,-0.4718025956058915
1741416000.0,5.065739407165049,-0.4717750198900896
1741416060.0,5.065917758133303,-0.47174743158972204
1741416120.0,5.066096101521591,-0.4717198307065551
1741416180.0,5.066274437328431,-0.47169221724235155
1741416240.0,5.066452765552339,-0.4716645911988776
1741416300.0,5.066631086191866,-0.4716369525779014
1741416360.0,5.0668093992454954,-0.47160930138118384
1741416420.0,5.066987704711794,-0.4715816376104948
1741416480.0,5.067166002589243,-0.47155396126760224
1741416540.0,5.067344292876395,-0.47152627235426897
1741416600.0,5.067522575571784,-0.47149857087226477
1741416660.0,5.067700850673926,-0.47147085682335754
1741416720.0,5.067879118181338,-0.4714431302093137
1741416780.0,5.068057378092571,-0.4714153910319013
1741416840.0,5.06823563040614,-0.4713876392928899
1741416900.0,5.068413875120599,-0.4713598749940477
1741416960.0,5.068592112234462,-0.4713320981371443
1741417020.0,5.0687703417462835,-0.47130430872394613
1741417080.0,5.068948563654577,-0.4712765067562264
1741417140.0,5.069126777957878,-0.47124869223575316
1741417200.0,5.069304984654755,-0.471220865164296
1741417260.0,5.069483183743724,-0.4711930255436267
1741417320.0,5.069661375223319,-0.47116517337551655
1741417380.0,5.069839559092092,-0.47113730866173364
1741417440.0,5.070017735348576,-0.4711094314040512
1741417500.0,5.070195903991307,-0.47108154160424087
1741417560.0,5.07037406501885,-0.47105363926407395
1741417620.0,5.070552218429744,-0.4710257243853239
1741417680.0,5.070730364222535,-0.4709977969697621
1741417740.0,5.070908502395744,-0.47096985701916005
1741417800.0,5.071086632947955,-0.4709419045352928
1741417860.0,5.071264755877701,-0.4709139395199336
1741417920.0,5.071442871183535,-0.470885961974854
1741417980.0,5.071620978863992,-0.47085797190183065
1741418040.0,5.071799078917655,-0.4708299693026369
1741418100.0,5.071977171343043,-0.4708019541790459
1741418160.0,5.072155256138725,-0.47077392653283273
1741418220.0,5.072333333303269,-0.47074588636577414
1741418280.0,5.0725114028351905,-0.47071783367964337
1741418340.0,5.072689464733113,-0.4706897684762171
1741418400.0,5.072867518995532,-0.4706616907572721
1741418460.0,5.073045565621021,-0.47063360052458175
1741418520.0,5.073223604608163,-0.47060549777992616
1741418580.0,5.073401635955509,-0.4705773825250786
1741418640.0,5.073579659661612,-0.4705492547618193
1741418700.0,5.073757675725041,-0.4705211144919233
1741418760.0,5.073935684144347,-0.47049296171716903
1741418820.0,5.074113684918115,-0.4704647964393351
1741418880.0,5.074291678044898,-0.47043661866019815
1741418940.0,5.0744696635232645,-0.4704084283815366
1741419000.0,5.074647641351783,-0.47038022560513265
1741419060.0,5.0748256115290395,-0.47035201033276114
1741419120.0,5.075003574053586,-0.47032378256620233
1741419180.0,5.075181528924008,-0.47029554230723647
1741419240.0,5.075359476138858,-0.4702672895576456
1741419300.0,5.0755374156967035,-0.4702390243192063
1741419360.0,5.07571534759615,-0.4702107465937007
1741419420.0,5.075893271835747,-0.470182456382909
1741419480.0,5.076071188414082,-0.4701541536886132
1741419540.0,5.076249097329741,-0.4701258385125935
1741419600.0,5.076426998581275,-0.4700975108566318
1741419660.0,5.076604892167288,-0.47006917072251025
1741419720.0,5.076782778086349,-0.47004081811201076
1741419780.0,5.076960656337044,-0.4700124530269153
1741419840.0,5.07713852691796,-0.46998407546900756
1741419900.0,5.077316389827665,-0.4699556854400696
1741419960.0,5.077494245064762,-0.46992728294188685
1741420020.0,5.0776720926278225,-0.46989886797623953
1741420080.0,5.07784993251543,-0.46987044054491317
1741420140.0,5.078027764726172,-0.46984200064969145
1741420200.0,5.078205589258669,-0.4698135482923598
1741420260.0,5.078383406111473,-0.469785083474702
1741420320.0,5.078561215283189,-0.46975660619850357
1741420380.0,5.078739016772401,-0.46972811646554985
1741420440.0,5.078916810577697,-0.4696996142776247
1741420500.0,5.079094596697697,-0.4696710996365153
1741420560.0,5.079272375130987,-0.4696425725440071
1741420620.0,5.079450145876137,-0.46961403300188553
1741420680.0,5.079627908931768,-0.4695854810119397
1741420740.0,5.079805664296465,-0.4695569165759549
1741420800.0,5.079983411968852,-0.4695283396957184
1741420860.0,5.080161151947496,-0.4694997503730193
1741420920.0,5.080338884230999,-0.46947114860964284
1741420980.0,5.080516608817985,-0.4694425344073764
1741421040.0,5.080694325707039,-0.4694139077680107
1741421100.0,5.080872034896783,-0.4693852686933346
1741421160.0,5.08104973638582,-0.4693566171851353
1741421220.0,5.081227430172736,-0.4693279532452002
1741421280.0,5.0814051162561364,-0.46929927687532336
1741421340.0,5.081582794634657,-0.4692705880772903
1741421400.0,5.081760465306886,-0.4692418868528916
1741421460.0,5.081938128271427,-0.46921317320391986
1741421520.0,5.08211578352692,-0.46918444713216406
1741421580.0,5.082293431071949,-0.469155708639413
1741421640.0,5.082471070905135,-0.46912695772746105
1741421700.0,5.082648703025101,-0.46909819439809713
1741421760.0,5.082826327430432,-0.4690694186531136
1741421820.0,5.083003944119785,-0.469040630494303
1741421880.0,5.083181553091762,-0.46901182992345597
1741421940.0,5.083359154344969,-0.46898301694236505
1741422000.0,5.083536747878028,-0.4689541915528244
1741422060.0,5.083714333689573,-0.46892535375662475
1741422120.0,5.083891911778212,-0.4688965035555603
1741422180.0,5.084069482142581,-0.4688676409514251
1741422240.0,5.0842470447812875,-0.46883876594601354
1741422300.0,5.084424599692966,-0.468809878541118
1741422360.0,5.084602146876222,-0.4687809787385327
1741422420.0,5.084779686329711,-0.46875206654005175
1741422480.0,5.084957218052037,-0.4687231419474712
1741422540.0,5.0851347420418405,-0.468694204962587
1741422600.0,5.08531225829774,-0.4686652555871933
1741422660.0,5.085489766818391,-0.46863629382308425
1741422720.0,5.0856672676024015,-0.46860731967205765
1741422780.0,5.085844760648405,-0.4685783331359094
1741422840.0,5.086022245955028,-0.46854933421643535
1741422900.0,5.086199723520922,-0.46852032291543333
1741422960.0,5.0863771933447275,-0.46849129923469923
1741423020.0,5.086554655425066,-0.46846226317603074
1741423080.0,5.086732109760575,-0.4684332147412238
1741423140.0,5.0869095563498945,-0.4684041539320778
1741423200.0,5.087086995191663,-0.46837508075039047
1741423260.0,5.087264426284518,-0.46834599519795955
1741423320.0,5.087441849627116,-0.46831689727658615
1741423380.0,5.087619265218098,-0.46828778698806445
1741423440.0,5.08779667305608,-0.46825866433419744
1741423500.0,5.087974073139741,-0.4682295293167828
1741423560.0,5.088151465467699,-0.4682003819376199
1741423620.0,5.088328850038611,-0.46817122219851
1741423680.0,5.088506226851134,-0.4681420501012525
1741423740.0,5.0886835959039045,-0.4681128656476468
1741423800.0,5.088860957195579,-0.46808366883949415
1741423860.0,5.089038310724816,-0.4680544596785975
1741423920.0,5.089215656490235,-0.46802523816675434
1741423980.0,5.0893929944905265,-0.4679960043057696
1741424040.0,5.089570324724329,-0.46796675809744254
1741424100.0,5.089747647190284,-0.46793749954357616
1741424160.0,5.0899249618870614,-0.46790822864597337
1741424220.0,5.090102268813319,-0.4678789454064354
1741424280.0,5.090279567967713,-0.46784964982676674
1741424340.0,5.090456859348898,-0.46782034190876876
1741424400.0,5.090634142955532,-0.4677910216542443
1741424460.0,5.090811418786289,-0.46776168906499804
1741424520.0,5.090988686839823,-0.4677323441428347
1741424580.0,5.09116594711479,-0.46770298688955714
1741424640.0,5.09134319960985,-0.4676736173069701
1741424700.0,5.091520444323689,-0.4676442353968782
1741424760.0,5.091697681254965,-0.46761484116108437
1741424820.0,5.0918749104023355,-0.46758543460139673
1741424880.0,5.092052131764472,-0.46755601571961997
1741424940.0,5.092229345340032,-0.46752658451755713
1741425000.0,5.0924065511277234,-0.46749714099701795
1741425060.0,5.0925837491261845,-0.46746768515980724
1741425120.0,5.092760939334089,-0.46743821700772953
1741425180.0,5.0929381217501115,-0.4674087365425932
1741425240.0,5.093115296372942,-0.4673792437662061
1741425300.0,5.093292463201236,-0.46734973868037316
1741425360.0,5.093469622233687,-0.4673202212869024
1741425420.0,5.093646773468965,-0.46729069158760206
1741425480.0,5.093823916905729,-0.46726114958428205
1741425540.0,5.094001052542703,-0.4672315952787469
1741425600.0,5.09417818037851,-0.46720202867280675
1741425660.0,5.094355300411874,-0.4671724497682713
1741425720.0,5.094532412641453,-0.4671428585669488
1741425780.0,5.0947095170659535,-0.4671132550706475
1741425840.0,5.094886613684051,-0.46708363928117885
1741425900.0,5.095063702494418,-0.4670540112003511
1741425960.0,5.095240783495744,-0.4670243708299742
1741426020.0,5.095417856686741,-0.46699471817185984
1741426080.0,5.095594922066063,-0.4669650532278178
1741426140.0,5.095771979632417,-0.46693537599965806
1741426200.0,5.095949029384497,-0.466905686489194
1741426260.0,5.096126071320975,-0.46687598469823377
1741426320.0,5.096303105440559,-0.46684627062859085
1741426380.0,5.096480131741941,-0.466816544282075
1741426440.0,5.096657150223829,-0.4667868056605015
1741426500.0,5.096834160884879,-0.4667570547656819
1741426560.0,5.097011163723835,-0.46672729159942616
1741426620.0,5.097188158739352,-0.46669751616354943
1741426680.0,5.097365145930158,-0.46666772845986504
1741426740.0,5.097542125294941,-0.4666379284901847
1741426800.0,5.097719096832411,-0.4666081162563218
1741426860.0,5.09789606054126,-0.4665782917600933
1741426920.0,5.0980730164201775,-0.466548455003309
1741426980.0,5.0982499644678905,-0.4665186059877875
1741427040.0,5.098426904683088,-0.4664887447153388
1741427100.0,5.098603837064498,-0.46645887118778157
1741427160.0,5.0987807616107945,-0.46642898540692906
1741427220.0,5.098957678320718,-0.4663990873745983
1741427280.0,5.099134587192945,-0.46636917709260256
1741427340.0,5.099311488226217,-0.4663392545627588
1741427400.0,5.099488381419208,-0.4663093197868822
1741427460.0,5.09966526677068,-0.4662793727667914
1741427520.0,5.099842144279288,-0.4662494135043014
1741427580.0,5.1000190139437915,-0.46621944200122745
1741427640.0,5.100195875762884,-0.4661894582593899
1741427700.0,5.100372729735272,-0.46615946228060395
1741427760.0,5.100549575859701,-0.46612945406668643
1741427820.0,5.1007264141348605,-0.4660994336194577
1741427880.0,5.100903244559494,-0.46606940094073473
1741427940.0,5.10108006713231,-0.4660393560323361
1741428000.0,5.101256881852034,-0.46600929889607867
1741428060.0,5.101433688717376,-0.4659792295337846
1741428120.0,5.101610487727043,-0.465949147947269
1741428180.0,5.101787278879813,-0.46591905413835405
1741428240.0,5.1019640621743605,-0.4658889481088566
1741428300.0,5.102140837609447,-0.46585882986060057
1741428360.0,5.102317605183761,-0.46582869939540095
1741428420.0,5.102494364896084,-0.4657985567150836
1741428480.0,5.102671116745086,-0.46576840182146345
1741428540.0,5.102847860729531,-0.4657382347163662
1741428600.0,5.103024596848143,-0.4657080554016105
1741428660.0,5.103201325099666,-0.46567786387901666
1741428720.0,5.103378045482808,-0.4656476601504069
1741428780.0,5.103554757996331,-0.465617444217605
1741428840.0,5.103731462638943,-0.4655872160824296
1741428900.0,5.103908159409387,-0.46555697574670635
1741428960.0,5.104084848306422,-0.4655267232122556
1741429020.0,5.10426152932876,-0.46549645848090127
1741429080.0,5.104438202475159,-0.46546618155446373
1741429140.0,5.104614867744347,-0.46543589243477035
1741429200.0,5.104791525135067,-0.4654055911236414
1741429260.0,5.104968174646061,-0.4653752776229008
1741429320.0,5.105144816276072,-0.46534495193437425
1741429380.0,5.105321450023847,-0.46531461405988556
1741429440.0,5.105498075888142,-0.46528426400125683
1741429500.0,5.105674693867686,-0.4652539017603172
1741429560.0,5.105851303961221,-0.46522352733888706
1741429620.0,5.106027906167527,-0.4651931407387937
1741429680.0,5.106204500485328,-0.46516274196186114
1741429740.0,5.106381086913368,-0.4651323310099165
1741429800.0,5.106557665450408,-0.4651019078847856
1741429860.0,5.106734236095226,-0.46507147258829395
1741429920.0,5.106910798846532,-0.46504102512226897
1741429980.0,5.107087353703101,-0.46501056548853625
1741430040.0,5.107263900663697,-0.46498009368892135
1741430100.0,5.107440439727062,-0.4649496097252553
1741430160.0,5.107616970891958,-0.46491911359936167
1741430220.0,5.107793494157143,-0.46488860531306814
1741430280.0,5.10797000952138,-0.4648580848682053
1741430340.0,5.108146516983429,-0.4648275522665989
1741430400.0,5.108323016542053,-0.4647970075100763
1741430460.0,5.108499508195991,-0.46476645060047006
1741430520.0,5.108675991944042,-0.46473588153960405
1741430580.0,5.108852467784968,-0.4647053003293109
1741430640.0,5.109028935717508,-0.46467470697141794
1741430700.0,5.109205395740444,-0.46464410146775603
1741430760.0,5.109381847852536,-0.46461348382015427
1741430820.0,5.109558292052578,-0.46458285403044003
1741430880.0,5.109734728339298,-0.4645522121004476
1741430940.0,5.10991115671149,-0.4645215580320062
1741431000.0,5.110087577167935,-0.4644908918269448
1741431060.0,5.110263989707407,-0.4644602134870943
1741431120.0,5.110440394328654,-0.46442952301428736
1741431180.0,5.110616791030468,-0.46439882041035646
1741431240.0,5.110793179811629,-0.4643681056771291
1741431300.0,5.110969560670898,-0.4643373788164412
1741431360.0,5.111145933607053,-0.46430663983012205
1741431420.0,5.111322298618907,-0.46427588872000414
1741431480.0,5.111498655705203,-0.46424512548792174
1741431540.0,5.111675004864719,-0.4642143501357059
1741431600.0,5.1118513460962705,-0.46418356266519073
1741431660.0,5.112027679398616,-0.46415276307820896
1741431720.0,5.112204004770534,-0.46412195137659495
1741431780.0,5.1123803222108215,-0.46409112756218124
1741431840.0,5.112556631718274,-0.46406029163680046
1741431900.0,5.112732933291667,-0.46402944360228865
1741431960.0,5.112909226929783,-0.46399858346048023
1741432020.0,5.113085512631431,-0.4639677112132094
1741432080.0,5.113261790395358,-0.46393682686231064
1741432140.0,5.11343806022041,-0.46390593040962
1741432200.0,5.113614322105332,-0.4638750218569718
1741432260.0,5.113790576048952,-0.4638441012062021
1741432320.0,5.113966822050051,-0.4638131684591454
1741432380.0,5.1141430601074225,-0.46378222361763927
1741432440.0,5.114319290219864,-0.46375126668351824
1741432500.0,5.114495512386152,-0.4637202976586218
1741432560.0,5.114671726605137,-0.4636893165447827
1741432620.0,5.114847932875561,-0.4636583233438402
1741432680.0,5.115024131196254,-0.4636273180576325
1741432740.0,5.115200321566012,-0.4635963006879937
1741432800.0,5.115376503983648,-0.46356527123676344
1741432860.0,5.115552678447942,-0.46353422970577957
1741432920.0,5.115728844957723,-0.4635031760968799
1741432980.0,5.11590500351177,-0.4634721104119023
1741433040.0,5.116081154108896,-0.4634410326526863
1741433100.0,5.116257296747947,-0.46340994282106807
1741433160.0,5.11643343142767,-0.46337884091889053
1741433220.0,5.116609558146911,-0.46334772694798987
1741433280.0,5.116785676904484,-0.46331660091020566
1741433340.0,5.116961787699184,-0.4632854628073792
1741433400.0,5.117137890529824,-0.46325431264134836
1741433460.0,5.117313985395218,-0.4632231504139544
1741433520.0,5.1174900722941965,-0.46319197612703694
1741433580.0,5.1176661512255555,-0.4631607897824391
1741433640.0,5.1178422221881235,-0.46312959138199683
1741433700.0,5.118018285180699,-0.463098380927555
1741433760.0,5.118194340202128,-0.46306715842095325
1741433820.0,5.118370387251226,-0.4630359238640346
1741433880.0,5.118546426326787,-0.46300467725863864
1741433940.0,5.1187224574276575,-0.4629734186066066
1741434000.0,5.118898480552637,-0.4629421479097835
1741434060.0,5.1190744957005885,-0.4629108651700105
1741434120.0,5.119250502870291,-0.46287957038912897
1741434180.0,5.119426502060592,-0.4628482635689837
1741434240.0,5.1196024932703414,-0.46281694471141593
1741434300.0,5.119778476498316,-0.46278561381826894
1741434360.0,5.11995445174338,-0.4627542708913874
1741434420.0,5.120130419004349,-0.4627229159326144
1741434480.0,5.120306378280071,-0.46269154894379294
1741434540.0,5.120482329569357,-0.46266016992676806
1741434600.0,5.12065827287104,-0.4626287788833843
1741434660.0,5.120834208183983,-0.4625973758154866
1741434720.0,5.121010135506984,-0.462565960724918
1741434780.0,5.1211860548388906,-0.46253453361352337
1741434840.0,5.121361966178551,-0.46250309448315097
1741434900.0,5.121537869524777,-0.46247164333564217
1741434960.0,5.121713764876435,-0.46244018017284694
1741435020.0,5.1218896522323565,-0.46240870499660836
1741435080.0,5.122065531591389,-0.4623772178087713
1741435140.0,5.122241402952344,-0.46234571861118573
1741435200.0,5.122417266314108,-0.46231420740569484
1741435260.0,5.122593121675491,-0.4622826841941468
1741435320.0,5.122768969035342,-0.4622511489783899
1741435380.0,5.1229448083925275,-0.46221960176026916
1741435440.0,5.123120639745859,-0.4621880425416327
1741435500.0,5.123296463094239,-0.46215647132432713
1741435560.0,5.123472278436443,-0.46212488811020425
1741435620.0,5.123648085771393,-0.46209329290110707
1741435680.0,5.123823885097897,-0.4620616856988857
1741435740.0,5.123999676414808,-0.46203006650539025
1741435800.0,5.124175459721005,-0.46199843532246715
1741435860.0,5.124351235015323,-0.4619667921519665
1741435920.0,5.124527002296622,-0.46193513699573663
1741435980.0,5.124702761563738,-0.46190346985562747
1741436040.0,5.124878512815551,-0.4618717907334893
1741436100.0,5.125054256050926,-0.4618400996311702
1741436160.0,5.1252299912687125,-0.4618083965505221
1741436220.0,5.125405718467741,-0.46177668149339496
1741436280.0,5.125581437646913,-0.4617449544616372
1741436340.0,5.125757148805074,-0.4617132154571005
1741436400.0,5.1259328519411085,-0.46168146448163666
1741436460.0,5.126108547053847,-0.461649701537094
1741436520.0,5.126284234142155,-0.4616179266253279
1741436580.0,5.1264599132049335,-0.4615861397481883
1741436640.0,5.126635584241012,-0.4615543409075253
1741436700.0,5.126811247249292,-0.4615225301051906
1741436760.0,5.126986902228603,-0.46149070734303965
1741436820.0,5.1271625491778465,-0.46145887262292234
1741436880.0,5.127338188095888,-0.4614270259466906
1741436940.0,5.127513818981592,-0.4613951673161996
1741437000.0,5.127689441833843,-0.46136329673329945
1741437060.0,5.127865056651505,-0.4613314141998454
1741437120.0,5.128040663433461,-0.46129951971769106
1741437180.0,5.1282162621785785,-0.4612676132886882
1741437240.0,5.128391852885721,-0.4612356949146921
1741437300.0,5.128567435553808,-0.4612037645975562
1741437360.0,5.128743010181686,-0.46117182233913584
1741437420.0,5.128918576768239,-0.4611398681412846
1741437480.0,5.129094135312349,-0.46110790200585605
1741437540.0,5.129269685812918,-0.4610759239347072
1741437600.0,5.1294452282688106,-0.4610439339296915
1741437660.0,5.12962076267891,-0.4610119319926644
1741437720.0,5.1297962890420985,-0.460979918125481
1741437780.0,5.129971807357277,-0.46094789233000016
1741437840.0,5.13014731762333,-0.4609158546080737
1741437900.0,5.130322819839121,-0.4608838049615604
1741437960.0,5.130498314003585,-0.4608517433923155
1741438020.0,5.130673800115572,-0.460819669902196
1741438080.0,5.130849278173981,-0.460787584493059
1741438140.0,5.131024748177714,-0.4607554871667598
1741438200.0,5.131200210125669,-0.4607233779251571
1741438260.0,5.131375664016731,-0.46069125677010797
1741438320.0,5.1315511098497995,-0.46065912370346945
1741438380.0,5.131726547623776,-0.4606269787271003
1741438440.0,5.1319019773375425,-0.4605948218428576
1741438500.0,5.132077398989999,-0.46056265305259997
1741438560.0,5.132252812580047,-0.4605304723581846
1741438620.0,5.132428218106605,-0.46049827976147206
1741438680.0,5.132603615568536,-0.46046607526432093
1741438740.0,5.132779004964796,-0.4604338588685901
1741438800.0,5.132954386294247,-0.46040163057613653
1741438860.0,5.1331297595558105,-0.46036939038882263
1741438920.0,5.133305124748385,-0.460337138308507
1741438980.0,5.133480481870871,-0.46030487433704853
1741439040.0,5.133655830922186,-0.4602725984763078
1741439100.0,5.1338311719012495,-0.46024031072814686
1741439160.0,5.134006504806942,-0.46020801109442294
1741439220.0,5.134181829638202,-0.46017569957699994
1741439280.0,5.134357146393928,-0.4601433761777367
1741439340.0,5.134532455073019,-0.4601110408984937
1741439400.0,5.134707755674413,-0.4600786937411333
1741439460.0,5.134883048197011,-0.4600463347075176
1741439520.0,5.135058332639745,-0.460013963799509
1741439580.0,5.135233609001501,-0.4599815810189662
1741439640.0,5.135408877281231,-0.4599491863677533
1741439700.0,5.135584137477833,-0.4599167798477324
1741439760.0,5.135759389590229,-0.4598843614607642
1741439820.0,5.135934633617334,-0.45985193120871615
1741439880.0,5.136109869558067,-0.4598194890934452
1741439940.0,5.13628509741138,-0.459787035116819
1741440000.0,5.136460317176175,-0.45975456928069797
1741440060.0,5.136635528851369,-0.4597220915869478
1741440120.0,5.136810732435896,-0.45968960203742915
1741440180.0,5.136985927928693,-0.45965710063400944
1741440240.0,5.13716111532866,-0.459624587378551
1741440300.0,5.137336294634768,-0.4595920622729178
1741440360.0,5.1375114658459,-0.45955952531897387
1741440420.0,5.137686628961023,-0.45952697651858493
1741440480.0,5.1378617839790595,-0.4594944158736168
1741440540.0,5.138036930898925,-0.4594618433859334
1741440600.0,5.138212069719573,-0.4594292590573988
1741440660.0,5.1383872004399205,-0.45939666288988046
1741440720.0,5.13856232305892,-0.45936405488524246
1741440780.0,5.138737437575509,-0.45933143504535057
1741440840.0,5.138912543988604,-0.45929880337207396
1741440900.0,5.1390876422971745,-0.45926615986727487
1741440960.0,5.139262732500122,-0.4592335045328227
1741441020.0,5.139437814596417,-0.4592008373705813
1741441080.0,5.139612888584995,-0.45916815838242003
1741441140.0,5.139787954464807,-0.45913546757020457
1741441200.0,5.139963012234773,-0.4591027649358025
1741441260.0,5.140138061893862,-0.4590700504810812
1741441320.0,5.140313103440992,-0.45903732420791005
1741441380.0,5.140488136875134,-0.459004586118153
1741441440.0,5.140663162195222,-0.45897183621368104
1741441500.0,5.1408381794002285,-0.4589390744963617
1741441560.0,5.141013188489068,-0.4589063009680624
1741441620.0,5.141188189460715,-0.45887351563065426
1741441680.0,5.141363182314119,-0.45884071848600294
1741441740.0,5.141538167048216,-0.45880790953597944
1741441800.0,5.141713143661994,-0.4587750887824531
1741441860.0,5.141888112154372,-0.45874225622729137
1741441920.0,5.142063072524318,-0.45870941187236514
1741441980.0,5.142238024770805,-0.4586765557195438
1741442040.0,5.142412968892766,-0.4586436877706983
1741442100.0,5.142587904889172,-0.4586108080276978
1741442160.0,5.1427628327589945,-0.4585779164924135
1741442220.0,5.142937752501167,-0.4585450131667144
1741442280.0,5.143112664114678,-0.4585120980524717
1741442340.0,5.143287567598462,-0.458479171151558
1741442400.0,5.1434624629515096,-0.4584462324658408
1741442460.0,5.143637350172769,-0.4584132819971965
1741442520.0,5.143812229261215,-0.45838031974749066
1741442580.0,5.143987100215814,-0.45834734571859964
1741442640.0,5.144161963035539,-0.45831435991239433
1741442700.0,5.144336817719342,-0.4582813623307458
1741442760.0,5.144511664266211,-0.45824835297552496
1741442820.0,5.144686502675097,-0.4582153318486082
1741442880.0,5.144861332944991,-0.4581822989518646
1741442940.0,5.14503615507486,-0.45814925428716685
1741443000.0,5.145210969063676,-0.45811619785639146
1741443060.0,5.145385774910408,-0.4580831296614092
1741443120.0,5.145560572614029,-0.4580500497040928
1741443180.0,5.145735362173541,-0.45801695798631686
1741443240.0,5.145910143587898,-0.45798385450995405
1741443300.0,5.146084916856088,-0.45795073927688057
1741443360.0,5.146259681977081,-0.45791761228896927
1741443420.0,5.146434438949883,-0.4578844735480928
1741443480.0,5.146609187773445,-0.45785132305612913
1741443540.0,5.146783928446774,-0.4578181608149493
1741443600.0,5.146958660968855,-0.45778498682642954
1741443660.0,5.147133385338646,-0.45775180109244773
1741443720.0,5.147308101555146,-0.45771860361487493
1741443780.0,5.147482809617347,-0.4576853943955874
1741443840.0,5.147657509524252,-0.4576521734364631
1741443900.0,5.147832201274815,-0.4576189407393765
1741443960.0,5.14800688486804,-0.45758569630620205
1741444020.0,5.148181560302933,-0.45755244013881774
1741444080.0,5.148356227578465,-0.4575191722390999
1741444140.0,5.148530886693657,-0.4574858926089246
1741444200.0,5.148705537647463,-0.4574526012501682
1741444260.0,5.148880180438922,-0.4574192981647085
1741444320.0,5.149054815066988,-0.457385983354422
1741444380.0,5.149229441530682,-0.45735265682118637
1741444440.0,5.149404059829011,-0.457319318566878
1741444500.0,5.149578669960945,-0.45728596859337495
1741444560.0,5.149753271925505,-0.45725260690255504
1741444620.0,5.149927865721679,-0.4572192334962981
1741444680.0,5.150102451348492,-0.4571858483764803
1741444740.0,5.15027702880493,-0.45715245154498135
1741444800.0,5.15045159808998,-0.4571190430036775
1741444860.0,5.150626159202684,-0.4570856227544484
1741444920.0,5.150800712142027,-0.4570521907991756
1741444980.0,5.1509752569069995,-0.4570187471397336
1741445040.0,5.151149793496657,-0.4569852917780056
1741445100.0,5.151324321909954,-0.4569518247158695
1741445160.0,5.151498842145946,-0.4569183459552051
1741445220.0,5.151673354203623,-0.45688485549789204
1741445280.0,5.151847858081988,-0.45685135334581184
1741445340.0,5.1520223537800645,-0.45681783950084076
1741445400.0,5.152196841296859,-0.4567843139648637
1741445460.0,5.152371320631409,-0.4567507767397586
1741445520.0,5.152545791782722,-0.4567172278274053
1741445580.0,5.1527202547497835,-0.4566836672296887
1741445640.0,5.152894709531654,-0.4566500949484849
1741445700.0,5.153069156127335,-0.45661651098567907
1741445760.0,5.153243594535835,-0.45658291534315076
1741445820.0,5.153418024756192,-0.4565493080227816
1741445880.0,5.153592446787429,-0.4565156890264546
1741445940.0,5.1537668606285525,-0.45648205835604966
1741446000.0,5.153941266278601,-0.4564484160134516
1741446060.0,5.154115663736596,-0.45641476200054026
1741446120.0,5.154290053001546,-0.45638109631919876
1741446180.0,5.154464434072507,-0.45634741897131037
1741446240.0,5.1546388069485,-0.45631372995875646
1741446300.0,5.15481317162855,-0.4562800292834239
1741446360.0,5.154987528111679,-0.4562463169471905
1741446420.0,5.1551618763969085,-0.4562125929519447
1741446480.0,5.155336216483296,-0.4561788572995664
1741446540.0,5.155510548369866,-0.45614510999194213
1741446600.0,5.155684872055658,-0.4561113510309534
1741446660.0,5.155859187539693,-0.4560775804184852
1741446720.0,5.156033494821012,-0.45604379815642077
1741446780.0,5.156207793898673,-0.45601000424664667
1741446840.0,5.156382084771664,-0.4559761986910462
1741446900.0,5.156556367439076,-0.45594238149150434
1741446960.0,5.156730641899915,-0.45590855264990604
1741447020.0,5.156904908153256,-0.45587471216813796
1741447080.0,5.157079166198105,-0.4558408600480816
1741447140.0,5.157253416033517,-0.4558069962916254
1741447200.0,5.157427657658535,-0.4557731209006543
1741447260.0,5.157601891072214,-0.45573923387705495
1741447320.0,5.157776116273596,-0.45570533522271073
1741447380.0,5.15795033326172,-0.4556714249395099
1741447440.0,5.158124542035645,-0.45563750302933925
1741447500.0,5.1582987425944085,-0.4556035694940837
1741447560.0,5.15847293493707,-0.45556962433563175
1741447620.0,5.158647119062668,-0.45553566755586833
1741447680.0,5.158821294970281,-0.45550169915668187
1741447740.0,5.158995462658927,-0.4554677191399573
1741447800.0,5.159169622127701,-0.4554337275075849
1741447860.0,5.159343773375608,-0.4553997242614513
1741447920.0,5.15951791640174,-0.45536570940344323
1741447980.0,5.159692051205137,-0.4553316829354491
1741448040.0,5.159866177784875,-0.45529764485935736
1741448100.0,5.160040296139992,-0.4552635951770565
1741448160.0,5.160214406269565,-0.45522953389043325
1741448220.0,5.160388508172633,-0.4551954610013777
1741448280.0,5.160562601848289,-0.4551613765117766
1741448340.0,5.160736687295573,-0.4551272804235219
1741448400.0,5.1609107645135595,-0.4550931727385003
1741448460.0,5.161084833501288,-0.455059053458602
1741448520.0,5.16125889425787,-0.45502492258571714
1741448580.0,5.161432946782328,-0.4549907801217324
1741448640.0,5.1616069910737705,-0.45495662606853987
1741448700.0,5.161781027131238,-0.45492246042802953
1741448760.0,5.161955054953806,-0.4548882832020918
1741448820.0,5.162129074540532,-0.4548540943926132
1741448880.0,5.1623030858905254,-0.4548198940014892
1741448940.0,5.162477089002826,-0.4547856820306066
1741449000.0,5.162651083876527,-0.45475145848185894
1741449060.0,5.162825070510669,-0.45471722335713477
1741449120.0,5.162999048904379,-0.45468297665832597
1741449180.0,5.163173019056695,-0.45464871838732274
1741449240.0,5.163346980966712,-0.4546144485460205
1741449300.0,5.163520934633504,-0.454580167136306
1741449360.0,5.1636948800561635,-0.4545458741600729
1741449420.0,5.163868817233748,-0.45451156961921313
1741449480.0,5.16404274616535,-0.45447725351561863
1741449540.0,5.164216666850044,-0.4544429258511813
1741449600.0,5.16439057928694,-0.4544085866277948
1741449660.0,5.164564483475097,-0.4543742358473495
1741449720.0,5.164738379413604,-0.4543398735117406
1741449780.0,5.164912267101558,-0.45430549962285843
1741449840.0,5.165086146538047,-0.45427111418259664
1741449900.0,5.16526001772215,-0.45423671719285064
1741449960.0,5.165433880652957,-0.45420230865551064
1741450020.0,5.16560773532956,-0.45416788857247203
1741450080.0,5.16578158175107,-0.4541334569456286
1741450140.0,5.165955419916545,-0.4540990137768739
1741450200.0,5.166129249825112,-0.4540645590681017
1741450260.0,5.166303071475845,-0.45403009282120566
1741450320.0,5.166476884867837,-0.45399561503808117
1741450380.0,5.166650690000198,-0.4539611257206219
1741450440.0,5.166824486872021,-0.45392662487072344
1741450500.0,5.166998275482397,-0.4538921124902793
1741450560.0,5.167172055830437,-0.4538575885811849
1741450620.0,5.167345827915249,-0.4538230531453358
1741450680.0,5.167519591735911,-0.4537885061846256
1741450740.0,5.16769334729155,-0.4537539477009532
1741450800.0,5.167867094581238,-0.4537193776962105
1741450860.0,5.168040833604124,-0.45368479617229657
1741450920.0,5.1682145643592605,-0.453650203131105
1741450980.0,5.168388286845796,-0.4536155985745312
1741451040.0,5.168562001062822,-0.45358098250447415
1741451100.0,5.168735707009447,-0.4535463549228292
1741451160.0,5.168909404684801,-0.4535117158314918
1741451220.0,5.169083094087958,-0.4534770652323592
1741451280.0,5.169256775218044,-0.4534424031273285
1741451340.0,5.169430448074188,-0.4534077295182968
1741451400.0,5.169604112655498,-0.45337304440716314
1741451460.0,5.169777768961068,-0.4533383477958212
1741451520.0,5.169951416990025,-0.4533036396861698
1741451580.0,5.17012505674148,-0.453268920080108
1741451640.0,5.170298688214574,-0.45323418897953116
1741451700.0,5.170472311408403,-0.45319944638633985
1741451760.0,5.170645926322093,-0.45316469230243134
1741451820.0,5.1708195329547735,-0.4531299267297028
1741451880.0,5.170993131305551,-0.4530951496700549
1741451940.0,5.171166721373555,-0.45306036112538306
1741452000.0,5.171340303157894,-0.4530255610975896
1741452060.0,5.171513876657714,-0.4529907495885701
1741452120.0,5.171687441872142,-0.45295592660022516
1741452180.0,5.171860998800288,-0.4529210921344554
1741452240.0,5.172034547441279,-0.452886246193158
1741452300.0,5.172208087794259,-0.45285138877823194
1741452360.0,5.172381619858339,-0.4528165198915796
1741452420.0,5.172555143632664,-0.45278163953509987
1741452480.0,5.172728659116379,-0.4527467477106917
1741452540.0,5.1729021663085755,-0.45271184442025575
1741452600.0,5.173075665208414,-0.4526769296656909
1741452660.0,5.173249155815026,-0.4526420034489014
1741452720.0,5.173422638127537,-0.4526070657717843
1741452780.0,5.1735961121450895,-0.45257211663624203
1741452840.0,5.173769577866832,-0.4525371560441736
1741452900.0,5.17394303529189,-0.4525021839974831
1741452960.0,5.174116484419424,-0.45246720049806943
1741453020.0,5.17428992524853,-0.45243220554783514
1741453080.0,5.174463357778386,-0.4523971991486789
1741453140.0,5.174636782008119,-0.45236218130250677
1741453200.0,5.174810197936873,-0.4523271520112177
1741453260.0,5.174983605563796,-0.45229211127671576
1741453320.0,5.175157004888029,-0.4522570591008999
1741453380.0,5.175330395908737,-0.45222199548567427
1741453440.0,5.175503778625044,-0.45218692043294123
1741453500.0,5.1756771530361,-0.45215183394460323
1741453560.0,5.175850519141063,-0.4521167360225645
1741453620.0,5.1760238769390785,-0.45208162666872387
1741453680.0,5.17619722642931,-0.452046505884989
1741453740.0,5.176370567610885,-0.45201137367326055
1741453800.0,5.17654390048298,-0.45197623003544096
1741453860.0,5.176717225044727,-0.45194107497343433
1741453920.0,5.176890541295302,-0.4519059084891466
1741453980.0,5.177063849233851,-0.4518707305844784
1741454040.0,5.177237148859537,-0.4518355412613357
1741454100.0,5.177410440171505,-0.4518003405216226
1741454160.0,5.177583723168915,-0.4517651283672415
1741454220.0,5.177756997850948,-0.45172990480009656
1741454280.0,5.17793026421675,-0.4516946698220937
1741454340.0,5.178103522265482,-0.4516594234351388
1741454400.0,5.1782767719962886,-0.4516241656411343
1741454460.0,5.178450013408384,-0.4515888964419861
1741454520.0,5.17862324650088,-0.4515536158395983
1741454580.0,5.17879647127299,-0.4515183238358768
1741454640.0,5.178969687723842,-0.4514830204327276
1741454700.0,5.179142895852595,-0.4514477056320548
1741454760.0,5.179316095658469,-0.45141237943576595
1741454820.0,5.179489287140587,-0.45137704184576527
1741454880.0,5.179662470298165,-0.4513416928639587
1741454940.0,5.179835645130314,-0.45130633249225216
1741455000.0,5.180008811636265,-0.45127096073255496
1741455060.0,5.180181969815145,-0.4512355775867695
1741455120.0,5.180355119666169,-0.45120018305680354
1741455180.0,5.180528261188482,-0.45116477714456293
1741455240.0,5.1807013943812805,-0.451129359851957
1741455300.0,5.180874519243728,-0.4510939311808917
1741455360.0,5.18104763577502,-0.45105849113327284
1741455420.0,5.18122074397432,-0.45102303971100827
1741455480.0,5.181393843840808,-0.45098757691600544
1741455540.0,5.181566935373679,-0.450952102750172
1741455600.0,5.181740018572097,-0.45091661721541576
1741455660.0,5.181913093435278,-0.4508811203136442
1741455720.0,5.182086159962362,-0.45084561204676676
1741455780.0,5.182259218152569,-0.4508100924166876
1741455840.0,5.182432268005076,-0.45077456142531963
1741455900.0,5.182605309519063,-0.4507390190745671
1741455960.0,5.1827783426937275,-0.4507034653663426
1741456020.0,5.182951367528266,-0.4506679003025505
1741456080.0,5.1831243840218235,-0.45063232388510366
1741456140.0,5.183297392173667,-0.45059673611590795
1741456200.0,5.183470391982924,-0.4505611369968727
1741456260.0,5.183643383448809,-0.4505255265299093
1741456320.0,5.183816366570519,-0.450489904716925
1741456380.0,5.18398934134727,-0.45045427155982953
1741456440.0,5.184162307778222,-0.4504186270605338
1741456500.0,5.1843352658625905,-0.45038297122094734
1741456560.0,5.184508215599555,-0.45034730404297774
1741456620.0,5.18468115698835,-0.4503116255285379
1741456680.0,5.184854090028151,-0.45027593567953716
1741456740.0,5.185027014718157,-0.450240234497885
1741456800.0,5.185199931057584,-0.4502045219854925
1741456860.0,5.185372839045645,-0.450168798144269
1741456920.0,5.185545738681504,-0.4501330629761275
1741456980.0,5.18571862996439,-0.45009731648297724
1741457040.0,5.1858915128935195,-0.4500615586667313
1741457100.0,5.18606438746809,-0.45002578952929717
1741457160.0,5.186237253687298,-0.44999000907258774
1741457220.0,5.186410111550358,-0.4499542172985159
1741457280.0,5.186582961056502,-0.44991841420899287
1741457340.0,5.186755802204911,-0.449882599805928
1741457400.0,5.186928634994816,-0.4498467740912358
1741457460.0,5.187101459425413,-0.44981093706682757
1741457520.0,5.187274275495937,-0.44977508873461264
1741457580.0,5.187447083205581,-0.4497392290965073
1741457640.0,5.187619882553581,-0.4497033581544228
1741457700.0,5.187792673539132,-0.4496674759102685
1741457760.0,5.187965456161485,-0.44963158236596074
1741457820.0,5.188138230419819,-0.44959567752341245
1741457880.0,5.1883109963133816,-0.44955976138453296
1741457940.0,5.188483753841391,-0.4495238339512369
1741458000.0,5.188656503003041,-0.44948789522544075
1741458060.0,5.188829243797583,-0.449451945209052
1741458120.0,5.189001976224248,-0.44941598390398885
1741458180.0,5.189174700282235,-0.4493800113121625
1741458240.0,5.189347415970775,-0.44934402743548735
1741458300.0,5.189520123289117,-0.44930803227587657
1741458360.0,5.189692822236458,-0.4492720258352446
1741458420.0,5.189865512812047,-0.4492360081155061
1741458480.0,5.190038195015101,-0.449199979118574
1741458540.0,5.190210868844851,-0.44916393884636463
1741458600.0,5.190383534300545,-0.4491278873007909
1741458660.0,5.1905561913814,-0.44909182448376567
1741458720.0,5.190728840086629,-0.44905575039720874
1741458780.0,5.190901480415533,-0.4490196650430296
1741458840.0,5.191074112367276,-0.4489835684231463
1741458900.0,5.191246735941125,-0.4489474605394735
1741458960.0,5.191419351136329,-0.44891134139392586
1741459020.0,5.191591957952102,-0.44887521098841965
1741459080.0,5.191764556387695,-0.4488390693248696
1741459140.0,5.191937146442338,-0.44880291640519204
1741459200.0,5.192109728115299,-0.4487667522313016
1741459260.0,5.192282301405793,-0.44873057680511635
1741459320.0,5.19245486631307,-0.4486943901285493
1741459380.0,5.192627422836378,-0.4486581922035201
1741459440.0,5.192799970974967,-0.44862198303194184
1741459500.0,5.19297251072807,-0.4485857626157326
1741459560.0,5.193145042094935,-0.4485495309568086
1741459620.0,5.193317565074813,-0.44851328805708635
1741459680.0,5.193490079666969,-0.44847703391848226
1741459740.0,5.193662585870637,-0.44844076854291604
1741459800.0,5.193835083685066,-0.4484044919323007
1741459860.0,5.194007573109506,-0.448368204088556
1741459920.0,5.194180054143221,-0.4483319050135984
1741459980.0,5.194352526785464,-0.4482955947093442
1741460040.0,5.194524991035483,-0.4482592731777151
1741460100.0,5.194697446892528,-0.4482229404206239
1741460160.0,5.194869894355866,-0.4481865964399905
1741460220.0,5.195042333424764,-0.44815024123773295
1741460280.0,5.195214764098454,-0.4481138748157694
1741460340.0,5.1953871863762195,-0.4480774971760181
1741460400.0,5.195559600257311,-0.448041108320397
1741460460.0,5.195732005740995,-0.4480047082508243
1741460520.0,5.19590440282652,-0.447968296969218
1741460580.0,5.196076791513173,-0.4479318744774999
1741460640.0,5.196249171800202,-0.4478954407775845
1741460700.0,5.196421543686856,-0.4478589958713934
1741460760.0,5.196593907172455,-0.44782253976084646
1741460820.0,5.196766262256214,-0.4477860724478601
1741460880.0,5.196938608937417,-0.4477495939343542
1741460940.0,5.1971109472153305,-0.44771310422225036
1741461000.0,5.197283277089239,-0.4476766033134666
1741461060.0,5.1974555985584105,-0.4476400912099228
1741461120.0,5.197627911622111,-0.447603567913539
1741461180.0,5.1978002162796075,-0.4475670334262349
1741461240.0,5.1979725125301846,-0.4475304877499304
1741461300.0,5.198144800373109,-0.4474939308865453
1741461360.0,5.198317079807666,-0.44745736283800136
1741461420.0,5.198489350833139,-0.4474207836062183
1741461480.0,5.1986616134487775,-0.44738419319311423
1741461540.0,5.198833867653884,-0.44734759160061444
1741461600.0,5.199006113447727,-0.4473109788306351
1741461660.0,5.199178350829605,-0.44727435488509953
1741461720.0,5.199350579798804,-0.4472377197659296
1741461780.0,5.199522800354574,-0.4472010734750449
1741461840.0,5.199695012496199,-0.4471644160143672
1741461900.0,5.199867216222997,-0.4471277473858163
1741461960.0,5.200039411534237,-0.4470910675913155
1741462020.0,5.20021159842922,-0.4470543766327866
1741462080.0,5.200383776907197,-0.4470176745121509
1741462140.0,5.200555946967501,-0.4469809612313303
1741462200.0,5.200728108609385,-0.4469442367922463
1741462260.0,5.2009002618321505,-0.4469075011968205
1741462320.0,5.201072406635098,-0.4468707544469762
1741462380.0,5.2012445430175305,-0.4468339965446351
1741462440.0,5.201416670978713,-0.44679722749172046
1741462500.0,5.201588790517967,-0.446760447290154
1741462560.0,5.201760901634559,-0.446723655941859
1741462620.0,5.201933004327809,-0.4466868534487571
1741462680.0,5.2021050985969985,-0.4466500398127733
1741462740.0,5.202277184441432,-0.44661321503582935
1741462800.0,5.202449261860428,-0.44657637911984677
1741462860.0,5.202621330853255,-0.44653953206675245
1741462920.0,5.202793391419229,-0.44650267387846615
1741462980.0,5.202965443557655,-0.44646580455691315
1741463040.0,5.203137487267835,-0.44642892410401663
1741463100.0,5.203309522549067,-0.4463920325217018
1741463160.0,5.2034815494006565,-0.44635512981189024
1741463220.0,5.203653567821922,-0.44631821597650695
1741463280.0,5.203825577812147,-0.44628129101747716
1741463340.0,5.20399757937067,-0.4462443549367225
1741463400.0,5.204169572496774,-0.4462074077361697
1741463460.0,5.204341557189777,-0.44617044941774037
1741463520.0,5.204513533449002,-0.4461334799833614
1741463580.0,5.2046855012737305,-0.4460964994349579
1741463640.0,5.204857460663318,-0.4460595077744532
1741463700.0,5.205029411617048,-0.44602250500377066
1741463760.0,5.205201354134241,-0.4459854911248389
1741463820.0,5.205373288214215,-0.44594846613958117
1741463880.0,5.205545213856274,-0.4459114300499227
1741463940.0,5.205717131059768,-0.4458743828577867
1741464000.0,5.20588903982397,-0.4458373245651019
1741464060.0,5.206060940148246,-0.44580025517379335
1741464120.0,5.206232832031884,-0.44576317468578613
1741464180.0,5.20640471547422,-0.44572608310300355
1741464240.0,5.206576590474572,-0.44568898042737604
1741464300.0,5.206748457032261,-0.4456518666608269
1741464360.0,5.206920315146622,-0.4456147418052812
1741464420.0,5.207092164816976,-0.44557760586266765
1741464480.0,5.207264006042642,-0.4455404588349129
1741464540.0,5.207435838822939,-0.44550330072394045
1741464600.0,5.207607663157221,-0.4454661315316771
1741464660.0,5.20777947904479,-0.44542895126005316
1741464720.0,5.207951286485001,-0.4453917599109921
1741464780.0,5.208123085477172,-0.4453545574864206
1741464840.0,5.20829487602064,-0.44531734398826733
1741464900.0,5.208466658114725,-0.44528011941845913
1741464960.0,5.2086384317587635,-0.44524288377892285
1741465020.0,5.20881019695211,-0.4452056370715853
1741465080.0,5.208981953694083,-0.4451683792983751
1741465140.0,5.209153701984039,-0.44513111046121906
1741465200.0,5.209325441821276,-0.4450938305620441
1741465260.0,5.209497173205169,-0.44505653960277874
1741465320.0,5.209668896135036,-0.44501923758535156
1741465380.0,5.209840610610249,-0.44498192451168944
1741465440.0,5.2100123166301096,-0.4449446003837192
1741465500.0,5.21018401419399,-0.4449072652033712
1741465560.0,5.210355703301208,-0.44486991897257405
1741465620.0,5.2105273839511375,-0.4448325616932545
1741465680.0,5.210699056143096,-0.44479519336734125
1741465740.0,5.210870719876457,-0.4447578139967645
1741465800.0,5.211042375150537,-0.4447204235834495
1741465860.0,5.211214021964711,-0.44468302212933003
1741465920.0,5.211385660318313,-0.4446456096363311
1741465980.0,5.211557290210699,-0.4446081861063814
1741466040.0,5.21172891164124,-0.44457075154141296
1741466100.0,5.211900524609238,-0.44453330594335266
1741466160.0,5.212072129114082,-0.4444958493141325
1741466220.0,5.212243725155127,-0.4444583816556794
1741466280.0,5.212415312731726,-0.4444209029699237
1741466340.0,5.212586891843216,-0.4443834132587939
1741466400.0,5.212758462488969,-0.44434591252422223
1741466460.0,5.21293002466834,-0.4443084007681353
1741466520.0,5.2131015783807,-0.44427087799246723
1741466580.0,5.213273123625385,-0.4442333441991446
1741466640.0,5.213444660401785,-0.44419579939009973
1741466700.0,5.213616188709219,-0.44415824356726097
1741466760.0,5.213787708547094,-0.44412067673256056
1741466820.0,5.213959219914764,-0.444083098887927
1741466880.0,5.214130722811565,-0.44404551003529247
1741466940.0,5.214302217236888,-0.4440079101765872
1741467000.0,5.214473703190103,-0.44397029931374155
1741467060.0,5.214645180670547,-0.4439326774486859
1741467120.0,5.214816649677628,-0.443895044583354
1741467180.0,5.214988110210697,-0.44385740071967456
1741467240.0,5.215159562269095,-0.4438197458595778
1741467300.0,5.215331005852261,-0.4437820800049976
1741467360.0,5.215502440959497,-0.44374440315786423
1741467420.0,5.215673867590227,-0.44370671532010814
1741467480.0,5.2158452857437885,-0.443669016493663
1741467540.0,5.216016695419588,-0.44363130668045925
1741467600.0,5.21618809661698,-0.44359358588242903
1741467660.0,5.2163594893353515,-0.44355585410150256
1741467720.0,5.216530873574077,-0.4435181113396154
1741467780.0,5.216702249332526,-0.4434803575986962
1741467840.0,5.216873616610089,-0.4434425928806788
1741467900.0,5.217044975406154,-0.44340481718749525
1741467960.0,5.217216325720094,-0.44336703052107757
1741468020.0,5.2173876675512805,-0.44332923288335796
1741468080.0,5.2175590008991195,-0.4432914242762701
1741468140.0,5.2177303257629815,-0.4432536047017462
1741468200.0,5.21790164214224,-0.44321577416172003
1741468260.0,5.218072950036302,-0.44317793265812194
1741468320.0,5.218244249444556,-0.4431400801928875
1741468380.0,5.218415540366389,-0.443102216767947
1741468440.0,5.218586822801177,-0.44306434238523607
1741468500.0,5.218758096748305,-0.44302645704668847
1741468560.0,5.218929362207181,-0.4429885607542346
1741468620.0,5.219100619177196,-0.44295065350981
1741468680.0,5.219271867657736,-0.4429127353153485
1741468740.0,5.219443107648209,-0.4428748061727822
1741468800.0,5.219614339147988,-0.44283686608404665
1741468860.0,5.2197855621564955,-0.44279891505107394
1741468920.0,5.2199567766731025,-0.44276095307579955
1741468980.0,5.2201279826972,-0.4427229801601557
1741469040.0,5.220299180228229,-0.4426849963060779
1741469100.0,5.22047036926556,-0.44264700151549996
1741469160.0,5.220641549808584,-0.4426089957903574
1741469220.0,5.22081272185674,-0.4425709791325824
1741469280.0,5.220983885409385,-0.44253295154411054
1741469340.0,5.221155040465959,-0.44249491302687727
1741469400.0,5.221326187025834,-0.44245686358281655
1741469460.0,5.221497325088451,-0.4424188032138621
1741469520.0,5.221668454653199,-0.44238073192195126
1741469580.0,5.221839575719486,-0.4423426497090162
1741469640.0,5.2220106882867,-0.44230455657699413
1741469700.0,5.222181792354282,-0.4422664525278189
1741469760.0,5.222352887921623,-0.44222833756342605
1741469820.0,5.222523974988144,-0.44219021168575295
1741469880.0,5.222695053553255,-0.4421520748967317
1741469940.0,5.222866123616379,-0.44211392719829956
1741470000.0,5.223037185176904,-0.4420757685923921
1741470060.0,5.223208238234255,-0.44203759908094487
1741470120.0,5.223379282787855,-0.4419994186658936
1741470180.0,5.2235503188371295,-0.4419612273491736
1741470240.0,5.223721346381466,-0.4419230251327224
1741470300.0,5.2238923654203075,-0.44188481201847546
1741470360.0,5.224063375953077,-0.4418465880083684
1741470420.0,5.224234377979182,-0.4418083531043385
1741470480.0,5.224405371498029,-0.4417701073083214
1741470540.0,5.2245763565090755,-0.4417318506222526
1741470600.0,5.22474733301173,-0.4416935830480694
1741470660.0,5.224918301005398,-0.44165530458770913
1741470720.0,5.225089260489539,-0.4416170152431092
1741470780.0,5.225260211463559,-0.4415787150162033
1741470840.0,5.225431153926883,-0.44154040390893234
1741470900.0,5.225602087878934,-0.4415020819232301
1741470960.0,5.225773013319153,-0.4414637490610339
1741471020.0,5.225943930246983,-0.44142540532428276
1741471080.0,5.226114838661831,-0.4413870507149123
1741471140.0,5.226285738563135,-0.4413486852348598
1741471200.0,5.226456629950324,-0.44131030888606443
1741471260.0,5.226627512822852,-0.4412719216704633
1741471320.0,5.22679838718013,-0.4412335235899922
1741471380.0,5.226969253021596,-0.44119511464659
1741471440.0,5.227140110346694,-0.4411566948421942
1741471500.0,5.227310959154865,-0.441118264178742
1741471560.0,5.22748179944555,-0.4410798226581742
1741471620.0,5.227652631218171,-0.4410413702824246
1741471680.0,5.227823454472191,-0.44100290705343415
1741471740.0,5.227994269207032,-0.4409644329731418
1741471800.0,5.228165075422134,-0.4409259480434831
1741471860.0,5.228335873116959,-0.4408874522663989
1741471920.0,5.228506662290946,-0.4408489456438248
1741471980.0,5.22867744294352,-0.4408104281777016
1741472040.0,5.228848215074141,-0.44077189986996823
1741472100.0,5.229018978682266,-0.4407333607225622
1741472160.0,5.229189733767337,-0.4406948107374224
1741472220.0,5.229360480328797,-0.44065624991648805
1741472280.0,5.229531218366086,-0.4406176782616981
1741472340.0,5.22970194787868,-0.44057909577499166
1741472400.0,5.229872668866022,-0.4405405024583077
1741472460.0,5.230043381327535,-0.4405018983135854
1741472520.0,5.2302140852627135,-0.4404632833427638
1741472580.0,5.230384780670999,-0.44042465754778365
1741472640.0,5.230555467551832,-0.44038602093058404
1741472700.0,5.23072614590469,-0.4403473734931023
1741472760.0,5.2308968157290145,-0.44030871523727916
1741472820.0,5.231067477024263,-0.44027004616505555
1741472880.0,5.2312381297898956,-0.4402313662783722
1741472940.0,5.23140877402539,-0.44019267557916475
1741473000.0,5.231579409730185,-0.44015397406937734
1741473060.0,5.231750036903775,-0.44011526175094745
1741473120.0,5.231920655545569,-0.4400765386258176
1741473180.0,5.232091265655075,-0.440037804695925
1741473240.0,5.232261867231737,-0.4399990599632123
1741473300.0,5.232432460275048,-0.43996030442961853
1741473360.0,5.232603044784431,-0.4399215380970863
1741473420.0,5.2327736207593825,-0.4398827609675528
1741473480.0,5.232944188199376,-0.4398439730429607
1741473540.0,5.233114747103854,-0.43980517432525074
1741473600.0,5.233285297472312,-0.4397663648163638
1741473660.0,5.233455839304188,-0.43972754451824053
1741473720.0,5.233626372599016,-0.4396887134328201
1741473780.0,5.233796897356215,-0.43964987156204516
1741473840.0,5.233967413575263,-0.4396110189078581
1741473900.0,5.2341379212556545,-0.439572155472198
1741473960.0,5.2343084203968475,-0.43953328125700575
1741474020.0,5.234478910998337,-0.43949439626422554
1741474080.0,5.234649393059599,-0.43945550049579485
1741474140.0,5.23481986658011,-0.4394165939536578
1741474200.0,5.234990331559328,-0.439377676639757
1741474260.0,5.235160787996748,-0.4393387485560316
1741474320.0,5.235331235891864,-0.439299809704424
1741474380.0,5.2355016752441506,-0.4392608600868751
1741474440.0,5.235672106053086,-0.4392218997053292
1741474500.0,5.235842528318163,-0.43918292856172714
1741474560.0,5.23601294203886,-0.4391439466580096
1741474620.0,5.23618334721465,-0.4391049539961209
1741474680.0,5.236353743845047,-0.43906595057800024
1741474740.0,5.236524131929527,-0.43902693640559354
1741474800.0,5.236694511467565,-0.4389879114808399
1741474860.0,5.236864882458676,-0.4389488758056836
1741474920.0,5.237035244902348,-0.43890982938206713
1741474980.0,5.237205598798044,-0.4388707722119332
1741475040.0,5.237375944145292,-0.4388317042972225
1741475100.0,5.237546280943568,-0.43879262563987936
1741475160.0,5.237716609192349,-0.43875353624184804
1741475220.0,5.237886928891164,-0.43871443610506766
1741475280.0,5.238057240039488,-0.4386753252314825
1741475340.0,5.238227542636833,-0.43863620362303857
1741475400.0,5.238397836682693,-0.43859707128167497
1741475460.0,5.238568122176562,-0.438557928209336
1741475520.0,5.238738399117934,-0.4385187744079659
1741475580.0,5.23890866750632,-0.4384796098795073
1741475640.0,5.239078927341213,-0.4384404346259043
1741475700.0,5.239249178622126,-0.4384012486490998
1741475760.0,5.23941942134857,-0.43836205195103606
1741475820.0,5.239589655520037,-0.4383228445336592
1741475880.0,5.239759881136023,-0.4382836263989101
1741475940.0,5.239930098196056,-0.43824439754873473
1741476000.0,5.240100306699629,-0.43820515798507736
1741476060.0,5.2402705066462545,-0.43816590770987895
1741476120.0,5.240440698035443,-0.43812664672508533
1741476180.0,5.240610880866708,-0.43808737503264095
1741476240.0,5.240781055139557,-0.43804809263448824
1741476300.0,5.240951220853487,-0.4380087995325734
1741476360.0,5.241121378008043,-0.4379694957288406
1741476420.0,5.241291526602718,-0.43793018122523064
1741476480.0,5.241461666637026,-0.43789085602369315
1741476540.0,5.241631798110492,-0.4378515201261671
1741476600.0,5.241801921022613,-0.4378121735346021
1741476660.0,5.241972035372934,-0.437772816250939
1741476720.0,5.242142141160967,-0.43773344827712535
1741476780.0,5.242312238386221,-0.43769406961510393
1741476840.0,5.242482327048211,-0.4376546802668189
1741476900.0,5.24265240714648,-0.43761528023421825
1741476960.0,5.242822478680541,-0.43757586951924426
1741477020.0,5.242992541649905,-0.4375364481238414
1741477080.0,5.243162596054135,-0.43749701604995744
1741477140.0,5.24333264189269,-0.43745757329953494
1741477200.0,5.243502679165153,-0.43741811987452156
1741477260.0,5.243672707871033,-0.43737865577686
1741477320.0,5.243842728009842,-0.43733918100849795
1741477380.0,5.244012739581126,-0.4372996955713781
1741477440.0,5.2441827425844325,-0.4372601994674498
1741477500.0,5.244352737019238,-0.4372206926986557
1741477560.0,5.244522722885137,-0.43718117526694183
1741477620.0,5.244692700181612,-0.4371416471742525
1741477680.0,5.2448626689082225,-0.43710210842253727
1741477740.0,5.245032629064498,-0.43706255901373864
1741477800.0,5.245202580649986,-0.4370229989498044
1741477860.0,5.245372523664196,-0.4369834282326806
1741477920.0,5.2455424581066765,-0.43694384686431154
1741477980.0,5.245712383976972,-0.43690425484664325
1741478040.0,5.245882301274611,-0.43686465218162357
1741478100.0,5.2460522099991405,-0.43682503887119845
1741478160.0,5.246222110150089,-0.4367854149173122
1741478220.0,5.246392001727038,-0.43674578032191447
1741478280.0,5.2465618847294815,-0.4367061350869477
1741478340.0,5.246731759156982,-0.43666647921436147
1741478400.0,5.24690162500907,-0.43662681270610176
1741478460.0,5.247071482285325,-0.43658713556411477
1741478520.0,5.247241330985276,-0.43654744779034804
1741478580.0,5.247411171108453,-0.43650774938674614
1741478640.0,5.247581002654435,-0.4364680403552566
1741478700.0,5.247750825622736,-0.4364283206978274
1741478760.0,5.247920640012936,-0.4363885904164062
1741478820.0,5.248090445824562,-0.43634884951293745
1741478880.0,5.248260243057197,-0.43630909798936873
1741478940.0,5.248430031710369,-0.436269335847648
1741479000.0,5.248599811783627,-0.43622956308972294
1741479060.0,5.248769583276546,-0.4361897797175397
1741479120.0,5.248939346188661,-0.4361499857330459
1741479180.0,5.249109100519551,-0.4361101811381895
1741479240.0,5.2492788462687425,-0.43607036593491827
1741479300.0,5.249448583435819,-0.4360305401251764
1741479360.0,5.249618312020344,-0.4359907037109152
1741479420.0,5.249788032021863,-0.43595085669408074
1741479480.0,5.24995774343994,-0.43591099907662084
1741479540.0,5.250127446274122,-0.43587113086048324
1741479600.0,5.2502971405240055,-0.43583125204761575
1741479660.0,5.250466826189122,-0.43579136263996615
1741479720.0,5.25063650326905,-0.4357514626394822
1741479780.0,5.250806171763371,-0.43571155204811346
1741479840.0,5.2509758316716155,-0.4356716308678059
1741479900.0,5.251145482993382,-0.43563169910050753
1741479960.0,5.251315125728215,-0.4355917567481676
1741480020.0,5.251484759875697,-0.4355518038127341
1741480080.0,5.251654385435408,-0.43551184029615464
1741480140.0,5.251824002406895,-0.435471866200379
1741480200.0,5.251993610789757,-0.435431881527353
1741480260.0,5.252163210583539,-0.435391886279028
1741480320.0,5.252332801787841,-0.43535188045735007
1741480380.0,5.252502384402206,-0.43531186406427036
1741480440.0,5.252671958426237,-0.4352718371017351
1741480500.0,5.252841523859495,-0.4352317995716955
1741480560.0,5.2530110807015795,-0.43519175147609745
1741480620.0,5.253180628952037,-0.4351516928168907
1741480680.0,5.253350168610482,-0.43511162359602473
1741480740.0,5.2535196996764615,-0.4350715438154472
1741480800.0,5.253689222149575,-0.4350314534771096
1741480860.0,5.253858736029402,-0.4349913525829578
1741480920.0,5.254028241315507,-0.4349512411349431
1741480980.0,5.254197738007507,-0.4349111191350133
1741481040.0,5.254367226104964,-0.43487098658511797
1741481100.0,5.254536705607478,-0.43483084348720663
1741481160.0,5.2547061765146115,-0.43479068984323055
1741481220.0,5.254875638825981,-0.43475052565513583
1741481280.0,5.25504509254115,-0.43471035092487187
1741481340.0,5.255214537659734,-0.43467016565439004
1741481400.0,5.255383974181282,-0.43462996984563984
1741481460.0,5.25555340210544,-0.43458976350056916
1741481520.0,5.255722821431759,-0.4345495466211291
1741481580.0,5.255892232159835,-0.4345093192092693
1741481640.0,5.256061634289285,-0.4344690812669393
1741481700.0,5.2562310278196716,-0.4344288327960886
1741481760.0,5.2564004127506125,-0.4343885737986668
1741481820.0,5.256569789081706,-0.4343483042766233
1741481880.0,5.256739156812548,-0.4343080242319095
1741481940.0,5.2569085159427225,-0.43426773366647486
1741482000.0,5.257077866471844,-0.434227432582269
1741482060.0,5.257247208399512,-0.43418712098124307
1741482120.0,5.257416541725308,-0.43414679886534663
1741482180.0,5.257585866448847,-0.4341064662365293
1741482240.0,5.257755182569745,-0.43406612309674064
1741482300.0,5.257924490087584,-0.43402576944793353
1741482360.0,5.258093789001997,-0.4339854052920576
1741482420.0,5.258263079312547,-0.43394503063106227
1741482480.0,5.258432361018886,-0.4339046454668973
1741482540.0,5.258601634120578,-0.43386424980151544
1741482600.0,5.258770898617272,-0.43382384363686466
1741482660.0,5.258940154508551,-0.43378342697489797
1741482720.0,5.2591094017940305,-0.4337429998175666
1741482780.0,5.259278640473325,-0.4337025621668183
1741482840.0,5.259447870546053,-0.43366211402460614
1741482900.0,5.259617092011812,-0.43362165539287967
1741482960.0,5.259786304870201,-0.4335811862735902
1741483020.0,5.2599555091208865,-0.433540706668689
1741483080.0,5.2601247047634345,-0.43350021658012716
1741483140.0,5.260293891797494,-0.43345971600985445
1741483200.0,5.2604630702226665,-0.43341920495982383
1741483260.0,5.260632240038583,-0.4333786834319847
1741483320.0,5.260801401244842,-0.4333381514282903
1741483380.0,5.2609705538410605,-0.43329760895069
1741483440.0,5.26113969782689,-0.4332570560011352
1741483500.0,5.2613088332019435,-0.433216492581577
1741483560.0,5.2614779599658235,-0.4331759186939686
1741483620.0,5.261647078118162,-0.43313533434025947
1741483680.0,5.2618161876585905,-0.43309473952240257
1741483740.0,5.261985288586728,-0.43305413424234934
1741483800.0,5.2621543809022056,-0.43301351850204917
1741483860.0,5.262323464604641,-0.4329728923034568
1741483920.0,5.262492539693685,-0.43293225564852017
1741483980.0,5.262661606168953,-0.43289160853919567
1741484040.0,5.262830664030061,-0.43285095097743115
1741484100.0,5.262999713276661,-0.4328102829651796
1741484160.0,5.263168753908384,-0.43276960450439234
1741484220.0,5.263337785924849,-0.4327289155970223
1741484280.0,5.263506809325687,-0.43268821624502257
1741484340.0,5.263675824110551,-0.4326475064503427
1741484400.0,5.263844830279056,-0.43260678621493576
1741484460.0,5.26401382783087,-0.4325660555407529
1741484520.0,5.264182816765574,-0.43252531442974895
1741484580.0,5.264351797082856,-0.43248456288387344
1741484640.0,5.264520768782347,-0.4324438009050777
1741484700.0,5.264689731863681,-0.4324030284953164
1741484760.0,5.264858686326494,-0.43236224565654263
1741484820.0,5.265027632170433,-0.43232145239070585
1741484880.0,5.265196569395133,-0.43228064869975924
1741484940.0,5.2653654980002464,-0.4322398345856574
1741485000.0,5.265534417985423,-0.43219901005034994
1741485060.0,5.265703329350295,-0.43215817509578985
1741485120.0,5.265872232094498,-0.43211732972393196
1741485180.0,5.266041126217717,-0.43207647393672577
1741485240.0,5.266210011719568,-0.4320356077361278
1741485300.0,5.266378888599701,-0.43199473112408576
1741485360.0,5.2665477568577685,-0.43195384410255805
1741485420.0,5.266716616493438,-0.43191294667349234
1741485480.0,5.266885467506344,-0.43187203883884345
1741485540.0,5.267054309896136,-0.43183112060056617
1741485600.0,5.267223143662483,-0.43179019196060997
1741485660.0,5.267391968805037,-0.4317492529209297
1741485720.0,5.267560785323448,-0.4317083034834783
1741485780.0,5.267729593217366,-0.4316673436502088
1741485840.0,5.267898392486442,-0.4316263734230743
1741485900.0,5.2680671831303645,-0.43158539280402597
1741485960.0,5.268235965148763,-0.43154440179502046
1741486020.0,5.26840473854131,-0.43150340039800894
1741486080.0,5.268573503307653,-0.4314623886149445
1741486140.0,5.268742259447463,-0.4314213664477801
1741486200.0,5.2689110069604235,-0.4313803338984705
1741486260.0,5.2690797458461525,-0.43133929096896884
1741486320.0,5.2692484761043525,-0.4312982376612263
1741486380.0,5.269417197734656,-0.4312571739771994
1741486440.0,5.269585910736769,-0.43121609991883947
1741486500.0,5.2697546151103225,-0.4311750154881012
1741486560.0,5.2699233108550025,-0.4311339206869377
1741486620.0,5.270091997970461,-0.43109281551730183
1741486680.0,5.2702606764564,-0.4310516999811486
1741486740.0,5.270429346312454,-0.43101057408043086
1741486800.0,5.27059800753831,-0.4309694378171017
1741486860.0,5.270766660133634,-0.4309282911931158
1741486920.0,5.270935304098113,-0.4308871342104281
1741486980.0,5.2711039394314145,-0.4308459668709898
1741487040.0,5.271272566133209,-0.4308047891767556
1741487100.0,5.271441184203163,-0.43076360112968204
1741487160.0,5.2716097936409625,-0.4307224027317187
1741487220.0,5.271778394446295,-0.430681193984822
1741487280.0,5.271946986618826,-0.43063997489094685
1741487340.0,5.272115570158226,-0.4305987454520445
1741487400.0,5.272284145064215,-0.43055750567007134
1741487460.0,5.2724527113364275,-0.43051625554698053
1741487520.0,5.272621268974565,-0.43047499508472675
1741487580.0,5.272789817978297,-0.4304337242852648
1741487640.0,5.272958358347345,-0.43039244315054775
1741487700.0,5.2731268900813415,-0.43035115168252847
1741487760.0,5.2732954131800245,-0.43030984988316373
1741487820.0,5.273463927643028,-0.43026853775440804
1741487880.0,5.273632433470088,-0.4302272152982146
1741487940.0,5.273800930660861,-0.4301858825165363
1741488000.0,5.273969419215044,-0.43014453941132974
1741488060.0,5.274137899132309,-0.4301031859845497
1741488120.0,5.274306370412393,-0.4300618222381492
1741488180.0,5.274474833054948,-0.4300204481740829
1741488240.0,5.274643287059677,-0.4299790637943075
1741488300.0,5.274811732426282,-0.42993766910077585
1741488360.0,5.274980169154449,-0.42989626409544107
1741488420.0,5.275148597243865,-0.42985484878026137
1741488480.0,5.275317016694233,-0.42981342315718807
1741488540.0,5.275485427505257,-0.4297719872281794
1741488600.0,5.275653829676638,-0.42973054099518665
1741488660.0,5.2758222232080465,-0.42968908446016635
1741488720.0,5.275990608099219,-0.42964761762507325
1741488780.0,5.276158984349826,-0.42960614049186213
1741488840.0,5.276327351959587,-0.42956465306248776
1741488900.0,5.276495710928205,-0.42952315533890484
1741488960.0,5.276664061255367,-0.4294816473230699
1741489020.0,5.2768324029407925,-0.4294401290169362
1741489080.0,5.277000735984185,-0.42939860042245986
1741489140.0,5.277169060385249,-0.4293570615415942
1741489200.0,5.277337376143668,-0.4293155123762956
1741489260.0,5.277505683259183,-0.4292739529285207
1741489320.0,5.277673981731494,-0.42923238320022056
1741489380.0,5.277842271560291,-0.4291908031933554
1741489440.0,5.278010552745309,-0.4291492129098764
1741489500.0,5.278178825286253,-0.4291076123517401
1741489560.0,5.278347089182825,-0.42906600152090296
1741489620.0,5.278515344434728,-0.42902438041931806
1741489680.0,5.278683591041703,-0.4289827490489419
1741489740.0,5.278851829003467,-0.42894110741173097
1741489800.0,5.279020058319709,-0.4288994555096401
1741489860.0,5.279188278990147,-0.42885779334462226
1741489920.0,5.279356491014521,-0.42881612091863575
1741489980.0,5.279524694392535,-0.42877443823363526
1741490040.0,5.27969288912389,-0.42873274529157734
1741490100.0,5.279861075208344,-0.42869104209441505
1741490160.0,5.2800292526455985,-0.428649328644105
1741490220.0,5.280197421435374,-0.42860760494260347
1741490280.0,5.280365581577392,-0.4285658709918671
1741490340.0,5.280533733071374,-0.42852412679384894
1741490400.0,5.280701875917076,-0.4284823723505054
1741490460.0,5.280870010114165,-0.4284406076637931
1741490520.0,5.2810381356623965,-0.4283988327356668
1741490580.0,5.2812062525615096,-0.428357047568083
1741490640.0,5.281374360811225,-0.42831525216299815
1741490700.0,5.281542460411263,-0.42827344652236715
1741490760.0,5.2817105513613605,-0.4282316306481446
1741490820.0,5.2818786336612416,-0.42818980454228894
1741490880.0,5.2820467073106245,-0.42814796820675477
1741490940.0,5.282214772309282,-0.42810612164349693
1741491000.0,5.282382828656919,-0.4280642648544737
1741491060.0,5.282550876353257,-0.4280223978416381
1741491120.0,5.282718915398066,-0.42798052060694836
1741491180.0,5.282886945791051,-0.427938633152361
1741491240.0,5.283054967531951,-0.42789673547983087
1741491300.0,5.283222980620522,-0.4278548275913144
1741491360.0,5.283390985056499,-0.4278129094887663
1741491420.0,5.283558980839606,-0.42777098117414497
1741491480.0,5.2837269679695975,-0.4277290426494051
1741491540.0,5.283894946446211,-0.4276870939165032
1741491600.0,5.284062916269168,-0.4276451349773958
1741491660.0,5.284230877438241,-0.42760316583403774
1741491720.0,5.28439882995317,-0.42756118648838715
1741491780.0,5.2845667738136735,-0.4275191969423988
1741491840.0,5.284734709019526,-0.42747719719803107
1741491900.0,5.284902635570465,-0.42743518725723695
1741491960.0,5.285070553466229,-0.42739316712197634
1741492020.0,5.285238462706555,-0.42735113679420234
1741492080.0,5.285406363291237,-0.42730909627587504
1741492140.0,5.285574255219975,-0.42726704556894723
1741492200.0,5.285742138492543,-0.42722498467537745
1741492260.0,5.28591001310868,-0.42718291359712024
1741492320.0,5.2860778790681575,-0.4271408323361358
1741492380.0,5.286245736370716,-0.427098740894377
1741492440.0,5.286413585016108,-0.42705663927380216
1741492500.0,5.28658142500411,-0.427014527476366
1741492560.0,5.286749256334439,-0.4269724055040269
1741492620.0,5.28691707900689,-0.42693027335873945
1741492680.0,5.287084893021198,-0.4268881310424638
1741492740.0,5.28725269837712,-0.42684597855715295
1741492800.0,5.287420495074411,-0.42680381590476507
1741492860.0,5.287588283112861,-0.42676164308725684
1741492920.0,5.287756062492193,-0.42671946010658635
1741492980.0,5.287923833212211,-0.4266772669647067
1741493040.0,5.288091595272623,-0.4266350636635779
1741493100.0,5.288259348673252,-0.42659285020515475
1741493160.0,5.288427093413819,-0.4265506265913954
1741493220.0,5.288594829494097,-0.42650839282425473
1741493280.0,5.288762556913877,-0.4264661489056927
1741493340.0,5.288930275672897,-0.426423894837664
1741493400.0,5.289097985770929,-0.42638163062212353
1741493460.0,5.289265687207766,-0.42633935626103125
1741493520.0,5.2894333799831434,-0.4262970717563437
1741493580.0,5.289601064096854,-0.4262547771100173
1741493640.0,5.28976873954867,-0.4262124723240086
1741493700.0,5.289936406338365,-0.42617015740027425
1741493760.0,5.290104064465676,-0.4261278323407705
1741493820.0,5.290271713930429,-0.4260854971474577
1741493880.0,5.290439354732364,-0.42604315182228847
1741493940.0,5.290606986871268,-0.42600079636722493
1741494000.0,5.290774610346917,-0.42595843078421813
1741494060.0,5.290942225159083,-0.4259160550752299
1741494120.0,5.2911098313075575,-0.425873669242215
1741494180.0,5.291277428792112,-0.4258312732871317
1741494240.0,5.2914450176125385,-0.42578886721193476
1741494300.0,5.291612597768592,-0.42574645101858416
1741494360.0,5.291780169260062,-0.4257040247090347
1741494420.0,5.291947732086741,-0.42566158828524464
1741494480.0,5.2921152862484195,-0.4256191417491704
1741494540.0,5.292282831744853,-0.42557668510277213
1741494600.0,5.292450368575848,-0.42553421834800287
1741494660.0,5.292617896741195,-0.42549174148682245
1741494720.0,5.292785416240669,-0.4254492545211857
1741494780.0,5.292952927074059,-0.42540675745305273
1741494840.0,5.293120429241157,-0.42536425028437824
1741494900.0,5.293287922741753,-0.4253217330171222
1741494960.0,5.293455407575637,-0.42527920565323946
1741495020.0,5.293622883742599,-0.4252366681946882
1741495080.0,5.293790351242415,-0.42519412064342493
1741495140.0,5.293957810074907,-0.4251515630014097
1741495200.0,5.294125260239868,-0.4251089952705956
1741495260.0,5.294292701737068,-0.4250664174529425
1741495320.0,5.294460134566302,-0.42502382955040874
1741495380.0,5.2946275587273925,-0.42498123156495077
1741495440.0,5.29479497422013,-0.4249386234985234
1741495500.0,5.294962381044289,-0.4248960053530884
1741495560.0,5.295129779199694,-0.42485337713059884
1741495620.0,5.295297168686137,-0.4248107388330163
1741495680.0,5.295464549503424,-0.42476809046229397
1741495740.0,5.29563192165133,-0.4247254320203935
1741495800.0,5.295799285129695,-0.4246827635092697
1741495860.0,5.295966639938296,-0.42464008493087907
1741495920.0,5.2961339860769545,-0.42459739628718346
1741495980.0,5.296301323545464,-0.4245546975801357
1741496040.0,5.296468652343632,-0.42451198881169416
1741496100.0,5.2966359724712655,-0.4244692699838189
1741496160.0,5.296803283928174,-0.42442654109846634
1741496220.0,5.296970586714146,-0.424383802157593
1741496280.0,5.297137880829043,-0.42434105316315723
1741496340.0,5.297305166272621,-0.42429829411711545
1741496400.0,5.297472443044706,-0.42425552502142766
1741496460.0,5.297639711145122,-0.42421274587804697
1741496520.0,5.297806970573677,-0.42416995668893676
1741496580.0,5.29797422133018,-0.42412715745605023
1741496640.0,5.298141463414456,-0.42408434818134716
1741496700.0,5.298308696826297,-0.4240415288667825
1741496760.0,5.298475921565543,-0.42399869951431784
1741496820.0,5.298643137631986,-0.42395586012590813
1741496880.0,5.298810345025487,-0.4239130107035115
1741496940.0,5.29897754374582,-0.4238701512490862
1741497000.0,5.299144733792825,-0.4238272817645889
1741497060.0,5.299311915166312,-0.42378440225197944
1741497120.0,5.299479087866123,-0.42374151271321087
1741497180.0,5.299646251892049,-0.42369861315024676
1741497240.0,5.299813407243934,-0.42365570356504006
1741497300.0,5.299980553921619,-0.4236127839595508
1741497360.0,5.300147691924878,-0.4235698543357356
1741497420.0,5.300314821253572,-0.4235269146955542
1741497480.0,5.3004819419075435,-0.42348396504096164
1741497540.0,5.300649053886564,-0.42344100537391605
1741497600.0,5.300816157190514,-0.42339803569637746
1741497660.0,5.3009832518192,-0.4233550560103023
1741497720.0,5.301150337772465,-0.4233120663176473
1741497780.0,5.301317415050116,-0.4232690666203705
1741497840.0,5.301484483651999,-0.42322605692043025
1741497900.0,5.301651543577936,-0.42318303721978484
1741497960.0,5.3018185948277905,-0.42314000752039244
1741498020.0,5.301985637401367,-0.42309696782420786
1741498080.0,5.3021526712984945,-0.4230539181331929
1741498140.0,5.302319696519032,-0.42301085844930053
1741498200.0,5.3024867130628035,-0.42296778877449426
1741498260.0,5.302653720929653,-0.4229247091107271
1741498320.0,5.302820720119425,-0.4228816194599591
1741498380.0,5.302987710631943,-0.4228385198241467
1741498440.0,5.303154692467032,-0.42279541020525
1741498500.0,5.303321665624573,-0.42275229060522546
1741498560.0,5.303488630104388,-0.4227091610260313
1741498620.0,5.303655585906304,-0.42266602146962406
1741498680.0,5.303822533030198,-0.42262287193796205
1741498740.0,5.303989471475878,-0.4225797124330035
1741498800.0,5.304156401243207,-0.4225365429567067
1741498860.0,5.304323322332042,-0.42249336351102973
1741498920.0,5.304490234742211,-0.42245017409792934
1741498980.0,5.304657138473573,-0.42240697471936195
1741499040.0,5.3048240335259695,-0.42236376537728926
1741499100.0,5.304990919899247,-0.42232054607366615
1741499160.0,5.305157797593263,-0.4222773168104525
1741499220.0,5.305324666607879,-0.4222340775896032
1741499280.0,5.3054915269429195,-0.4221908284130799
1741499340.0,5.305658378598246,-0.42214756928283753
1741499400.0,5.30582522157372,-0.42210430020083406
1741499460.0,5.305992055869199,-0.42206102116902977
1741499520.0,5.306158881484545,-0.42201773218938105
1741499580.0,5.306325698419584,-0.4219744332638444
1741499640.0,5.306492506674192,-0.4219311243943799
1741499700.0,5.306659306248213,-0.421887805582944
1741499760.0,5.306826097141543,-0.421844476831495
1741499820.0,5.306992879353988,-0.4218011381419911
1741499880.0,5.307159652885446,-0.4217577895163889
1741499940.0,5.307326417735775,-0.4217144309566483
1741500000.0,5.307493173904819,-0.4216710624647259
1741500060.0,5.307659921392456,-0.42162768404257994
1741500120.0,5.307826660198546,-0.4215842956921687
1741500180.0,5.307993390322949,-0.4215408974154487
1741500240.0,5.308160111765527,-0.4214974892143798
1741500300.0,5.308326824526173,-0.4214540710909169
1741500360.0,5.308493528604712,-0.4214106430470201
1741500420.0,5.308660224001043,-0.4213672050846475
1741500480.0,5.308826910715007,-0.42132375720575554
1741500540.0,5.308993588746499,-0.42128029941230266
1741500600.0,5.309160258095395,-0.4212368317062471
1741500660.0,5.309326918761541,-0.42119335408954706
1741500720.0,5.309493570744814,-0.42114986656416087
1741500780.0,5.309660214045108,-0.4211063691320432
1741500840.0,5.309826848662285,-0.421062861795154
1741500900.0,5.309993474596204,-0.42101934455545176
1741500960.0,5.310160091846744,-0.42097581741489454
1741501020.0,5.3103267004138,-0.420932280375439
1741501080.0,5.310493300297231,-0.4208887334390432
1741501140.0,5.3106598914969165,-0.4208451766076656
1741501200.0,5.310826474012768,-0.42080160988326265
1741501260.0,5.310993047844613,-0.4207580332677944
1741501320.0,5.311159612992362,-0.4207144467632172
1741501380.0,5.311326169455893,-0.42067085037148766
1741501440.0,5.311492717235087,-0.4206272440945658
1741501500.0,5.311659256329834,-0.4205836279344099
1741501560.0,5.311825786739998,-0.4205400018929747
1741501620.0,5.3119923084654745,-0.42049636597222195
1741501680.0,5.31215882150614,-0.42045272017410645
1741501740.0,5.312325325861889,-0.42040906450058635
1741501800.0,5.312491821532619,-0.42036539895362
1741501860.0,5.312658308518223,-0.4203217235351657
1741501920.0,5.312824786818546,-0.4202780382471799
1741501980.0,5.312991256433517,-0.42023434309162266
1741502040.0,5.313157717363031,-0.4201906380704504
1741502100.0,5.3133241696069495,-0.4201469231856197
1741502160.0,5.313490613165184,-0.42010319843909055
1741502220.0,5.313657048037614,-0.42005946383281767
1741502280.0,5.313823474224133,-0.4200157193687629
1741502340.0,5.313989891724671,-0.41997196504888096
1741502400.0,5.314156300539074,-0.41992820087513016
1741502460.0,5.314322700667269,-0.41988442684946864
1741502520.0,5.314489092109134,-0.4198406429738566
1741502580.0,5.314655474864583,-0.41979684925024685
1741502640.0,5.314821848933511,-0.41975304568059946
1741502700.0,5.314988214315814,-0.41970923226687284
1741502760.0,5.315154571011385,-0.4196654090110233
1741502820.0,5.315320919020157,-0.41962157591500915
1741502880.0,5.315487258341989,-0.4195777329807905
1741502940.0,5.315653588976809,-0.41953388021032023
1741503000.0,5.315819910924516,-0.4194900176055585
1741503060.0,5.3159862241850036,-0.41944614516846346
1741503120.0,5.3161525287581854,-0.4194022629009933
1741503180.0,5.316318824643989,-0.41935837080510474
1741503240.0,5.316485111842296,-0.41931446888275414
1741503300.0,5.316651390352998,-0.41927055713589984
1741503360.0,5.316817660176046,-0.4192266355665018
1741503420.0,5.316983921311333,-0.4191827041765147
1741503480.0,5.317150173758755,-0.41913876296789704
1741503540.0,5.317316417518225,-0.41909481194260684
1741503600.0,5.317482652589672,-0.4190508511026007
1741503660.0,5.31764887897301,-0.41900688044983697
1741503720.0,5.317815096668134,-0.41896289998627545
1741503780.0,5.317981305674958,-0.41891890971386936
1741503840.0,5.3181475059934264,-0.41887490963457863
1741503900.0,5.318313697623419,-0.4188308997503598
1741503960.0,5.318479880564867,-0.41878688006317105
1741504020.0,5.318646054817698,-0.41874285057497074
1741504080.0,5.31881222038181,-0.4186988112877171
1741504140.0,5.318978377257149,-0.41865476220336306
1741504200.0,5.31914452544361,-0.41861070332387046
1741504260.0,5.319310664941125,-0.41856663465119587
1741504320.0,5.319476795749622,-0.41852255618729567
1741504380.0,5.319642917869033,-0.4184784679341282
1741504440.0,5.319809031299251,-0.41843436989364996
1741504500.0,5.31997513604021,-0.4183902620678192
1741504560.0,5.320141232091837,-0.4183461444585942
1741504620.0,5.320307319454063,-0.41830201706792974
1741504680.0,5.3204733981268175,-0.418257879897784
1741504740.0,5.320639468110032,-0.41821373295011705
1741504800.0,5.320805529403619,-0.4181695762268837
1741504860.0,5.320971582007508,-0.41812540973004214
1741504920.0,5.321137625921647,-0.41808123346154885
1741504980.0,5.321303661145966,-0.41803704742336223
1741505040.0,5.321469687680361,-0.41799285161743865
1741505100.0,5.321635705524813,-0.41794864604573645
1741505160.0,5.32180171467922,-0.41790443071021205
1741505220.0,5.321967715143544,-0.4178602056128221
1741505280.0,5.3221337069176995,-0.41781597075552657
1741505340.0,5.322299690001617,-0.4177717261402801
1741505400.0,5.32246566439526,-0.41772747176903935
1741505460.0,5.322631630098542,-0.41768320764376426
1741505520.0,5.322797587111411,-0.4176389337664097
1741505580.0,5.322963535433797,-0.4175946501389355
1741505640.0,5.323129475065648,-0.4175503567632948
1741505700.0,5.323295406006911,-0.4175060536414493
1741505760.0,5.323461328257533,-0.4174617407753521
1741505820.0,5.323627241817428,-0.4174174181669631
1741505880.0,5.323793146686562,-0.4173730858182371
1741505940.0,5.323959042864863,-0.4173287437311342
1741506000.0,5.324124930352298,-0.417284391907609
1741506060.0,5.324290809148795,-0.4172400303496182
1741506120.0,5.324456679254302,-0.41719565905912165
1741506180.0,5.324622540668769,-0.4171512780380742
1741506240.0,5.324788393392159,-0.41710688728843237
1741506300.0,5.324954237424385,-0.4170624868121544
1741506360.0,5.325120072765431,-0.4170180766111985
1741506420.0,5.325285899415242,-0.41697365668751774
1741506480.0,5.32545171737375,-0.41692922704307217
1741506540.0,5.3256175266409205,-0.41688478767981996
1741506600.0,5.325783327216717,-0.41684033859971414
1741506660.0,5.325949119101071,-0.41679587980471305
1741506720.0,5.3261149022939644,-0.4167514112967749
1741506780.0,5.326280676795311,-0.4167069330778545
1741506840.0,5.326446442605108,-0.41666244514990997
1741506900.0,5.326612199723306,-0.41661794751489806
1741506960.0,5.326777948149835,-0.4165734401747768
1741507020.0,5.326943687884693,-0.4165289231314993
1741507080.0,5.327109418927795,-0.41648439638702567
1741507140.0,5.327275141279138,-0.41643985994331223
1741507200.0,5.327440854938673,-0.4163953138023156
1741507260.0,5.327606559906363,-0.4163507579659906
1741507320.0,5.327772256182157,-0.41630619243629535
1741507380.0,5.327937943766036,-0.4162616172151848
1741507440.0,5.328103622657949,-0.4162170323046205
1741507500.0,5.328269292857877,-0.41617243770655393
1741507560.0,5.328434954365787,-0.4161278334229414
1741507620.0,5.328600607181625,-0.41608321945574483
1741507680.0,5.328766251305375,-0.41603859580691716
1741507740.0,5.328931886737001,-0.41599396247841314
1741507800.0,5.329097513476486,-0.4159493194721946
1741507860.0,5.329263131523778,-0.41590466679021276
1741507920.0,5.329428740878841,-0.41586000443442583
1741507980.0,5.329594341541676,-0.4158153324067922
1741508040.0,5.329759933512247,-0.41577065070926655
1741508100.0,5.329925516790521,-0.41572595934380546
1741508160.0,5.33009109137646,-0.4156812583123636
1741508220.0,5.330256657270068,-0.415636547616901
1741508280.0,5.330422214471289,-0.41559182725937244
1741508340.0,5.3305877629801435,-0.4155470972417327
1741508400.0,5.330753302796559,-0.4155023575659402
1741508460.0,5.330918833920538,-0.4154576082339494
1741508520.0,5.3310843563520605,-0.41541284924771876
1741508580.0,5.33124987009111,-0.4153680806092012
1741508640.0,5.331415375137652,-0.4153233023203569
1741508700.0,5.33158087149167,-0.41527851438314045
1741508760.0,5.331746359153162,-0.41523371679950666
1741508820.0,5.331911838122111,-0.415188909571412
1741508880.0,5.3320773083984845,-0.4151440927008149
1741508940.0,5.332242769982262,-0.41509926618966825
1741509000.0,5.332408222873444,-0.41505443003993037
1741509060.0,5.3325736670720145,-0.41500958425355766
1741509120.0,5.332739102577973,-0.41496472883250324
1741509180.0,5.332904529391284,-0.4149198637787271
1741509240.0,5.333069947511946,-0.41487498909418224
1741509300.0,5.333235356939945,-0.4148301047808252
1741509360.0,5.33340075767528,-0.4147852108406126
1741509420.0,5.3335661497179485,-0.4147403072755007
1741509480.0,5.333731533067918,-0.4146953940874427
1741509540.0,5.3338969077251885,-0.4146504712783986
1741509600.0,5.334062273689759,-0.4146055388503196
1741509660.0,5.33422763096163,-0.4145605968051658
1741509720.0,5.334392979540784,-0.4145156451448919
1741509780.0,5.334558319427238,-0.4144706838714509
1741509840.0,5.334723650620957,-0.41442571298680125
1741509900.0,5.33488897312196,-0.4143807324928975
1741509960.0,5.335054286930263,-0.4143357423916962
1741510020.0,5.3352195920458145,-0.41429074268515215
1741510080.0,5.335384888468666,-0.41424573337522014
1741510140.0,5.335550176198765,-0.4142007144638584
1741510200.0,5.335715455236166,-0.41415568595302177
1741510260.0,5.335880725580848,-0.4141106478446631
1741510320.0,5.336045987232796,-0.4140656001407427
1741510380.0,5.336211240192045,-0.41402054284320977
1741510440.0,5.336376484458595,-0.41397547595402623
1741510500.0,5.336541720032427,-0.4139303994751416
1741510560.0,5.336706946913576,-0.41388531340851586
1741510620.0,5.336872165102026,-0.41384021775610386
1741510680.0,5.337037374597813,-0.41379511251985673
1741510740.0,5.337202575400916,-0.41374999770173454
1741510800.0,5.337367767511355,-0.4137048733036904
1741510860.0,5.3375329509291465,-0.4136597393276807
1741510920.0,5.33769812565429,-0.41361459577566023
1741510980.0,5.337863291686823,-0.41356944264958384
1741511040.0,5.338028449026725,-0.4135242799514062
1741511100.0,5.338193597674014,-0.41347910768308394
1741511160.0,5.338358737628744,-0.41343392584657
1741511220.0,5.338523868890879,-0.4133887344438226
1741511280.0,5.3386889914604545,-0.4133435334767931
1741511340.0,5.338854105337504,-0.41329832294743973
1741511400.0,5.339019210522029,-0.41325310285771555
1741511460.0,5.339184307014046,-0.41320787320957525
1741511520.0,5.339349394813573,-0.4131626340049772
1741511580.0,5.339514473920644,-0.41311738524587077
1741511640.0,5.339679544335261,-0.41307212693421613
1741511700.0,5.33984460605744,-0.41302685907196446
1741511760.0,5.340009659087234,-0.4129815816610723
1741511820.0,5.340174703424658,-0.4129362947034944
1741511880.0,5.340339739069715,-0.4128909982011856
1741511940.0,5.340504766022439,-0.4128456921561006
1741512000.0,5.340669784282865,-0.4128003765701924
1741512060.0,5.340834793851011,-0.4127550514454159
1741512120.0,5.340999794726911,-0.4127097167837292
1741512180.0,5.341164786910564,-0.41266437258708366
1741512240.0,5.341329770402042,-0.41261901885743585
1741512300.0,5.341494745201343,-0.4125736555967369
1741512360.0,5.3416597113085205,-0.4125282828069452
1741512420.0,5.341824668723593,-0.41248290049001196
1741512480.0,5.341989617446593,-0.41243750864789364
1741512540.0,5.34215455747754,-0.4123921072825452
1741512600.0,5.342319488816486,-0.4123466963959195
1741512660.0,5.342484411463463,-0.41230127598997135
1741512720.0,5.342649325418493,-0.4122558460666555
1741512780.0,5.342814230681643,-0.412210406627925
1741512840.0,5.342979127252915,-0.41216495767573463
1741512900.0,5.343144015132341,-0.4121194992120392
1741512960.0,5.343308894319993,-0.4120740312387933
1741513020.0,5.343473764815887,-0.4120285537579502
1741513080.0,5.343638626620077,-0.41198306677146274
1741513140.0,5.343803479732597,-0.4119375702812875
1741513200.0,5.343968324153482,-0.41189206428937747
1741513260.0,5.344133159882769,-0.41184654879768573
1741513320.0,5.344297986920523,-0.41180102380816874
1741513380.0,5.344462805266765,-0.41175548932277783
1741513440.0,5.344627614921564,-0.411709945343466
1741513500.0,5.344792415884938,-0.41166439187219145
1741513560.0,5.344957208156956,-0.4116188289109038
1741513620.0,5.345121991737636,-0.4115732564615595
1741513680.0,5.345286766627065,-0.41152767452610994
1741513740.0,5.34545153282526,-0.4114820831065115
1741513800.0,5.345616290332291,-0.41143648220471557
1741513860.0,5.345781039148177,-0.4113908718226785
1741513920.0,5.345945779273002,-0.41134525196235
1741513980.0,5.346110510706805,-0.41129962262568653
1741514040.0,5.346275233449634,-0.41125398381464107
1741514100.0,5.346439947501546,-0.4112083355311667
1741514160.0,5.34660465286259,-0.4111626777772181
1741514220.0,5.346769349532837,-0.4111170105547466
1741514280.0,5.346934037512321,-0.41107133386570704
1741514340.0,5.3470987168011135,-0.4110256477120523
1741514400.0,5.347263387399248,-0.41097995209573557
1741514460.0,5.347428049306829,-0.4109342470187115
1741514520.0,5.347592702523857,-0.41088853248293133
1741514580.0,5.347757347050439,-0.41084280849034827
1741514640.0,5.347921982886606,-0.4107970750429187
1741514700.0,5.34808661003243,-0.41075133214259035
1741514760.0,5.348251228487981,-0.41070557979132155
1741514820.0,5.34841583825331,-0.41065981799106194
1741514880.0,5.34858043932847,-0.4106140467437661
1741514940.0,5.348745031713548,-0.41056826605138713
1741515000.0,5.348909615408598,-0.4105224759158764
1741515060.0,5.3490741904136705,-0.4104766763391885
1741515120.0,5.34923875672887,-0.4104308673232766
1741515180.0,5.349403314354234,-0.41038504887009014
1741515240.0,5.34956786328983,-0.4103392209815857
1741515300.0,5.349732403535728,-0.41029338365971635
1741515360.0,5.349896935092016,-0.41024753690642973
1741515420.0,5.350061457958745,-0.4102016807236842
1741515480.0,5.350225972135987,-0.41015581511342925
1741515540.0,5.350390477623827,-0.4101099400776179
1741515600.0,5.3505549744223355,-0.4100640556182033
1741515660.0,5.350719462531567,-0.41001816173713823
1741515720.0,5.350883941951606,-0.40997225843637247
1741515780.0,5.351048412682541,-0.40992634571786235
1741515840.0,5.351212874724441,-0.40988042358355753
1741515900.0,5.35137732807736,-0.409834492035411
1741515960.0,5.351541772741402,-0.4097885510753757
1741516020.0,5.351706208716634,-0.40974260070540475
1741516080.0,5.351870636003148,-0.4096966409274459
1741516140.0,5.352035054600993,-0.40965067174345743
1741516200.0,5.352199464510292,-0.40960469315538717
1741516260.0,5.352363865731081,-0.409558705165188
1741516320.0,5.352528258263482,-0.4095127077748131
1741516380.0,5.352692642107545,-0.40946670098621357
1741516440.0,5.352857017263378,-0.4094206848013426
1741516500.0,5.353021383731049,-0.4093746592221497
1741516560.0,5.3531857415106625,-0.4093286242505878
1741516620.0,5.353350090602271,-0.4092825798886117
1741516680.0,5.353514431005981,-0.4092365261381676
1741516740.0,5.353678762721894,-0.40919046300121176
1741516800.0,5.353843085750082,-0.40914439047969386
1741516860.0,5.354007400090633,-0.40909830857556695
1741516920.0,5.3541717057436315,-0.4090522172907805
1741516980.0,5.354336002709185,-0.40900611662728753
1741517040.0,5.354500290987379,-0.4089600065870393
1741517100.0,5.354664570578284,-0.4089138871719872
1741517160.0,5.354828841482022,-0.40886775838408235
1741517220.0,5.354993103698681,-0.40882162022527796
1741517280.0,5.355157357228347,-0.4087754726975234
1741517340.0,5.3553216020711085,-0.40872931580276994
1741517400.0,5.355485838227069,-0.40868314954297075
1741517460.0,5.3556500656963335,-0.4086369739200752
1741517520.0,5.355814284478991,-0.4085907889360347
1741517580.0,5.355978494575144,-0.4085445945928005
1741517640.0,5.35614269598488,-0.4084983908923238
1741517700.0,5.356306888708304,-0.40845217783655596
1741517760.0,5.3564710727455225,-0.40840595542744645
1741517820.0,5.356635248096638,-0.4083597236669484
1741517880.0,5.356799414761738,-0.40831348255701294
1741517940.0,5.356963572740947,-0.40826723209958804
1741518000.0,5.357127722034349,-0.40822097229662657
1741518060.0,5.35729186264205,-0.4081747031500798
1741518120.0,5.357455994564173,-0.4081284246618956
1741518180.0,5.3576201178008045,-0.4080821368340287
1741518240.0,5.357784232352066,-0.40803583966842694
1741518300.0,5.357948338218046,-0.40798953316704156
1741518360.0,5.358112435398866,-0.4079432173318221
1741518420.0,5.358276523894632,-0.40789689216471975
1741518480.0,5.358440603705446,-0.4078505576676859
1741518540.0,5.358604674831451,-0.40780421384267007
1741518600.0,5.358768737272697,-0.40775786069162356
1741518660.0,5.358932791029359,-0.4077114982164958
1741518720.0,5.359096836101524,-0.40766512641923636
1741518780.0,5.3592608724892985,-0.40761874530179665
1741518840.0,5.359424900192784,-0.407572354866126
1741518900.0,5.359588919212141,-0.40752595511417405
1741518960.0,5.359752929547437,-0.4074795460478921
1741519020.0,5.35991693119883,-0.40743312766922957
1741519080.0,5.3600809241664065,-0.40738669998013616
1741519140.0,5.360244908450292,-0.40734026298256304
1741519200.0,5.360408884050621,-0.407293816678458
1741519260.0,5.360572850967483,-0.40724736106977233
1741519320.0,5.360736809201018,-0.40720089615845556
1741519380.0,5.360900758751367,-0.40715442194645723
1741519440.0,5.361064699618597,-0.4071079384357269
1741519500.0,5.361228631802883,-0.4070614456282158
1741519560.0,5.361392555304332,-0.4070149435258682
1741519620.0,5.361556470123063,-0.40696843213064077
1741519680.0,5.361720376259184,-0.40692191144447765
1741519740.0,5.3618842737128505,-0.4068753814693301
1741519800.0,5.362048162484184,-0.40682884220714954
1741519860.0,5.362212042573307,-0.40678229365988194
1741519920.0,5.362375913980325,-0.4067357358294768
1741519980.0,5.362539776705412,-0.40668916871788546
1741520040.0,5.362703630748656,-0.40664259232705563
1741520100.0,5.362867476110212,-0.40659600665893686
1741520160.0,5.363031312790205,-0.4065494117154788
1741520220.0,5.363195140788773,-0.4065028074986291
1741520280.0,5.363358960106019,-0.40645619401033733
1741520340.0,5.363522770742122,-0.40640957125255134
1741520400.0,5.363686572697166,-0.40636293922722233
1741520460.0,5.3638503659713255,-0.4063162979362981
1741520520.0,5.364014150564724,-0.40626964738172644
1741520580.0,5.364177926477483,-0.4062229875654569
1741520640.0,5.36434169370976,-0.40617631848943725
1741520700.0,5.364505452261694,-0.4061296401556171
1741520760.0,5.364669202133408,-0.40608295256594407
1741520820.0,5.36483294332504,-0.4060362557223679
1741520880.0,5.36499667583675,-0.4059895496268345
1741520940.0,5.365160399668658,-0.40594283428129685
1741521000.0,5.36532411482092,-0.4058961096876976
1741521060.0,5.3654878212936605,-0.4058493758479898
1741521120.0,5.365651519087053,-0.40580263276411765
1741521180.0,5.365815208201202,-0.40575588043803423
1741521240.0,5.365978888636283,-0.40570911887168204
1741521300.0,5.3661425603924355,-0.4056623480670141
1741521360.0,5.366306223469798,-0.40561556802597315
1741521420.0,5.366469877868511,-0.40556877875051195
1741521480.0,5.366633523588748,-0.4055219802425767
1741521540.0,5.366797160630632,-0.40547517250411513
1741521600.0,5.366960788994322,-0.4054283555370733
1741521660.0,5.367124408679971,-0.40538152934340244
1741521720.0,5.367288019687723,-0.40533469392504873
1741521780.0,5.3674516220177315,-0.40528784928395806
1741521840.0,5.367615215670154,-0.40524099542207825
1741521900.0,5.367778800645151,-0.405194132341359
1741521960.0,5.36794237694284,-0.4051472600437478
1741522020.0,5.368105944563399,-0.40510037853118913
1741522080.0,5.368269503507,-0.40505348780563255
1741522140.0,5.368433053773767,-0.4050065878690257
1741522200.0,5.3685965953638926,-0.40495967872331484
1741522260.0,5.368760128277496,-0.40491276037044577
1741522320.0,5.368923652514755,-0.4048658328123682
1741522380.0,5.369087168075824,-0.4048188960510281
1741522440.0,5.369250674960862,-0.4047719500883715
1741522500.0,5.369414173170043,-0.40472499492634634
1741522560.0,5.369577662703507,-0.40467803056690016
1741522620.0,5.369741143561444,-0.40463105701197916
1741522680.0,5.369904615743978,-0.4045840742635293
1741522740.0,5.3700680792513005,-0.4045370823234985
1741522800.0,5.37023153408357,-0.4044900811938326
1741522860.0,5.37039498024094,-0.40444307087647957
1741522920.0,5.370558417723606,-0.40439605137338364
1741522980.0,5.370721846531689,-0.4043490226864926
1741523040.0,5.370885266665399,-0.4043019848177542
1741523100.0,5.371048678124873,-0.404254937769111
1741523160.0,5.371212080910306,-0.40420788154251264
1741523220.0,5.371375475021854,-0.404160816139905
1741523280.0,5.371538860459674,-0.4041137415632325
1741523340.0,5.371702237223959,-0.4040666578144446
1741523400.0,5.371865605314865,-0.4040195648954839
1741523460.0,5.372028964732566,-0.4039724628082964
1741523520.0,5.372192315477256,-0.4039253515548317
1741523580.0,5.372355657549089,-0.4038782311370323
1741523640.0,5.372518990948224,-0.40383110155684593
1741523700.0,5.372682315674871,-0.403783962816217
1741523760.0,5.372845631729187,-0.4037368149170915
1741523820.0,5.373008939111363,-0.4036896578614155
1741523880.0,5.373172237821539,-0.4036424916511349
1741523940.0,5.373335527859941,-0.40359531628819423
1741524000.0,5.373498809226727,-0.4035481317745394
1741524060.0,5.373662081922072,-0.4035009381121164
1741524120.0,5.373825345946169,-0.40345373530287143
1741524180.0,5.373988601299172,-0.40340652334874694
1741524240.0,5.374151847981292,-0.4033593022516907
1741524300.0,5.374315085992704,-0.4033120720136453
1741524360.0,5.374478315333599,-0.4032648326365585
1741524420.0,5.374641536004135,-0.40321758412237463
1741524480.0,5.374804748004521,-0.4031703264730397
1741524540.0,5.374967951334931,-0.4031230596904945
1741524600.0,5.375131145995558,-0.4030757837766887
1741524660.0,5.375294331986593,-0.40302849873356467
1741524720.0,5.375457509308212,-0.4029812045630668
1741524780.0,5.3756206779606055,-0.4029339012671412
1741524840.0,5.375783837943968,-0.40288658884773193
1741524900.0,5.375946989258487,-0.40283926730678354
1741524960.0,5.376110131904375,-0.40279193664624013
1741525020.0,5.376273265881772,-0.40274459686804626
1741525080.0,5.3764363911909205,-0.40269724797414763
1741525140.0,5.37659950783198,-0.40264988996648704
1741525200.0,5.376762615805173,-0.4026025228470087
1741525260.0,5.37692571511068,-0.4025551466176587
1741525320.0,5.377088805748689,-0.4025077612803778
1741525380.0,5.37725188771941,-0.4024603668371138
1741525440.0,5.3774149610230175,-0.4024129632898075
1741525500.0,5.37757802565974,-0.40236555064040314
1741525560.0,5.377741081629767,-0.40231812889084867
1741525620.0,5.377904128933276,-0.402270698043083
1741525680.0,5.378067167570473,-0.40222325809905224
1741525740.0,5.378230197541588,-0.40217580906069716
1741525800.0,5.378393218846794,-0.4021283509299673
1741525860.0,5.3785562314863,-0.4020808837088
1741525920.0,5.3787192354602995,-0.40203340739914306
1741525980.0,5.378882230769,-0.40198592200293726
1741526040.0,5.37904521741263,-0.4019384275221286
1741526100.0,5.379208195391364,-0.4018909239586562
1741526160.0,5.37937116470541,-0.4018434113144679
1741526220.0,5.379534125354996,-0.4017958895915043
1741526280.0,5.379697077340314,-0.40174835879170817
1741526340.0,5.379860020661556,-0.40170081891702375
1741526400.0,5.380022955318966,-0.40165326996939354
1741526460.0,5.380185881312736,-0.40160571195076006
1741526520.0,5.380348798643057,-0.40155814486306596
1741526580.0,5.380511707310177,-0.4015105687082556
1741526640.0,5.380674607314283,-0.40146298348826953
1741526700.0,5.380837498655589,-0.40141538920505226
1741526760.0,5.381000381334301,-0.4013677858605463
1741526820.0,5.381163255350665,-0.4013201734566924
1741526880.0,5.381326120704855,-0.4012725519954349
1741526940.0,5.381488977397098,-0.40122492147871464
1741527000.0,5.381651825427639,-0.4011772819084758
1741527060.0,5.381814664796652,-0.40112963328665757
1741527120.0,5.381977495504381,-0.4010819756152042
1741527180.0,5.382140317551036,-0.40103430889605823
1741527240.0,5.382303130936843,-0.40098663313116045
1741527300.0,5.382465935662013,-0.40093894832245347
1741527360.0,5.382628731726753,-0.40089125447187973
1741527420.0,5.3827915191313105,-0.4008435515813784
1741527480.0,5.382954297875892,-0.40079583965289556
1741527540.0,5.383117067960727,-0.4007481186883684
1741527600.0,5.383279829386023,-0.400700388689743
1741527660.0,5.383442582152025,-0.4006526496589567
1741527720.0,5.383605326258943,-0.40060490159795376
1741527780.0,5.383768061707021,-0.4005571445086751
1741527840.0,5.38393078849645,-0.40050937839306133
1741527900.0,5.384093506627491,-0.4004616032530534
1741527960.0,5.384256216100357,-0.40041381909059215
1741528020.0,5.384418916915273,-0.4003660259076235
1741528080.0,5.384581609072465,-0.40031822370608133
1741528140.0,5.384744292572196,-0.4002704124879117
1741528200.0,5.384906967414641,-0.4002225922550536
1741528260.0,5.385069633600077,-0.40017476300944793
1741528320.0,5.385232291128714,-0.4001269247530354
1741528380.0,5.385394940000783,-0.40007907748776045
1741528440.0,5.385557580216539,-0.4000312212155568
1741528500.0,5.3857202117761975,-0.39998335593836876
1741528560.0,5.385882834679981,-0.3999354816581388
1741528620.0,5.3860454489281535,-0.3998875983768044
1741528680.0,5.386208054520942,-0.3998397060963062
1741528740.0,5.386370651458573,-0.3997918048185852
1741528800.0,5.386533239741291,-0.39974389454558207
1741528860.0,5.386695819369322,-0.39969597527923584
1741528920.0,5.386858390342929,-0.39964804702148743
1741528980.0,5.387020952662337,-0.39960010977427757
1741529040.0,5.387183506327793,-0.39955216353954365
1741529100.0,5.387346051339523,-0.39950420831922806
1741529160.0,5.387508587697788,-0.39945624411527003
1741529220.0,5.387671115402815,-0.39940827092960857
1741529280.0,5.387833634454867,-0.3993602887641845
1741529340.0,5.387996144854151,-0.39931229762093506
1741529400.0,5.388158646600949,-0.39926429750180287
1741529460.0,5.388321139695503,-0.3992162884087252
1741529520.0,5.388483624138042,-0.39916827034364116
1741529580.0,5.388646099928827,-0.39912024330849155
1741529640.0,5.388808567068101,-0.39907220730521537
1741529700.0,5.388971025556093,-0.3990241623357518
1741529760.0,5.389133475393081,-0.39897610840203973
1741529820.0,5.389295916579309,-0.3989280455060166
1741529880.0,5.389458349115006,-0.3988799736496233
1741529940.0,5.389620773000448,-0.39883189283479864
1741530000.0,5.389783188235882,-0.3987838030634801
1741530060.0,5.389945594821553,-0.39873570433760674
1741530120.0,5.390107992757719,-0.3986875966591194
1741530180.0,5.390270382044645,-0.39863948002995175
1741530240.0,5.390432762682558,-0.39859135445204824
1741530300.0,5.3905951346717345,-0.39854321992734265
1741530360.0,5.39075749801242,-0.39849507645777743
1741530420.0,5.390919852704879,-0.3984469240452866
1741530480.0,5.391082198749371,-0.39839876269181085
1741530540.0,5.391244536146157,-0.39835059239928566
1741530600.0,5.391406864895465,-0.3983024131696538
1741530660.0,5.39156918499761,-0.3982542250048507
1741530720.0,5.3917314964528,-0.39820602790681187
1741530780.0,5.391893799261331,-0.3981578218774783
1741530840.0,5.39205609342345,-0.39810960691878716
1741530900.0,5.3922183789394165,-0.3980613830326758
1741530960.0,5.392380655809494,-0.3980131502210833
1741531020.0,5.39254292403396,-0.39796490848594346
1741531080.0,5.392705183613077,-0.39791665782919533
1741531140.0,5.392867434547091,-0.3978683982527798
1741531200.0,5.393029676836296,-0.39782012975862713
1741531260.0,5.393191910480938,-0.3977718523486816
1741531320.0,5.393354135481277,-0.39772356602487713
1741531380.0,5.393516351837612,-0.39767527078915094
1741531440.0,5.393678559550187,-0.39762696664343866
1741531500.0,5.39384075861928,-0.39757865358967925
1741531560.0,5.394002949045172,-0.3975303316298102
1741531620.0,5.394165130828106,-0.3974820007657669
1741531680.0,5.394327303968378,-0.39743366099948507
1741531740.0,5.3944894684662685,-0.39738531233290186
1741531800.0,5.394651624322022,-0.3973369547679548
1741531860.0,5.394813771535935,-0.397288588306581
1741531920.0,5.394975910108268,-0.3972402129507144
1741531980.0,5.395138040039303,-0.39719182870229225
1741532040.0,5.395300161329317,-0.39714343556325193
1741532100.0,5.395462273978572,-0.397095033535529
1741532160.0,5.395624377987382,-0.3970466226210573
1741532220.0,5.395786473355993,-0.3969982028217757
1741532280.0,5.395948560084682,-0.3969497741396201
1741532340.0,5.396110638173748,-0.39690133657652404
1741532400.0,5.396272707623468,-0.39685289013442504
1741532460.0,5.396434768434106,-0.3968044348152585
1741532520.0,5.396596820605975,-0.39675597062096013
1741532580.0,5.3967588641393185,-0.3967074975534637
1741532640.0,5.396920899034453,-0.39665901561470646
1741532700.0,5.397082925291655,-0.39661052480662407
1741532760.0,5.397244942911188,-0.39656202513115035
1741532820.0,5.397406951893348,-0.39651351659022255
1741532880.0,5.397568952238433,-0.39646499918577277
1741532940.0,5.39773094394672,-0.39641647291973664
1741533000.0,5.397892927018508,-0.39636793779405316
1741533060.0,5.398054901454057,-0.39631939381065273
1741533120.0,5.398216867253683,-0.3962708409714708
1741533180.0,5.398378824417682,-0.3962222792784448
1741533240.0,5.398540772946314,-0.39617370873350505
1741533300.0,5.398702712839878,-0.3961251293385905
1741533360.0,5.398864644098687,-0.3960765410956316
1741533420.0,5.399026566723002,-0.3960279440065657
1741533480.0,5.39918848071314,-0.3959793380733265
1741533540.0,5.399350386069396,-0.3959307232978479
1741533600.0,5.399512282792048,-0.3958820996820637
1741533660.0,5.399674170881412,-0.39583346722790774
1741533720.0,5.3998360503377505,-0.3957848259373156
1741533780.0,5.399997921161392,-0.39573617581221937
1741533840.0,5.400159783352618,-0.3956875168545527
1741533900.0,5.400321636911725,-0.3956388490662515
1741533960.0,5.400483481839027,-0.39559017244924755
1741534020.0,5.400645318134803,-0.39554148700547653
1741534080.0,5.400807145799368,-0.39549279273686877
1741534140.0,5.400968964833035,-0.39544408964535993
1741534200.0,5.401130775236066,-0.39539537773288186
1741534260.0,5.401292577008776,-0.3953466570013704
1741534320.0,5.401454370151495,-0.39529792745275566
1741534380.0,5.401616154664521,-0.3952491890889716
1741534440.0,5.401777930548116,-0.39520044191195375
1741534500.0,5.4019396978026295,-0.3951516859236307
1741534560.0,5.4021014564283565,-0.39510292112593803
1741534620.0,5.402263206425595,-0.3950541475208078
1741534680.0,5.402424947794659,-0.39500536511017387
1741534740.0,5.402586680535843,-0.3949565738959665
1741534800.0,5.402748404649464,-0.39490777388011955
1741534860.0,5.4029101201358545,-0.3948589650645669
1741534920.0,5.403071826995291,-0.3948101474512371
1741534980.0,5.403233525228088,-0.3947613210420657
1741535040.0,5.403395214834559,-0.3947124858389848
1741535100.0,5.403556895815038,-0.39466364184392466
1741535160.0,5.403718568169804,-0.3946147890588176
1741535220.0,5.403880231899205,-0.3945659274855954
1741535280.0,5.40404188700352,-0.394517057126192
1741535340.0,5.404203533483081,-0.39446817798253603
1741535400.0,5.404365171338203,-0.39441929005656134
1741535460.0,5.404526800569215,-0.3943703933501999
1741535520.0,5.4046884211764,-0.3943214878653804
1741535580.0,5.404850033160105,-0.39427257360403656
1741535640.0,5.405011636520643,-0.3942236505680988
1741535700.0,5.405173231258329,-0.39417471875949917
1741535760.0,5.405334817373463,-0.3941257781801681
1741535820.0,5.4054963948664065,-0.3940768288320375
1741535880.0,5.405657963737442,-0.39402787071703776
1741535940.0,5.405819523986917,-0.39397890383709927
1741536000.0,5.405981075615128,-0.3939299281941523
1741536060.0,5.406142618622426,-0.39388094379012895
1741536120.0,5.406304153009105,-0.3938319506269596
1741536180.0,5.406465678775517,-0.39378294870657454
1741536240.0,5.406627195921975,-0.39373393803090584
1741536300.0,5.406788704448809,-0.39368491860188043
1741536360.0,5.406950204356353,-0.39363589042143027
1741536420.0,5.407111695644902,-0.3935868534914857
1741536480.0,5.407273178314806,-0.3935378078139789
1741536540.0,5.407434652366397,-0.3934887533908349
1741536600.0,5.407596117800004,-0.3934396902239893
1741536660.0,5.407757574615945,-0.39339061831536715
1741536720.0,5.407919022814567,-0.3933415376669006
1741536780.0,5.408080462396183,-0.39329244828051985
1741536840.0,5.408241893361127,-0.3932433501581519
1741536900.0,5.408403315709747,-0.39319424330172886
1741536960.0,5.4085647294423564,-0.3931451277131791
1741537020.0,5.408726134559306,-0.3930960033944331
1741537080.0,5.408887531060926,-0.3930468703474177
1741537140.0,5.409048918947548,-0.392997728574065
1741537200.0,5.409210298219522,-0.3929485780763
1741537260.0,5.409371668877144,-0.3928994188560566
1741537320.0,5.409533030920798,-0.39285025091525994
1741537380.0,5.409694384350799,-0.3928010742558385
1741537440.0,5.409855729167496,-0.3927518888797227
1741537500.0,5.4100170653712185,-0.39270269478884284
1741537560.0,5.4101783929623,-0.392653491985124
1741537620.0,5.410339711941107,-0.3926042804704983
1741537680.0,5.410501022307954,-0.392555060246889
1741537740.0,5.410662324063206,-0.39250583131622835
1741537800.0,5.410823617207194,-0.3924565936804447
1741537860.0,5.410984901740254,-0.39240734734146343
1741537920.0,5.41114617766273,-0.39235809230121294
1741537980.0,5.411307444974992,-0.3923088285616236
1741538040.0,5.411468703677353,-0.39225955612462055
1741538100.0,5.411629953770178,-0.3922102749921341
1741538160.0,5.4117911952538185,-0.39216098516608927
1741538220.0,5.411952428128604,-0.39211168664841484
1741538280.0,5.412113652394903,-0.39206237944103917
1741538340.0,5.4122748680530455,-0.3920130635458875
1741538400.0,5.412436075103399,-0.3919637389648866
1741538460.0,5.412597273546294,-0.39191440569996694
1741538520.0,5.412758463382099,-0.39186506375305347
1741538580.0,5.412919644611144,-0.3918157131260749
1741538640.0,5.413080817233813,-0.3917663538209544
1741538700.0,5.4132419812504375,-0.3917169858396225
1741538760.0,5.413403136661368,-0.39166760918400245
1741538820.0,5.41356428346697,-0.39161822385602457
1741538880.0,5.413725421667593,-0.39156882985761404
1741538940.0,5.413886551263585,-0.3915194271906959
1741539000.0,5.414047672255331,-0.391470015857197
1741539060.0,5.414208784643145,-0.391420595859046
1741539120.0,5.414369888427427,-0.3913711671981661
1741539180.0,5.414530983608511,-0.3913217298764843
1741539240.0,5.414692070186762,-0.3912722838959273
1741539300.0,5.414853148162529,-0.39122282925842033
1741539360.0,5.415014217536198,-0.39117336596588836
1741539420.0,5.415175278308099,-0.3911238940202584
1741539480.0,5.415336330478615,-0.39107441342345534
1741539540.0,5.415497374048114,-0.3910249241774045
1741539600.0,5.415658409016944,-0.3909754262840308
1741539660.0,5.4158194353854725,-0.3909259197452629
1741539720.0,5.415980453154048,-0.3908764045630207
1741539780.0,5.416141462323055,-0.3908268807392345
1741539840.0,5.416302462892877,-0.3907773482758259
1741539900.0,5.416463454863845,-0.3907278071747217
1741539960.0,5.416624438236345,-0.39067825743784534
1741540020.0,5.416785413010723,-0.3906286990671236
1741540080.0,5.416946379187385,-0.3905791320644781
1741540140.0,5.417107336766675,-0.3905295564318357
1741540200.0,5.417268285748962,-0.3904799721711198
1741540260.0,5.41742922613463,-0.39043037928425534
1741540320.0,5.417590157924029,-0.3903807777731659
1741540380.0,5.417751081117558,-0.39033116763977815
1741540440.0,5.417911995715568,-0.39028154888601196
1741540500.0,5.418072901718442,-0.39023192151379427
1741540560.0,5.418233799126564,-0.3901822855250483
1741540620.0,5.418394687940284,-0.3901326409216993
1741540680.0,5.418555568159985,-0.390082987705667
1741540740.0,5.418716439786051,-0.3900333258788801
1741540800.0,5.418877302818848,-0.38998365544325664
1741540860.0,5.41903815725878,-0.3899339764007253
1741540920.0,5.4191990031061765,-0.3898842887532075
1741540980.0,5.419359840361473,-0.38983459250262503
1741541040.0,5.419520669025004,-0.3897848876509012
1741541100.0,5.419681489097168,-0.38973517419995934
1741541160.0,5.419842300578333,-0.3896854521517245
1741541220.0,5.4200031034689005,-0.3896357215081184
1741541280.0,5.4201638977692355,-0.38958598227106084
1741541340.0,5.420324683479741,-0.38953623444247865
1741541400.0,5.420485460600767,-0.3894864780242934
1741541460.0,5.42064622913273,-0.3894367130184251
1741541520.0,5.420806989075997,-0.3893869394267987
1741541580.0,5.420967740430953,-0.3893371572513341
1741541640.0,5.4211284831979825,-0.3892873664939582
1741541700.0,5.421289217377485,-0.3892375671565873
1741541760.0,5.421449942969845,-0.38918775924114657
1741541820.0,5.42161065997543,-0.3891379427495575
1741541880.0,5.4217713683946585,-0.38908811768374013
1741541940.0,5.421932068227914,-0.38903828404561763
1741542000.0,5.4220927594755635,-0.38898844183711173
1741542060.0,5.422253442138008,-0.38893859106014567
1741542120.0,5.422414116215632,-0.388888731716636
1741542180.0,5.422574781708854,-0.3888388638085094
1741542240.0,5.42273543861804,-0.3887889873376823
1741542300.0,5.4228960869435925,-0.38873910230607983
1741542360.0,5.423056726685913,-0.38868920871562
1741542420.0,5.423217357845385,-0.38863930656822454
1741542480.0,5.423377980422408,-0.388589395865815
1741542540.0,5.423538594417386,-0.3885394766103113
1741542600.0,5.423699199830686,-0.3884895488036349
1741542660.0,5.423859796662742,-0.3884396124477041
1741542720.0,5.424020384913923,-0.3883896675444421
1741542780.0,5.424180964584645,-0.3883397140957671
1741542840.0,5.4243415356752935,-0.3882897521036007
1741542900.0,5.424502098186288,-0.3882397815698628
1741542960.0,5.424662652118012,-0.38818980249647317
1741543020.0,5.424823197470866,-0.38813981488535
1741543080.0,5.424983734245271,-0.3880898187384165
1741543140.0,5.425144262441608,-0.3880398140575893
1741543200.0,5.425304782060281,-0.38798980084478984
1741543260.0,5.425465293101707,-0.3879397791019363
1741543320.0,5.425625795566289,-0.38788974883094834
1741543380.0,5.425786289454411,-0.3878397100337479
1741543440.0,5.425946774766508,-0.38778966271224935
1741543500.0,5.426107251502965,-0.38773960686837616
1741543560.0,5.4262677196642,-0.3876895425040429
1741543620.0,5.426428179250615,-0.387639469621173
1741543680.0,5.426588630262629,-0.3875893882216827
1741543740.0,5.426749072700643,-0.38753929830749023
1741543800.0,5.4269095065650585,-0.3874891998805172
1741543860.0,5.427069931856295,-0.3874390929426782
1741543920.0,5.427230348574754,-0.38738897749589485
1741543980.0,5.42739075672087,-0.38733885354208347
1741544040.0,5.427551156295029,-0.387288721083164
1741544100.0,5.427711547297649,-0.387238580121051
1741544160.0,5.427871929729149,-0.38718843065766606
1741544220.0,5.428032303589966,-0.3871382726949257
1741544280.0,5.428192668880465,-0.3870881062347479
1741544340.0,5.428353025601101,-0.38703793127905073
1741544400.0,5.428513373752275,-0.38698774782974904
1741544460.0,5.428673713334406,-0.38693755588876416
1741544520.0,5.42883404434793,-0.3868873554580092
1741544580.0,5.428994366793215,-0.3868371465394074
1741544640.0,5.42915468067073,-0.38678692913486984
1741544700.0,5.429314985980877,-0.38673670324631654
1741544760.0,5.429475282724059,-0.3866864688756655
1741544820.0,5.429635570900729,-0.3866362260248296
1741544880.0,5.4297958505112875,-0.3865859746957306
1741544940.0,5.429956121556171,-0.38653571489028116
1741545000.0,5.430116384035781,-0.3864854466103978
1741545060.0,5.430276637950556,-0.38643516985800025
1741545120.0,5.430436883300894,-0.3863848846350033
1741545180.0,5.43059712008727,-0.3863345909433215
1741545240.0,5.430757348310063,-0.386284288784873
1741545300.0,5.430917567969732,-0.3862339781615723
1741545360.0,5.431077779066674,-0.3861836590753359
1741545420.0,5.4312379816013285,-0.38613333152808016
1741545480.0,5.431398175574131,-0.38608299552172143
1741545540.0,5.431558360985517,-0.38603265105817086
1741545600.0,5.431718537835871,-0.3859822981393517
1741545660.0,5.431878706125683,-0.38593193676717175
1741545720.0,5.432038865855334,-0.3858815669435508
1741545780.0,5.432199017025298,-0.38583118867040167
1741545840.0,5.432359159635975,-0.3857808019496409
1741545900.0,5.432519293687802,-0.3857304067831829
1741545960.0,5.432679419181215,-0.3856800031729425
1741546020.0,5.432839536116649,-0.3856295911208341
1741546080.0,5.432999644494544,-0.38557917062877256
1741546140.0,5.433159744315333,-0.3855287416986724
1741546200.0,5.433319835579435,-0.38547830433245
1741546260.0,5.433479918287305,-0.3854278585320165
1741546320.0,5.433639992439379,-0.38537740429928646
1741546380.0,5.433800058036077,-0.38532694163617637
1741546440.0,5.433960115077852,-0.38527647054459896
1741546500.0,5.434120163565155,-0.3852259910264673
1741546560.0,5.434280203498392,-0.3851755030836959
1741546620.0,5.434440234878031,-0.38512500671819944
1741546680.0,5.434600257704511,-0.38507450193188897
1741546740.0,5.434760271978265,-0.38502398872668087
1741546800.0,5.434920277699715,-0.3849734671044863
1741546860.0,5.43508027486933,-0.38492293706722003
1741546920.0,5.435240263487565,-0.38487239861679473
1741546980.0,5.435400243554838,-0.3848218517551199
1741547040.0,5.435560215071605,-0.38477129648411534
1741547100.0,5.4357201780382995,-0.38472073280568875
1741547160.0,5.4358801324553765,-0.3846701607217548
1741547220.0,5.43604007832329,-0.3846195802342262
1741547280.0,5.436200015642477,-0.38456899134501255
1741547340.0,5.436359944413389,-0.3845183940560318
1741547400.0,5.436519864636464,-0.38446778836918993
1741547460.0,5.436679776312156,-0.384417174286405
1741547520.0,5.4368396794409355,-0.384366551809583
1741547580.0,5.436999574023221,-0.384315920940642
1741547640.0,5.437159460059485,-0.3842652816814896
1741547700.0,5.437319337550181,-0.38421463403403877
1741547760.0,5.437479206495745,-0.3841639780002023
1741547820.0,5.4376390668966295,-0.38411331358188966
1741547880.0,5.437798918753308,-0.3840626407810137
1741547940.0,5.4379587620662155,-0.38401195959948553
1741548000.0,5.438118596835807,-0.3839612700392164
1741548060.0,5.438278423062552,-0.3839105721021172
1741548120.0,5.438438240746888,-0.3838598657900975
1741548180.0,5.438598049889303,-0.38380915110507025
1741548240.0,5.438757850490217,-0.38375842804894467
1741548300.0,5.438917642550117,-0.38370769662363197
1741548360.0,5.43907742606944,-0.38365695683104334
1741548420.0,5.439237201048659,-0.3836062086730898
1741548480.0,5.439396967488244,-0.3835554521516773
1741548540.0,5.439556725388613,-0.3835046872687223
1741548600.0,5.439716474750272,-0.38345391402613227
1741548660.0,5.439876215573658,-0.38340313242581503
1741548720.0,5.4400359478592435,-0.3833523424696833
1741548780.0,5.440195671607498,-0.38330154415964485
1741548840.0,5.440355386818858,-0.3832507374976108
1741548900.0,5.440515093493813,-0.38319992248548873
1741548960.0,5.440674791632834,-0.3831490991251916
1741549020.0,5.440834481236358,-0.38309826741862524
1741549080.0,5.440994162304872,-0.38304742736769903
1741549140.0,5.441153834838831,-0.3829965789743242
1741549200.0,5.441313498838722,-0.38294572224041
1741549260.0,5.441473154304985,-0.38289485716786253
1741549320.0,5.441632801238123,-0.3828439837585928
1741549380.0,5.441792439638573,-0.3827931020145084
1741549440.0,5.441952069506805,-0.38274221193751873
1741549500.0,5.442111690843329,-0.3826913135295299
1741549560.0,5.442271303648578,-0.38264040679245276
1741549620.0,5.442430907923024,-0.3825894917281951
1741549680.0,5.442590503667155,-0.38253856833866456
1741549740.0,5.442750090881445,-0.38248763662576707
1741549800.0,5.442909669566362,-0.38243669659141544
1741549860.0,5.443069239722377,-0.3823857482375121
1741549920.0,5.443228801349983,-0.38233479156596994
1741549980.0,5.44338835444963,-0.38228382657868965
1741550040.0,5.443547899021807,-0.38223285327758577
1741550100.0,5.443707435066987,-0.3821818716645608
1741550160.0,5.443866962585658,-0.38213088174152415
1741550220.0,5.444026481578272,-0.3820798835103815
1741550280.0,5.4441859920453375,-0.3820288769730426
1741550340.0,5.444345493987324,-0.3819778621314096
1741550400.0,5.444504987404704,-0.38192683898739366
1741550460.0,5.444664472297983,-0.38187580754289724
1741550520.0,5.444823948667599,-0.3818247677998315
1741550580.0,5.444983416514074,-0.38177371976010055
1741550640.0,5.44514287583786,-0.3817226634256103
1741550700.0,5.445302326639448,-0.3816715987982666
1741550760.0,5.445461768919344,-0.38162052587997547
1741550820.0,5.44562120267802,-0.3815694446726445
1741550880.0,5.445780627915945,-0.3815183551781777
1741550940.0,5.445940044633627,-0.38146725739848125
1741551000.0,5.446099452831537,-0.3814161513354608
1741551060.0,5.446258852510162,-0.38136503699102237
1741551120.0,5.446418243669994,-0.3813139143670718
1741551180.0,5.4465776263115355,-0.38126278346551334
1741551240.0,5.446737000435243,-0.38121164428825105
1741551300.0,5.446896366041637,-0.3811604968371909
1741551360.0,5.447055723131193,-0.3811093411142387
1741551420.0,5.447215071704396,-0.3810581771212987
1741551480.0,5.447374411761754,-0.381007004860275
1741551540.0,5.4475337433037385,-0.38095582433307174
1741551600.0,5.447693066330855,-0.38090463554159487
1741551660.0,5.447852380843609,-0.38085343848774855
1741551720.0,5.448011686842455,-0.3808022331734351
1741551780.0,5.448170984327934,-0.3807510196005605
1741551840.0,5.4483302733005,-0.3806997977710272
1741551900.0,5.448489553760677,-0.3806485676867392
1741551960.0,5.448648825708951,-0.3805973293496025
1741552020.0,5.448808089145815,-0.38054608276151775
1741552080.0,5.448967344071771,-0.3804948279243909
1741552140.0,5.449126590487311,-0.3804435648401243
1741552200.0,5.449285828392939,-0.38039229351062037
1741552260.0,5.449445057789163,-0.38034101393778325
1741552320.0,5.449604278676469,-0.38028972612351536
1741552380.0,5.449763491055365,-0.38023843006972086
1741552440.0,5.4499226949263395,-0.38018712577830044
1741552500.0,5.450081890289917,-0.3801358132511582
1741552560.0,5.450241077146584,-0.3800844924901966
1741552620.0,5.450400255496831,-0.380033163497318
1741552680.0,5.450559425341199,-0.3799818262744231
1741552740.0,5.450718586680157,-0.37993048082341785
1741552800.0,5.450877739514231,-0.37987912714620103
1741552860.0,5.45103688384391,-0.37982776524467515
1741552920.0,5.451196019669698,-0.3797763951207443
1741552980.0,5.45135514699212,-0.3797250167763075
1741553040.0,5.451514265811682,-0.37967363021326705
1741553100.0,5.45167337612889,-0.3796222354335237
1741553160.0,5.451832477944233,-0.37957083243898154
1741553220.0,5.451991571258233,-0.3795194212315395
1741553280.0,5.452150656071416,-0.3794680018131
1741553340.0,5.452309732384269,-0.37941657418556196
1741553400.0,5.452468800197318,-0.3793651383508278
1741553460.0,5.452627859511048,-0.37931369431079814
1741553520.0,5.452786910326002,-0.37926224206737547
1741553580.0,5.452945952642686,-0.37921078162245686
1741553640.0,5.453104986461607,-0.37915931297794486
1741553700.0,5.45326401178327,-0.37910783613573995
1741553760.0,5.453423028608216,-0.37905635109774116
1741553820.0,5.453582036936935,-0.3790048578658492
1741553880.0,5.45374103676995,-0.3789533564419629
1741553940.0,5.453900028107783,-0.37890184682798295
1741554000.0,5.4540590109509415,-0.37885032902580995
1741554060.0,5.454217985299968,-0.378798803037343
1741554120.0,5.454376951155348,-0.3787472688644808
1741554180.0,5.454535908517608,-0.37869572650912237
1741554240.0,5.454694857387286,-0.3786441759731684
1741554300.0,5.454853797764892,-0.3785926172585178
1741554360.0,5.455012729650929,-0.3785410503670677
1741554420.0,5.45517165304594,-0.37848947530071875
1741554480.0,5.455330567950447,-0.3784378920613699
1741554540.0,5.455489474364958,-0.37838630065091844
1741554600.0,5.455648372290012,-0.3783347010712631
1741554660.0,5.455807261726116,-0.3782830933243029
1741554720.0,5.455966142673812,-0.3782314774119349
1741554780.0,5.456125015133606,-0.3781798533360582
1741554840.0,5.456283879106037,-0.3781282210985716
1741554900.0,5.45644273459163,-0.3780765807013723
1741554960.0,5.456601581590909,-0.3780249321463574
1741555020.0,5.456760420104397,-0.37797327543542425
1741555080.0,5.456919250132636,-0.3779216105704716
1741555140.0,5.457078071676148,-0.37786993755339665
1741555200.0,5.45723688473544,-0.3778182563860966
1741555260.0,5.45739568931107,-0.37776656707046696
1741555320.0,5.457554485403564,-0.37771486960840656
1741555380.0,5.457713273013442,-0.37766316400181255
1741555440.0,5.457872052141247,-0.37761145025258214
1741555500.0,5.458030822787502,-0.377559728362609
1741555560.0,5.458189584952749,-0.3775079983337921
1741555620.0,5.458348338637511,-0.3774562601680268
1741555680.0,5.458507083842329,-0.3774045138672103
1741555740.0,5.458665820567726,-0.377352759433238
1741555800.0,5.458824548814244,-0.37730099686800717
1741555860.0,5.4589832685824415,-0.37724922617341305
1741555920.0,5.4591419798728245,-0.3771974473513495
1741555980.0,5.4593006826859325,-0.3771456604037154
1741556040.0,5.459459377022326,-0.3770938653324044
1741556100.0,5.4596180628825115,-0.37704206213931196
1741556160.0,5.459776740267063,-0.37699025082633514
1741556220.0,5.459935409176488,-0.37693843139536776
1741556280.0,5.460094069611345,-0.37688660384830347
1741556340.0,5.460252721572157,-0.3768347681870377
1741556400.0,5.460411365059483,-0.37678292441346756
1741556460.0,5.460570000073863,-0.3767310725294868
1741556520.0,5.460728626615841,-0.37667921253698905
1741556580.0,5.460887244685935,-0.3766273444378698
1741556640.0,5.461045854284727,-0.37657546823402094
1741556700.0,5.461204455412736,-0.37652358392733964
1741556760.0,5.461363048070507,-0.37647169151971965
1741556820.0,5.461521632258596,-0.37641979101305284
1741556880.0,5.461680207977544,-0.37636788240923463
1741556940.0,5.461838775227894,-0.3763159657101587
1741557000.0,5.461997334010202,-0.37626404091771526
1741557060.0,5.462155884324994,-0.376212108033805
1741557120.0,5.462314426172843,-0.37616016706031463
1741557180.0,5.462472959554293,-0.3761082179991395
1741557240.0,5.462631484469901,-0.3760562608521717
1741557300.0,5.46279000092019,-0.37600429562130644
1741557360.0,5.462948508905721,-0.37595232230843584
1741557420.0,5.463107008427067,-0.3759003409154517
1741557480.0,5.463265499484753,-0.3758483514442461
1741557540.0,5.463423982079356,-0.3757963538967126
1741557600.0,5.463582456211398,-0.3757443482747432
1741557660.0,5.463740921881455,-0.3756923345802298
1741557720.0,5.463899379090086,-0.3756403128150661
1741557780.0,5.464057827837833,-0.37558828298114055
1741557840.0,5.464216268125253,-0.37553624508034866
1741557900.0,5.464374699952887,-0.37548419911457864
1741557960.0,5.4645331233213295,-0.3754321450857244
1741558020.0,5.464691538231104,-0.3753800829956761
1741558080.0,5.464849944682785,-0.37532801284632733
1741558140.0,5.465008342676933,-0.37527593463956654
1741558200.0,5.4651667322140876,-0.3752238483772858
1741558260.0,5.465325113294826,-0.375171754061377
1741558320.0,5.465483485919705,-0.3751196516937284
1741558380.0,5.465641850089284,-0.37506754127623215
1741558440.0,5.465800205804123,-0.3750154228107801
1741558500.0,5.465958553064795,-0.37496329629926073
1741558560.0,5.466116891871844,-0.3749111617435642
1741558620.0,5.4662752222258435,-0.3748590191455825
1741558680.0,5.466433544127353,-0.37480686850720224
1741558740.0,5.4665918575769314,-0.3747547098303172
1741558800.0,5.466750162575172,-0.3747025431168158
1741558860.0,5.466908459122598,-0.37465036836858645
1741558920.0,5.4670667472198025,-0.37459818558751934
1741558980.0,5.467225026867346,-0.37454599477550465
1741559040.0,5.467383298065819,-0.37449379593443094
1741559100.0,5.4675415608157465,-0.3744415890661865
1741559160.0,5.467699815117723,-0.3743893741726617
1741559220.0,5.467858060972305,-0.37433715125574474
1741559280.0,5.4680162983800695,-0.3742849203173243
1741559340.0,5.468174527341592,-0.3742326813592887
1741559400.0,5.468332747857432,-0.37418043438352644
1741559460.0,5.468490959928164,-0.3741281793919277
1741559520.0,5.468649163554366,-0.37407591638637744
1741559580.0,5.468807358736612,-0.37402364536876587
1741559640.0,5.468965545475461,-0.37397136634098127
1741559700.0,5.46912372377149,-0.3739190793049106
1741559760.0,5.469281893625291,-0.37386678426244213
1741559820.0,5.469440055037423,-0.3738144812154609
1741559880.0,5.469598208008462,-0.373762170165857
1741559940.0,5.469756352538984,-0.3737098511155191
1741560000.0,5.4699144886295645,-0.37365752406633007
1741560060.0,5.470072616280798,-0.37360518902018036
1741560120.0,5.470230735493225,-0.3735528459789549
1741560180.0,5.470388846267475,-0.37350049494454207
1741560240.0,5.470546948604086,-0.3734481359188268
1741560300.0,5.470705042503636,-0.3733957689036959
1741560360.0,5.470863127966736,-0.3733433939010377
1741560420.0,5.471021204993962,-0.37329101091273725
1741560480.0,5.4711792735858715,-0.3732386199406794
1741560540.0,5.471337333743041,-0.37318622098675097
1741560600.0,5.4714953854661,-0.37313381405284035
1741560660.0,5.47165342875557,-0.37308139914082905
1741560720.0,5.471811463612098,-0.37302897625260534
1741560780.0,5.471969490036224,-0.3729765453900527
1741560840.0,5.4721275080285245,-0.37292410655505764
1741560900.0,5.472285517589629,-0.3728716597495069
1741560960.0,5.472443518720096,-0.3728192049752837
1741561020.0,5.472601511420517,-0.37276674223427303
1741561080.0,5.472759495691469,-0.37271427152835984
1741561140.0,5.472917471533562,-0.37266179285942724
1741561200.0,5.473075438947357,-0.3726093062293638
1741561260.0,5.473233397933445,-0.37255681164005094
1741561320.0,5.473391348492455,-0.3725043090933736
1741561380.0,5.473549290624927,-0.372451798591215
1741561440.0,5.473707224331474,-0.37239928013546186
1741561500.0,5.473865149612689,-0.3723467537279939
1741561560.0,5.474023066469164,-0.37229421937069773
1741561620.0,5.4741809749014765,-0.3722416770654567
1741561680.0,5.474338874910253,-0.3721891268141557
1741561740.0,5.4744967664960535,-0.3721365686186727
1741561800.0,5.47465464965947,-0.37208400248089785
1741561860.0,5.474812524401116,-0.3720314284027075
1741561920.0,5.474970390721584,-0.3719788463859917
1741561980.0,5.4751282486214645,-0.3719262564326268
1741562040.0,5.475286098101353,-0.37187365854449944
1741562100.0,5.4754439391618455,-0.37182105272349103
1741562160.0,5.475601771803548,-0.37176843897148315
1741562220.0,5.47575959602704,-0.3717158172903589
1741562280.0,5.475917411832948,-0.3716631876819999
1741562340.0,5.476075219221849,-0.3716105501482892
1741562400.0,5.476233018194353,-0.3715579046911066
1741562460.0,5.476390808751055,-0.371505251312337
1741562520.0,5.476548590892546,-0.3714525900138603
1741562580.0,5.476706364619439,-0.3713999207975559
1741562640.0,5.476864129932343,-0.37134724366530897
1741562700.0,5.477021886831853,-0.37129455861899746
1741562760.0,5.4771796353185795,-0.37124186566050466
1741562820.0,5.477337375393116,-0.3711891647917101
1741562880.0,5.477495107056056,-0.37113645601449535
1741562940.0,5.477652830308026,-0.3710837393307419
1741563000.0,5.477810545149622,-0.37103101474232764
1741563060.0,5.477968251581453,-0.3709782822511358
1741563120.0,5.478125949604113,-0.37092554185904447
1741563180.0,5.478283639218231,-0.370872793567935
1741563240.0,5.4784413204244,-0.3708200373796871
1741563300.0,5.478598993223231,-0.37076727329617887
1741563360.0,5.478756657615333,-0.3707145013192934
1741563420.0,5.478914313601303,-0.3706617214509087
1741563480.0,5.479071961181784,-0.3706089336929027
1741563540.0,5.479229600357352,-0.3705561380471569
1741563600.0,5.479387231128637,-0.37050333451554934
1741563660.0,5.47954485349623,-0.3704505230999579
1741563720.0,5.47970246746078,-0.3703977038022659
1741563780.0,5.47986007302286,-0.3703448766243477
1741563840.0,5.480017670183118,-0.3702920415680813
1741563900.0,5.480175258942145,-0.3702391986353482
1741563960.0,5.480332839300554,-0.3701863478280264
1741564020.0,5.480490411258974,-0.37013348914799205
1741564080.0,5.480647974818012,-0.37008062259712493
1741564140.0,5.480805529978284,-0.370027748177303
1741564200.0,5.480963076740413,-0.3699748658904042
1741564260.0,5.481120615105013,-0.3699219757383048
1741564320.0,5.481278145072696,-0.3698690777228846
1741564380.0,5.481435666644087,-0.36981617184601784
1741564440.0,5.481593179819799,-0.3697632581095827
1741564500.0,5.48175068460046,-0.36971033651545887
1741564560.0,5.4819081809866805,-0.3696574070655208
1741564620.0,5.4820656689790885,-0.3696044697616465
1741564680.0,5.482223148578314,-0.3695515246057104
1741564740.0,5.482380619784948,-0.36949857159959226
1741564800.0,5.482538082599656,-0.3694456107451666
1741564860.0,5.482695537023012,-0.3693926420443095
1741564920.0,5.482852983055682,-0.3693396654988991
1741564980.0,5.483010420698274,-0.36928668111080803
1741565040.0,5.483167849951399,-0.3692336888819161
1741565100.0,5.483325270815705,-0.36918068881409594
1741565160.0,5.4834826832918,-0.36912768090922565
1741565220.0,5.483640087380315,-0.36907466516917786
1741565280.0,5.483797483081877,-0.3690216415958289
1741565340.0,5.483954870397115,-0.36896861019105665
1741565400.0,5.484112249326673,-0.3689155709567304
1741565460.0,5.484269619871146,-0.36886252389473156
1741565520.0,5.484426982031181,-0.36880946900693123
1741565580.0,5.48458433580742,-0.36875640629520384
1741565640.0,5.484741681200478,-0.36870333576142383
1741565700.0,5.484899018210962,-0.36865025740746926
1741565760.0,5.485056346839556,-0.3685971712352075
1741565820.0,5.485213667086852,-0.36854407724651844
1741565880.0,5.4853709789535126,-0.36849097544327475
1741565940.0,5.485528282440132,-0.36843786582734905
1741566000.0,5.4856855775473745,-0.3683847484006143
1741566060.0,5.485842864275866,-0.3683316231649465
1741566120.0,5.486000142626236,-0.3682784901222168
1741566180.0,5.486157412599131,-0.3682253492742997
1741566240.0,5.486314674195178,-0.36817220062306777
1741566300.0,5.486471927415007,-0.36811904417039387
1741566360.0,5.486629172259262,-0.36806587991815076
1741566420.0,5.486786408728571,-0.3680127078682111
1741566480.0,5.486943636823599,-0.36795952802244775
1741566540.0,5.4871008565449575,-0.3679063403827315
1741566600.0,5.487258067893289,-0.3678531449509388
1741566660.0,5.48741527086926,-0.367799941728937
1741566720.0,5.487572465473462,-0.36774673071860065
1741566780.0,5.487729651706576,-0.3676935119218007
1741566840.0,5.48788682956923,-0.3676402853404082
1741566900.0,5.4880439990620715,-0.3675870509762976
1741566960.0,5.488201160185727,-0.3675338088313364
1741567020.0,5.488358312940843,-0.3674805589073974
1741567080.0,5.4885154573280825,-0.3674273012063515
1741567140.0,5.488672593348074,-0.36737403573007144
1741567200.0,5.488829721001464,-0.3673207624804248
1741567260.0,5.488986840288896,-0.367267481459286
1741567320.0,5.489143951211018,-0.36721419266852257
1741567380.0,5.489301053768475,-0.36716089611000724
1741567440.0,5.489458147961913,-0.36710759178560753
1741567500.0,5.4896152337919775,-0.36705427969719445
1741567560.0,5.4897723112593315,-0.3670009598466389
1741567620.0,5.489929380364604,-0.36694763223581195
1741567680.0,5.49008644110844,-0.3668942968665811
1741567740.0,5.490243493491521,-0.36684095374081555
1741567800.0,5.490400537514475,-0.36678760286038464
1741567860.0,5.490557573177929,-0.366734244227161
1741567920.0,5.490714600482584,-0.36668087784301046
1741567980.0,5.490871619429049,-0.36662750370980224
1741568040.0,5.491028630018003,-0.36657412182940563
1741568100.0,5.491185632250078,-0.3665207322036898
1741568160.0,5.491342626125952,-0.36646733483452226
1741568220.0,5.491499611646255,-0.36641392972377407
1741568280.0,5.491656588811666,-0.3663605168733092
1741568340.0,5.491813557622815,-0.3663070962849969
1741568400.0,5.491970518080364,-0.36625366796070996
1741568460.0,5.492127470184976,-0.36620023190231055
1741568520.0,5.492284413937316,-0.366146788111668
1741568580.0,5.49244134933801,-0.36609333659064974
1741568640.0,5.492598276387758,-0.36603987734112337
1741568700.0,5.492755195087171,-0.36598641036495805
1741568760.0,5.492912105436945,-0.36593293566401774
1741568820.0,5.493069007437728,-0.36587945324017185
1741568880.0,5.493225901090182,-0.3658259630952843
1741568940.0,5.493382786394952,-0.36577246523122436
1741569000.0,5.493539663352721,-0.36571895964985773
1741569060.0,5.493696531964133,-0.36566544635305026
1741569120.0,5.493853392229852,-0.3656119253426694
1741569180.0,5.494010244150559,-0.3655583966205809
1741569240.0,5.494167087726899,-0.3655048601886488
1741569300.0,5.494323922959534,-0.36545131604874226
1741569360.0,5.494480749849131,-0.3653977642027254
1741569420.0,5.494637568396383,-0.3653442046524604
1741569480.0,5.494794378601906,-0.36529063739981843
1741569540.0,5.494951180466396,-0.36523706244666154
1741569600.0,5.495107973990514,-0.3651834797948538
1741569660.0,5.495264759174927,-0.36512988944626285
1741569720.0,5.495421536020295,-0.3650762914027508
1741569780.0,5.4955783045273,-0.3650226856661852
1741569840.0,5.495735064696607,-0.3649690722384265
1741569900.0,5.495891816528877,-0.3649154511213441
1741569960.0,5.496048560024773,-0.36486182231679837
1741570020.0,5.496205295184978,-0.3648081858266535
1741570080.0,5.496362022010169,-0.3647545416527768
1741570140.0,5.496518740500996,-0.36470088979702886
1741570200.0,5.496675450658154,-0.364647230261272
1741570260.0,5.496832152482308,-0.36459356304737367
1741570320.0,5.49698884597412,-0.3645398881571944
1741570380.0,5.497145531134253,-0.3644862055926
1741570440.0,5.497302207963425,-0.3644325153554491
1741570500.0,5.49745887646228,-0.36437881744760936
1741570560.0,5.497615536631479,-0.36432511187093947
1741570620.0,5.497772188471725,-0.36427139862730523
1741570680.0,5.497928831983695,-0.3642176777185689
1741570740.0,5.498085467168036,-0.3641639491465893
1741570800.0,5.498242094025446,-0.364110212913232
1741570860.0,5.498398712556606,-0.3640564690203577
1741570920.0,5.498555322762178,-0.36400271746982693
1741570980.0,5.498711924642863,-0.3639489582635053
1741571040.0,5.4988685181993215,-0.36389519140325
1741571100.0,5.499025103432252,-0.3638414168909249
1741571160.0,5.499181680342301,-0.36378763472839065
1741571220.0,5.499338248930183,-0.36373384491750943
1741571280.0,5.4994948091965625,-0.36368004746014004
1741571340.0,5.49965136114212,-0.3636262423581448
1741571400.0,5.499807904767553,-0.36357242961338415
1741571460.0,5.499964440073526,-0.36351860922771867
1741571520.0,5.500120967060752,-0.363464781203007
1741571580.0,5.500277485729862,-0.36341094554111164
1741571640.0,5.500433996081606,-0.36335710224389295
1741571700.0,5.500590498116612,-0.363303251313208
1741571760.0,5.500746991835594,-0.363249392750919
1741571820.0,5.500903477239234,-0.3631955265588848
1741571880.0,5.501059954328231,-0.363141652738966
1741571940.0,5.501216423103247,-0.3630877712930194
1741572000.0,5.501372883564979,-0.36303388222290744
1741572060.0,5.501529335714129,-0.3629799855304853
1741572120.0,5.501685779551358,-0.3629260812176154
1741572180.0,5.50184221507738,-0.3628721692861547
1741572240.0,5.501998642292877,-0.36281824973796184
1741572300.0,5.502155061198548,-0.362764322574894
1741572360.0,5.502311471795056,-0.3627103877988134
1741572420.0,5.502467874083133,-0.36265644541157543
1741572480.0,5.5026242680634425,-0.362602495415037
1741572540.0,5.502780653736684,-0.3625485378110568
1741572600.0,5.502937031103536,-0.3624945726014955
1741572660.0,5.5030934001647145,-0.36244059978820664
1741572720.0,5.503249760920902,-0.36238661937304895
1741572780.0,5.503406113372796,-0.36233263135787946
1741572840.0,5.50356245752111,-0.3622786357445552
1741572900.0,5.503718793366492,-0.362224632534935
1741572960.0,5.503875120909692,-0.3621706217308723
1741573020.0,5.5040314401513735,-0.3621166033342277
1741573080.0,5.504187751092233,-0.36206257734685293
1741573140.0,5.5043440537329875,-0.3620085437706086
1741573200.0,5.504500348074318,-0.3619545026073482
1741573260.0,5.504656634116939,-0.3619004538589304
1741573320.0,5.504812911861531,-0.3618463975272072
1741573380.0,5.504969181308812,-0.36179233361403723
1741573440.0,5.505125442459478,-0.36173826212127586
1741573500.0,5.50528169531421,-0.3616841830507783
1741573560.0,5.50543793987374,-0.36163009640439986
1741573620.0,5.505594176138751,-0.36157600218399416
1741573680.0,5.50575040410994,-0.3615219003914163
1741573740.0,5.505906623788022,-0.3614677910285253
1741573800.0,5.506062835173713,-0.36141367409716924
1741573860.0,5.506219038267694,-0.36135954959920874
1741573920.0,5.5063752330706635,-0.36130541753649387
1741573980.0,5.506531419583353,-0.36125127791087985
1741574040.0,5.506687597806445,-0.3611971307242221
1741574100.0,5.506843767740671,-0.36114297597837397
1741574160.0,5.506999929386712,-0.36108881367518914
1741574220.0,5.5071560827452855,-0.3610346438165193
1741574280.0,5.507312227817104,-0.3609804664042216
1741574340.0,5.507468364602867,-0.360926281440146
1741574400.0,5.5076244931032745,-0.3608720889261478
1741574460.0,5.507780613319056,-0.36081788886407884
1741574520.0,5.507936725250931,-0.36076368125579084
1741574580.0,5.508092828899559,-0.36070946610314086
1741574640.0,5.508248924265709,-0.3606552434079755
1741574700.0,5.508405011350047,-0.36060101317215176
1741574760.0,5.50856109015332,-0.36054677539751967
1741574820.0,5.508717160676228,-0.3604925300859328
1741574880.0,5.508873222919467,-0.36043827723924116
1741574940.0,5.509029276883755,-0.36038401685929833
1741575000.0,5.509185322569825,-0.3603297489479544
1741575060.0,5.509341359978391,-0.3602754735070611
1741575120.0,5.509497389110153,-0.3602211905384701
1741575180.0,5.509653409965824,-0.3601669000440317
1741575240.0,5.509809422546121,-0.3601126020255993
1741575300.0,5.509965426851778,-0.36005829648502125
1741575360.0,5.5101214228834925,-0.36000398342414924
1741575420.0,5.5102774106419785,-0.35994966284483526
1741575480.0,5.5104333901279885,-0.3598953347489257
1741575540.0,5.510589361342203,-0.3598409991382741
1741575600.0,5.510745324285354,-0.35978665601473064
1741575660.0,5.5109012789581575,-0.3597323053801435
1741575720.0,5.5110572253613475,-0.3596779472363628
1741575780.0,5.511213163495638,-0.35962358158523855
1741575840.0,5.511369093361745,-0.35956920842862083
1741575900.0,5.511525014960386,-0.3595148277683579
1741575960.0,5.511680928292291,-0.35946043960629986
1741576020.0,5.511836833358178,-0.359406043944295
1741576080.0,5.51199273015876,-0.3593516407841916
1741576140.0,5.51214861869479,-0.35929723012783793
1741576200.0,5.512304498966966,-0.35924281197708585
1741576260.0,5.512460370976037,-0.35918838633378014
1741576320.0,5.512616234722702,-0.3591339531997709
1741576380.0,5.512772090207694,-0.3590795125769064
1741576440.0,5.512927937431746,-0.3590250644670314
1741576500.0,5.513083776395574,-0.3589706088719978
1741576560.0,5.513239607099909,-0.35891614579365033
1741576620.0,5.513395429545504,-0.3588616752338391
1741576680.0,5.513551243733039,-0.3588071971944089
1741576740.0,5.5137070496632985,-0.3587527116772062
1741576800.0,5.513862847336947,-0.3586982186840812
1741576860.0,5.514018636754769,-0.35864371821687857
1741576920.0,5.514174417917463,-0.3585892102774467
1741576980.0,5.514330190825779,-0.3585346948676286
1741577040.0,5.514485955480434,-0.35848017198927445
1741577100.0,5.5146417118821764,-0.3584256416442272
1741577160.0,5.514797460031723,-0.35837110383433696
1741577220.0,5.514953199929806,-0.35831655856144495
1741577280.0,5.515108931577161,-0.35826200582739787
1741577340.0,5.515264654974535,-0.3582074456340456
1741577400.0,5.515420370122645,-0.35815287798322787
1741577460.0,5.515576077022225,-0.35809830287679295
1741577520.0,5.515731775674025,-0.3580437203165873
1741577580.0,5.5158874660787784,-0.3579891303044524
1741577640.0,5.516043148237216,-0.35793453284223287
1741577700.0,5.516198822150073,-0.3578799279317772
1741577760.0,5.516354487818083,-0.3578253155749284
1741577820.0,5.516510145241994,-0.35777069577352777
1741577880.0,5.516665794422541,-0.35771606852942356
1741577940.0,5.516821435360472,-0.3576614338444555
1741578000.0,5.51697706805649,-0.3576067917204717
1741578060.0,5.517132692511376,-0.35755214215931364
1741578120.0,5.517288308725847,-0.3574974851628261
1741578180.0,5.517443916700653,-0.3574428207328485
1741578240.0,5.517599516436547,-0.3573881488712294
1741578300.0,5.51775510793424,-0.3573334695798082
1741578360.0,5.517910691194504,-0.3572787828604315
1741578420.0,5.518066266218053,-0.3572240887149372
1741578480.0,5.518221833005656,-0.35716938714517
1741578540.0,5.518377391558044,-0.35711467815297476
1741578600.0,5.518532941875986,-0.3570599617401876
1741578660.0,5.5186884839601795,-0.35700523790865857
1741578720.0,5.5188440178114115,-0.3569505066602237
1741578780.0,5.518999543430397,-0.35689576799672607
1741578840.0,5.519155060817902,-0.35684102192000705
1741578900.0,5.519310569974681,-0.3567862684319114
1741578960.0,5.519466070901445,-0.356731507534277
1741579020.0,5.5196215635989825,-0.3566767392289434
1741579080.0,5.519777048068026,-0.3566219635177571
1741579140.0,5.519932524309307,-0.35656718040255436
1741579200.0,5.520087992323614,-0.356512389885178
1741579260.0,5.520243452111658,-0.35645759196746785
1741579320.0,5.520398903674194,-0.3564027866512633
1741579380.0,5.5205543470120055,-0.356347973938404
1741579440.0,5.520709782125807,-0.35629315383073473
1741579500.0,5.520865209016369,-0.3562383263300899
1741579560.0,5.521020627684439,-0.3561834914383125
1741579620.0,5.521176038130788,-0.3561286491572387
1741579680.0,5.521331440356128,-0.35607379948871154
1741579740.0,5.521486834361249,-0.3560189424345688
1741579800.0,5.52164222014688,-0.3559640779966483
1741579860.0,5.521797597713791,-0.35590920617679145
1741579920.0,5.52195296706275,-0.35585432697683433
1741579980.0,5.522108328194488,-0.35579944039861816
1741580040.0,5.522263681109758,-0.3557445464439791
1741580100.0,5.522419025809343,-0.3556896451147567
1741580160.0,5.5225743622939785,-0.35563473641278887
1741580220.0,5.5227296905644305,-0.35557982033991337
1741580280.0,5.522885010621469,-0.35552489689796624
1741580340.0,5.523040322465825,-0.3554699660887889
1741580400.0,5.523195626098285,-0.3554150279142157
1741580460.0,5.523350921519581,-0.35536008237608613
1741580520.0,5.523506208730501,-0.35530512947623627
1741580580.0,5.5236614877317916,-0.35525016921650054
1741580640.0,5.523816758524206,-0.3551952015987185
1741580700.0,5.523972021108529,-0.35514022662472794
1741580760.0,5.524127275485493,-0.35508524429636323
1741580820.0,5.524282521655885,-0.35503025461546045
1741580880.0,5.524437759620454,-0.35497525758385745
1741580940.0,5.524592989379985,-0.3549202532033903
1741581000.0,5.524748210935213,-0.3548652414758933
1741581060.0,5.524903424286922,-0.3548102224032009
1741581120.0,5.525058629435863,-0.35475519598715255
1741581180.0,5.525213826382804,-0.35470016222958095
1741581240.0,5.525369015128529,-0.35464512113232033
1741581300.0,5.525524195673789,-0.35459007269720866
1741581360.0,5.525679368019355,-0.3545350169260802
1741581420.0,5.52583453216599,-0.3544799538207675
1741581480.0,5.525989688114467,-0.35442488338310674
1741581540.0,5.526144835865549,-0.3543698056149305
1741581600.0,5.526299975420008,-0.35431472051807655
1741581660.0,5.526455106778626,-0.35425962809437583
1741581720.0,5.52661022994214,-0.3542045283456626
1741581780.0,5.526765344911366,-0.3541494212737712
1741581840.0,5.5269204516870225,-0.354094306880536
1741581900.0,5.527075550269929,-0.3540391851677896
1741581960.0,5.527230640660819,-0.3539840561373664
1741582020.0,5.527385722860512,-0.3539289197910954
1741582080.0,5.527540796869722,-0.3538737761308127
1741582140.0,5.527695862689273,-0.3538186251583527
1741582200.0,5.527850920319897,-0.3537634668755462
1741582260.0,5.528005969762413,-0.3537083012842224
1741582320.0,5.528161011017554,-0.35365312838621904
1741582380.0,5.528316044086106,-0.3535979481833652
1741582440.0,5.528471068968872,-0.3535427606774935
1741582500.0,5.528626085666602,-0.3534875658704349
1741582560.0,5.528781094180082,-0.3534323637640218
1741582620.0,5.528936094510062,-0.3533771543600852
1741582680.0,5.529091086657363,-0.35332193766045766
1741582740.0,5.529246070622735,-0.35326671366697004
1741582800.0,5.5294010464069805,-0.3532114823814496
1741582860.0,5.529556014010851,-0.35315624380573263
1741582920.0,5.529710973435147,-0.35310099794164623
1741582980.0,5.529865924680622,-0.3530457447910215
1741583040.0,5.530020867748094,-0.3529904843556892
1741583100.0,5.5301758026383165,-0.35293521663747834
1741583160.0,5.530330729352071,-0.35287994163821984
1741583220.0,5.530485647890163,-0.3528246593597445
1741583280.0,5.530640558253342,-0.3527693698038816
1741583340.0,5.530795460442428,-0.3527140729724583
1741583400.0,5.530950354458173,-0.35265876886730557
1741583460.0,5.531105240301379,-0.35260345749025246
1741583520.0,5.531260117972813,-0.35254813884312813
1741583580.0,5.531414987473279,-0.3524928129277615
1741583640.0,5.531569848803545,-0.3524374797459785
1741583700.0,5.5317247019644125,-0.35238213929961143
1741583760.0,5.531879546956668,-0.35232679159048785
1741583820.0,5.53203438378108,-0.35227143662043503
1741583880.0,5.5321892124384675,-0.3522160743912786
1741583940.0,5.532344032929583,-0.3521607049048512
1741584000.0,5.532498845255227,-0.35210532816297657
1741584060.0,5.5326536494161855,-0.35204994416748564
1741584120.0,5.532808445413261,-0.3519945529202023
1741584180.0,5.532963233247242,-0.3519391544229557
1741584240.0,5.5331180129189095,-0.3518837486775714
1741584300.0,5.533272784429051,-0.3518283356858766
1741584360.0,5.53342754777847,-0.3517729154497007
1741584420.0,5.533582302967933,-0.3517174879708656
1741584480.0,5.533737049998262,-0.35166205325120226
1741584540.0,5.53389178887024,-0.3516066112925328
1741584600.0,5.534046519584672,-0.3515511620966828
1741584660.0,5.534201242142308,-0.3514957056654831
1741584720.0,5.534355956543985,-0.3514402420007541
1741584780.0,5.534510662790489,-0.35138477110432664
1741584840.0,5.534665360882606,-0.3513292929780194
1741584900.0,5.534820050821137,-0.35127380762366317
1741584960.0,5.534974732606852,-0.35121831504308004
1741585020.0,5.535129406240605,-0.3511628152380958
1741585080.0,5.5352840717231295,-0.3511073082105341
1741585140.0,5.5354387290552625,-0.3510517939622189
1741585200.0,5.535593378237791,-0.35099627249497767
1741585260.0,5.535748019271516,-0.35094074381063234
1741585320.0,5.535902652157224,-0.3508852079110069
1741585380.0,5.536057276895735,-0.35082966479792516
1741585440.0,5.5362118934878355,-0.3507741144732111
1741585500.0,5.5363665019343085,-0.3507185569386884
1741585560.0,5.536521102235994,-0.35066299219617936
1741585620.0,5.536675694393659,-0.35060742024750774
1741585680.0,5.536830278408123,-0.3505518410944975
1741585740.0,5.53698485428019,-0.35049625473896895
1741585800.0,5.537139422010627,-0.3504406611827477
1741585860.0,5.537293981600291,-0.3503850604276542
1741585920.0,5.5374485330499486,-0.35032945247551045
1741585980.0,5.53760307636042,-0.3502738373281387
1741586040.0,5.537757611532509,-0.3502182149873628
1741586100.0,5.537912138567,-0.350162585455003
1741586160.0,5.538066657464713,-0.3501069487328816
1741586220.0,5.538221168226452,-0.3500513048228189
1741586280.0,5.538375670853037,-0.34999565372663693
1741586340.0,5.5385301653452705,-0.3499399954461562
1741586400.0,5.53868465170392,-0.34988432998320057
1741586460.0,5.53883912992986,-0.3498286573395851
1741586520.0,5.538993600023839,-0.3497729775171356
1741586580.0,5.539148061986697,-0.3497172905176704
1741586640.0,5.539302515819234,-0.34966159634301014
1741586700.0,5.539456961522254,-0.349605894994975
1741586760.0,5.539611399096578,-0.3495501864753838
1741586820.0,5.539765828543025,-0.3494944707860568
1741586880.0,5.539920249862383,-0.3494387479288144
1741586940.0,5.54007466305547,-0.349383017905477
1741587000.0,5.540229068123089,-0.3493272807178614
1741587060.0,5.5403834650660775,-0.34927153636778635
1741587120.0,5.5405378538852394,-0.34921578485707216
1741587180.0,5.540692234581378,-0.3491600261875393
1741587240.0,5.540846607155312,-0.3491042603610028
1741587300.0,5.541000971607844,-0.34904848737928307
1741587360.0,5.541155327939816,-0.348992707244197
1741587420.0,5.541309676152025,-0.34893691995756504
1741587480.0,5.541464016245277,-0.3488811255212039
1741587540.0,5.541618348220409,-0.348825323936929
1741587600.0,5.541772672078224,-0.34876951520656224
1741587660.0,5.541926987819544,-0.34871369933191704
1741587720.0,5.5420812954451675,-0.3486578763148121
1741587780.0,5.542235594955955,-0.34860204615706425
1741587840.0,5.54238988635267,-0.34854620886049215
1741587900.0,5.542544169636171,-0.3484903644269093
1741587960.0,5.542698444807276,-0.34843451285813587
1741588020.0,5.54285271186679,-0.3483786541559836
1741588080.0,5.543006970815531,-0.348322788322273
1741588140.0,5.543161221654338,-0.34826691535881726
1741588200.0,5.543315464384014,-0.34821103526743347
1741588260.0,5.543469699005379,-0.3481551480499366
1741588320.0,5.54362392551927,-0.3480992537081454
1741588380.0,5.543778143926491,-0.34804335224386784
1741588440.0,5.5439323542278975,-0.3479874436589263
1741588500.0,5.544086556424273,-0.34793152795513405
1741588560.0,5.544240750516458,-0.347875605134301
1741588620.0,5.544394936505269,-0.3478196751982493
1741588680.0,5.5445491143915655,-0.3477637381487888
1741588740.0,5.544703284176113,-0.34770779398773477
1741588800.0,5.544857445859802,-0.3476518427168987
1741588860.0,5.5450115994433995,-0.347595884338101
1741588920.0,5.545165744927763,-0.34753991885314994
1741588980.0,5.545319882313729,-0.3474839462638588
1741589040.0,5.545474011602099,-0.34742796657204456
1741589100.0,5.5456281327937305,-0.34737197977951884
1741589160.0,5.5457822458894075,-0.3473159858880949
1741589220.0,5.5459363508900035,-0.34725998489958465
1741589280.0,5.54609044779632,-0.34720397681580134
1741589340.0,5.546244536609198,-0.3471479616385583
1741589400.0,5.54639861732947,-0.34709193936966737
1741589460.0,5.546552689957961,-0.34703591001094003
1741589520.0,5.5467067544954896,-0.3469798735641898
1741589580.0,5.54686081094291,-0.34692383003122823
1741589640.0,5.547014859301044,-0.34686777941386526
1741589700.0,5.547168899570729,-0.34681172171391433
1741589760.0,5.5473229317527855,-0.3467556569331853
1741589820.0,5.547476955848067,-0.3466995850734915
1741589880.0,5.547630971857379,-0.3466435061366413
1741589940.0,5.547784979781575,-0.346587420124448
1741590000.0,5.5479389796214935,-0.34653132703872136
1741590060.0,5.548092971377954,-0.34647522688126964
1741590120.0,5.548246955051795,-0.34641911965390637
1741590180.0,5.548400930643871,-0.3463630053584395
1741590240.0,5.548554898155003,-0.3463068839966808
1741590300.0,5.5487088575860115,-0.3462507555704384
1741590360.0,5.548862808937768,-0.34619462008152224
1741590420.0,5.549016752211094,-0.3461384775317422
1741590480.0,5.549170687406809,-0.34608232792290816
1741590540.0,5.549324614525786,-0.3460261712568266
1741590600.0,5.549478533568846,-0.3459700075353091
1741590660.0,5.549632444536843,-0.34591383676016385
1741590720.0,5.5497863474305795,-0.3458576589332008
1741590780.0,5.549940242250931,-0.3458014740562246
1741590840.0,5.550094128998732,-0.34574528213104505
1741590900.0,5.5502480076748215,-0.3456890831594722
1741590960.0,5.550401878280037,-0.3456328771433107
1741591020.0,5.550555740815217,-0.3455766640843721
1741591080.0,5.550709595281217,-0.3455204439844594
1741591140.0,5.550863441678873,-0.3454642168453843
1741591200.0,5.551017280009041,-0.3454079826689497
1741591260.0,5.551171110272542,-0.34535174145696534
1741591320.0,5.551324932470214,-0.34529549321123787
1741591380.0,5.551478746602946,-0.34523923793357364
1741591440.0,5.551632552671559,-0.3451829756257772
1741591500.0,5.551786350676871,-0.3451267062896586
1741591560.0,5.551940140619776,-0.3450704299270207
1741591620.0,5.552093922501093,-0.3450141465396699
1741591680.0,5.5522476963216585,-0.3449578561294144
1741591740.0,5.552401462082363,-0.3449015586980571
1741591800.0,5.5525552197840105,-0.3448452542474045
1741591860.0,5.552708969427472,-0.3447889427792611
1741591920.0,5.552862711013586,-0.34473262429543344
1741591980.0,5.553016444543209,-0.34467629879772443
1741592040.0,5.553170170017193,-0.34461996628794045
1741592100.0,5.55332388743638,-0.3445636267678845
1741592160.0,5.553477596801622,-0.3445072802393629
1741592220.0,5.553631298113775,-0.34445092670417865
1741592280.0,5.5537849913736945,-0.3443945661641346
1741592340.0,5.553938676582218,-0.34433819862103554
1741592400.0,5.554092353740201,-0.344281824076686
1741592460.0,5.554246022848516,-0.344225442532889
1741592520.0,5.5543996839079846,-0.3441690539914475
1741592580.0,5.5545533369194775,-0.3441126584541643
1741592640.0,5.554706981883867,-0.3440562559228424
1741592700.0,5.554860618801975,-0.34399984639928466
1741592760.0,5.5550142476746736,-0.34394342988529414
1741592820.0,5.555167868502819,-0.3438870063826736
1741592880.0,5.555321481287248,-0.34383057589322263
1741592940.0,5.555475086028849,-0.3437741384187457
1741593000.0,5.5556286827284636,-0.343717693961046
1741593060.0,5.555782271386943,-0.34366124252192104
1741593120.0,5.555935852005145,-0.3436047841031755
1741593180.0,5.556089424583943,-0.3435483187066107
1741593240.0,5.556242989124171,-0.34349184633402585
1741593300.0,5.556396545626724,-0.3434353669872223
1741593360.0,5.556550094092418,-0.3433788806680029
1741593420.0,5.556703634522145,-0.3433223873781671
1741593480.0,5.556857166916743,-0.3432658871195144
1741593540.0,5.5570106912770845,-0.3432093798938458
1741593600.0,5.557164207604042,-0.34315286570296094
1741593660.0,5.557317715898471,-0.34309634454866095
1741593720.0,5.557471216161208,-0.34303981643274517
1741593780.0,5.557624708393144,-0.34298328135701134
1741593840.0,5.557778192595134,-0.34292673932326245
1741593900.0,5.557931668768035,-0.3428701903332926
1741593960.0,5.558085136912735,-0.34281363438890644
1741594020.0,5.558238597030054,-0.34275707149189655
1741594080.0,5.558392049120902,-0.3427005016440675
1741594140.0,5.558545493186113,-0.34264392484721534
1741594200.0,5.558698929226564,-0.34258734110313765
1741594260.0,5.558852357243125,-0.34253075041363396
1741594320.0,5.559005777236669,-0.3424741527805001
1741594380.0,5.559159189208033,-0.34241754820553727
1741594440.0,5.55931259315811,-0.34236093669053974
1741594500.0,5.559465989087753,-0.3423043182373069
1741594560.0,5.559619376997851,-0.34224769284763473
1741594620.0,5.559772756889262,-0.3421910605233191
1741594680.0,5.559926128762839,-0.3421344212661613
1741594740.0,5.560079492619474,-0.34207777507795367
1741594800.0,5.56023284846002,-0.34202112196049395
1741594860.0,5.560386196285353,-0.34196446191557983
1741594920.0,5.560539536096359,-0.34190779494500556
1741594980.0,5.560692867893877,-0.3418511210505687
1741595040.0,5.5608461916788166,-0.3417944402340636
1741595100.0,5.5609995074520135,-0.3417377524972878
1741595160.0,5.56115281521436,-0.3416810578420339
1741595220.0,5.561306114966744,-0.34162435627009946
1741595280.0,5.5614594067100045,-0.34156764778327875
1741595340.0,5.56161269044503,-0.34151093238336594
1741595400.0,5.561765966172695,-0.341454210072157
1741595460.0,5.561919233893889,-0.3413974808514461
1741595520.0,5.562072493609449,-0.3413407447230275
1741595580.0,5.562225745320301,-0.34128400168869355
1741595640.0,5.562378989027266,-0.341227251750242
1741595700.0,5.562532224731267,-0.34117049490946355
1741595760.0,5.562685452433161,-0.3411137311681524
1741595820.0,5.56283867213382,-0.3410569605281028
1741595880.0,5.562991883834134,-0.3410001829911072
1741595940.0,5.563145087534975,-0.3409433985589596
1741596000.0,5.563298283237217,-0.3408866072334527
1741596060.0,5.563451470941732,-0.3408298090163789
1741596120.0,5.563604650649427,-0.34077300390952875
1741596180.0,5.5637578223611595,-0.3407161919146984
1741596240.0,5.563910986077816,-0.3406593730336784
1741596300.0,5.564064141800272,-0.3406025472682596
1741596360.0,5.564217289529417,-0.3405457146202343
1741596420.0,5.5643704292661225,-0.3404888750913951
1741596480.0,5.56452356101128,-0.34043202868353256
1741596540.0,5.564676684765763,-0.34037517539843754
1741596600.0,5.564829800530458,-0.3403183152379024
1741596660.0,5.5649829083062405,-0.34026144820371784
1741596720.0,5.565136008094001,-0.34020457429767287
1741596780.0,5.565289099894646,-0.34014769352156
1741596840.0,5.5654421837090124,-0.3400908058771698
1741596900.0,5.565595259538028,-0.3400339113662913
1741596960.0,5.565748327382544,-0.3399770099907134
1741597020.0,5.565901387243472,-0.3399201017522269
1741597080.0,5.5660544391217,-0.33986318665262244
1741597140.0,5.566207483018083,-0.33980626469368913
1741597200.0,5.5663605189335295,-0.33974933587721395
1741597260.0,5.566513546868929,-0.33969240020498953
1741597320.0,5.566666566825171,-0.33963545767880127
1741597380.0,5.566819578803131,-0.3395785083004416
1741597440.0,5.566972582803697,-0.33952155207169615
1741597500.0,5.567125578827775,-0.33946458899435367
1741597560.0,5.567278566876241,-0.3394076190702033
1741597620.0,5.567431546949982,-0.33935064230103207
1741597680.0,5.567584519049908,-0.3392936586886291
1741597740.0,5.56773748317689,-0.3392366682347798
1741597800.0,5.567890439331819,-0.3391796709412731
1741597860.0,5.568043387515586,-0.33912266680989633
1741597920.0,5.568196327729114,-0.33906565584243487
1741597980.0,5.5683492599732425,-0.33900863804067943
1741598040.0,5.568502184248912,-0.3389516134064102
1741598100.0,5.56865510055698,-0.3388945819414216
1741598160.0,5.56880800889837,-0.33883754364749363
1741598220.0,5.568960909273955,-0.3387804985264153
1741598280.0,5.569113801684626,-0.3387234465799739
1741598340.0,5.569266686131306,-0.33866638780994957
1741598400.0,5.56941956261487,-0.3386093222181348
1741598460.0,5.569572431136207,-0.33855224980630994
1741598520.0,5.5697252916962245,-0.33849517057626205
1741598580.0,5.569878144295813,-0.3384380845297784
1741598640.0,5.570030988935862,-0.3383809916686393
1741598700.0,5.570183825617296,-0.33832389199463353
1741598760.0,5.57033665434099,-0.3382667855095415
1741598820.0,5.570489475107848,-0.33820967221515036
1741598880.0,5.570642287918765,-0.33815255211324385
1741598940.0,5.570795092774644,-0.3380954252056075
1741599000.0,5.570947889676396,-0.3380382914940214
1741599060.0,5.57110067862489,-0.3379811509802694
1741599120.0,5.571253459621054,-0.3379240036661386
1741599180.0,5.571406232665778,-0.33786684955340934
1741599240.0,5.5715589977599675,-0.3378096886438636
1741599300.0,5.571711754904514,-0.33775252093928687
1741599360.0,5.571864504100326,-0.33769534644146104
1741599420.0,5.572017245348308,-0.33763816515216816
1741599480.0,5.572169978649371,-0.3375809770731901
1741599540.0,5.572322704004386,-0.337523782206309
1741599600.0,5.572475421414296,-0.3374665805533086
1741599660.0,5.5726281308799726,-0.3374093721159654
1741599720.0,5.572780832402343,-0.3373521568960686
1741599780.0,5.572933525982295,-0.3372949348953931
1741599840.0,5.573086211620738,-0.3372377061157227
1741599900.0,5.573238889318595,-0.33718047055883926
1741599960.0,5.5733915590767396,-0.33712322822652135
1741600020.0,5.573544220896115,-0.3370659791205493
1741600080.0,5.5736968747775935,-0.33700872324270664
1741600140.0,5.573849520722117,-0.3369514605947702
1741600200.0,5.574002158730559,-0.336894191178522
1741600260.0,5.574154788803844,-0.33683691499574225
1741600320.0,5.57430741094288,-0.33677963204820766
1741600380.0,5.574460025148573,-0.33672234233770204
1741600440.0,5.574612631421833,-0.33666504586600027
1741600500.0,5.5747652297635835,-0.33660774263488447
1741600560.0,5.574917820174698,-0.33655043264613305
1741600620.0,5.5750704026561175,-0.3364931159015244
1741600680.0,5.5752229772087505,-0.3364357924028355
1741600740.0,5.575375543833506,-0.3363784621518464
1741600800.0,5.5755281025312895,-0.33632112515033397
1741600860.0,5.575680653303026,-0.33626378140008006
1741600920.0,5.575833196149608,-0.3362064309028563
1741600980.0,5.575985731071957,-0.33614907366044455
1741601040.0,5.5761382580709835,-0.33609170967462165
1741601100.0,5.576290777147611,-0.33603433894716433
1741601160.0,5.576443288302748,-0.33597696147984935
1741601220.0,5.576595791537302,-0.3359195772744534
1741601280.0,5.5767482868521965,-0.3358621863327532
1741601340.0,5.576900774248358,-0.33580478865652735
1741601400.0,5.5770532537266755,-0.3357473842475491
1741601460.0,5.577205725288094,-0.3356899731075951
1741601520.0,5.577358188933501,-0.3356325552384421
1741601580.0,5.577510644663822,-0.3355751306418669
1741601640.0,5.577663092479983,-0.3355176993196427
1741601700.0,5.577815532382909,-0.3354602612735446
1741601760.0,5.577967964373488,-0.33540281650535103
1741601820.0,5.578120388452665,-0.3353453650168352
1741601880.0,5.578272804621346,-0.33528790680977044
1741601940.0,5.578425212880475,-0.3352304418859317
1741602000.0,5.57857761323094,-0.33517297024709575
1741602060.0,5.578730005673669,-0.3351154918950341
1741602120.0,5.578882390209584,-0.3350580068315235
1741602180.0,5.5790347668396105,-0.33500051505833367
1741602240.0,5.579187135564675,-0.3349430165772431
1741602300.0,5.5793394963856855,-0.33488551139002165
1741602360.0,5.579491849303565,-0.3348279994984443
1741602420.0,5.579644194319258,-0.33477048090428413
1741602480.0,5.579796531433651,-0.33471295560931286
1741602540.0,5.579948860647691,-0.33465542361530365
1741602600.0,5.5801011819623,-0.33459788492402975
1741602660.0,5.580253495378405,-0.33454033953726275
1741602720.0,5.580405800896929,-0.33448278745677396
1741602780.0,5.580558098518781,-0.3344252286843386
1741602840.0,5.580710388244903,-0.3343676632217247
1741602900.0,5.58086267007622,-0.33431009107070525
1741602960.0,5.581014944013639,-0.334252512233052
1741603020.0,5.581167210058105,-0.33419492671053463
1741603080.0,5.581319468210558,-0.3341373345049265
1741603140.0,5.581471718471889,-0.33407973561799714
1741603200.0,5.581623960843057,-0.33402213005151654
1741603260.0,5.58177619532497,-0.33396451780725606
1741603320.0,5.581928421918554,-0.3339068988869856
1741603380.0,5.582080640624768,-0.3338492732924766
1741603440.0,5.58223285144452,-0.33379164102549524
1741603500.0,5.582385054378734,-0.33373400208781495
1741603560.0,5.582537249428336,-0.33367635648120364
1741603620.0,5.582689436594286,-0.33361870420742934
1741603680.0,5.5828416158774745,-0.3335610452682653
1741603740.0,5.582993787278878,-0.33350337966547433
1741603800.0,5.583145950799386,-0.3334457074008314
1741603860.0,5.583298106439961,-0.3333880284760994
1741603920.0,5.583450254201507,-0.3333303428930514
1741603980.0,5.583602394084987,-0.3332726506534521
1741604040.0,5.583754526091307,-0.3332149517590711
1741604100.0,5.583906650221428,-0.3331572462116748
1741604160.0,5.5840587664762555,-0.33309953401303294
1741604220.0,5.584210874856751,-0.3330418151649117
1741604280.0,5.584362975363823,-0.33298408966907933
1741604340.0,5.584515067998431,-0.3329263575273001
1741604400.0,5.58466715276148,-0.3328686187413439
1741604460.0,5.584819229653933,-0.3328108733129752
1741604520.0,5.584971298676731,-0.33275312124396034
1741604580.0,5.5851233598307815,-0.3326953625360673
1741604640.0,5.585275413117045,-0.3326375971910606
1741604700.0,5.585427458536446,-0.33257982521070656
1741604760.0,5.585579496089928,-0.33252204659677137
1741604820.0,5.585731525778433,-0.3324642613510197
1741604880.0,5.5858835476029025,-0.3324064694752176
1741604940.0,5.586035561564263,-0.3323486709711299
1741605000.0,5.586187567663438,-0.3322908658405208
1741605060.0,5.586339565901424,-0.33223305408515513
1741605120.0,5.586491556279093,-0.33217523570679713
1741605180.0,5.586643538797438,-0.3321174107072133
1741605240.0,5.5867955134573695,-0.33205957908816636
1741605300.0,5.586947480259846,-0.33200174085141904
1741605360.0,5.587099439205793,-0.33194389599873414
1741605420.0,5.58725139029617,-0.3318860445318797
1741605480.0,5.587403333531919,-0.33182818645261497
1741605540.0,5.587555268913966,-0.3317703217627063
1741605600.0,5.5877071964432705,-0.33171245046391296
1741605660.0,5.587859116120758,-0.33165457255800124
1741605720.0,5.588011027947387,-0.3315966880467303
1741605780.0,5.588162931924102,-0.33153879693186655
1741605840.0,5.588314828051844,-0.3314808992151675
1741605900.0,5.588466716331556,-0.33142299489839944
1741605960.0,5.588618596764181,-0.3313650839833216
1741606020.0,5.588770469350677,-0.3313071664716968
1741606080.0,5.588922334091989,-0.3312492423652861
1741606140.0,5.58907419098904,-0.3311913116658505
1741606200.0,5.589226040042808,-0.33113337437515106
1741606260.0,5.589377881254237,-0.33107543049494714
1741606320.0,5.58952971462425,-0.3310174800270031
1741606380.0,5.589681540153808,-0.33095952297307657
1741606440.0,5.589833357843871,-0.33090155933492693
1741606500.0,5.589985167695381,-0.3308435891143168
1741606560.0,5.590136969709278,-0.3307856123130057
1741606620.0,5.590288763886511,-0.3307276289327526
1741606680.0,5.590440550228051,-0.3306696389753153
1741606740.0,5.590592328734843,-0.33061164244245483
1741606800.0,5.590744099407813,-0.3305536393359321
1741606860.0,5.590895862247936,-0.33049562965750295
1741606920.0,5.591047617256156,-0.33043761340892674
1741606980.0,5.591199364433433,-0.3303795905919644
1741607040.0,5.591351103780709,-0.3303215612083701
1741607100.0,5.591502835298945,-0.3302635252599048
1741607160.0,5.591654558989082,-0.33020548274832606
1741607220.0,5.591806274852098,-0.3301474336753915
1741607280.0,5.591957982888918,-0.33008937804285854
1741607340.0,5.592109683100501,-0.3300313158524831
1741607400.0,5.592261375487826,-0.3299732471060243
1741607460.0,5.592413060051818,-0.32991517180523816
1741607520.0,5.592564736793454,-0.3298570899518821
1741607580.0,5.592716405713675,-0.3297990015477137
1741607640.0,5.592868066813444,-0.32974090659448524
1741607700.0,5.593019720093717,-0.3296828050939578
1741607760.0,5.593171365555456,-0.32962469704788366
1741607820.0,5.593323003199622,-0.32956658245802034
1741607880.0,5.5934746330271565,-0.32950846132612377
1741607940.0,5.593626255039019,-0.3294503336539478
1741608000.0,5.593777869236186,-0.32939219944324843
1741608060.0,5.593929475619586,-0.32933405869578136
1741608120.0,5.5940810741902105,-0.32927591141330065
1741608180.0,5.594232664949002,-0.3292177575975604
1741608240.0,5.594384247896941,-0.3291595972503163
1741608300.0,5.594535823034949,-0.32910143037332074
1741608360.0,5.5946873903640055,-0.32904325696833137
1741608420.0,5.594838949885088,-0.3289850770370968
1741608480.0,5.594990501599137,-0.3289268905813764
1741608540.0,5.595142045507131,-0.3288686976029174
1741608600.0,5.595293581610013,-0.3288104981034772
1741608660.0,5.595445109908777,-0.328752292084808
1741608720.0,5.595596630404332,-0.32869407954866237
1741608780.0,5.595748143097689,-0.32863586049679416
1741608840.0,5.595899647989807,-0.32857763493095227
1741608900.0,5.596051145081631,-0.32851940285289427
1741608960.0,5.596202634374119,-0.3284611642643673
1741609020.0,5.596354115868267,-0.3284029191671269
1741609080.0,5.596505589565017,-0.32834466756292213
1741609140.0,5.596657055465346,-0.32828640945350523
1741609200.0,5.596808513570214,-0.32822814484062846
1741609260.0,5.596959963880599,-0.3281698737260408
1741609320.0,5.597111406397444,-0.32811159611149615
1741609380.0,5.597262841121723,-0.3280533119987416
1741609440.0,5.597414268054435,-0.3279950213895312
1741609500.0,5.597565687196504,-0.32793672428561216
1741609560.0,5.597717098548923,-0.3278784206887348
1741609620.0,5.597868502112654,-0.3278201106006517
1741609680.0,5.598019897888656,-0.3277617940231115
1741609740.0,5.598171285877922,-0.32770347095786134
1741609800.0,5.5983226660813985,-0.3276451414066535
1741609860.0,5.5984740385000595,-0.32758680537123513
1741609920.0,5.598625403134886,-0.32752846285335674
1741609980.0,5.59877675998685,-0.3274701138547653
1741610040.0,5.598928109056916,-0.3274117583772116
1741610100.0,5.599079450346042,-0.3273533964224408
1741610160.0,5.599230783855224,-0.3272950279922035
1741610220.0,5.59938210958542,-0.32723665308824856
1741610280.0,5.59953342753761,-0.32717827171231956
1741610340.0,5.599684737712751,-0.32711988386616525
1741610400.0,5.599836040111841,-0.327061489551538
1741610460.0,5.599987334735836,-0.3270030887701779
1741610520.0,5.600138621585717,-0.32694468152383555
1741610580.0,5.60028990066246,-0.32688626781425795
1741610640.0,5.600441171967025,-0.32682784764319045
1741610700.0,5.600592435500406,-0.3267694210123801
1741610760.0,5.600743691263565,-0.3267109879235705
1741610820.0,5.600894939257477,-0.3266525483785124
1741610880.0,5.601046179483139,-0.3265941023789473
1741610940.0,5.601197411941508,-0.3265356499266225
1741611000.0,5.601348636633565,-0.3264771910232833
1741611060.0,5.601499853560284,-0.32641872567067504
1741611120.0,5.601651062722646,-0.3263602538705412
1741611180.0,5.601802264121643,-0.326301775624629
1741611240.0,5.601953457758218,-0.32624329093468013
1741611300.0,5.602104643633385,-0.3261847998024417
1741611360.0,5.602255821748118,-0.3261263022296557
1741611420.0,5.60240699210338,-0.32606779821806553
1741611480.0,5.602558154700165,-0.3260092877694166
1741611540.0,5.602709309539432,-0.32595077088545255
1741611600.0,5.602860456622195,-0.32589224756791685
1741611660.0,5.603011595949412,-0.32583371781855136
1741611720.0,5.6031627275220615,-0.3257751816390997
1741611780.0,5.603313851341139,-0.32571663903130366
1741611840.0,5.60346496740762,-0.32565808999690865
1741611900.0,5.603616075722483,-0.325599534537653
1741611960.0,5.603767176286723,-0.32554097265528026
1741612020.0,5.6039182691013,-0.3254824043515358
1741612080.0,5.604069354167226,-0.32542382962815614
1741612140.0,5.604220431485477,-0.32536524848688664
1741612200.0,5.604371501057017,-0.32530666092946575
1741612260.0,5.6045225628828526,-0.32524806695763686
1741612320.0,5.604673616963949,-0.3251894665731403
1741612380.0,5.604824663301315,-0.325130859777716
1741612440.0,5.604975701895929,-0.325072246573104
1741612500.0,5.605126732748753,-0.32501362696104635
1741612560.0,5.605277755860812,-0.3249550009432847
1741612620.0,5.605428771233071,-0.324896368521554
1741612680.0,5.605579778866504,-0.32483772969759783
1741612740.0,5.605730778762125,-0.3247790844731563
1741612800.0,5.605881770920912,-0.32472043284996416
1741612860.0,5.606032755343839,-0.3246617748297651
1741612920.0,5.606183732031922,-0.3246031104142957
1741612980.0,5.606334700986119,-0.324544439605296
1741613040.0,5.606485662207444,-0.3244857624045044
1741613100.0,5.606636615696889,-0.32442707881365745
1741613160.0,5.606787561455415,-0.32436838883449537
1741613220.0,5.606938499484037,-0.3243096924687547
1741613280.0,5.607089429783729,-0.3242509897181737
1741613340.0,5.607240352355504,-0.324192280584489
1741613400.0,5.607391267200323,-0.3241335650694425
1741613460.0,5.6075421743192155,-0.3240748431747638
1741613520.0,5.607693073713141,-0.32401611490219484
1741613580.0,5.607843965383094,-0.32395738025347204
1741613640.0,5.607994849330087,-0.3238986392303303
1741613700.0,5.608145725555116,-0.3238398918345063
1741613760.0,5.608296594059139,-0.32378113806773484
1741613820.0,5.608447454843188,-0.323722377931756
1741613880.0,5.608598307908221,-0.323663611428303
1741613940.0,5.6087491532552685,-0.32360483855911054
1741614000.0,5.608899990885306,-0.3235460593259136
1741614060.0,5.609050820799333,-0.3234872737304488
1741614120.0,5.60920164299834,-0.3234284817744508
1741614180.0,5.609352457483324,-0.32336968345965467
1741614240.0,5.609503264255296,-0.32331087878779347
1741614300.0,5.609654063315217,-0.323252067760602
1741614360.0,5.609804854664133,-0.32319325037981517
1741614420.0,5.6099556383029885,-0.3231344266471661
1741614480.0,5.6101064142328285,-0.32307559656438783
1741614540.0,5.610257182454632,-0.32301676013321523
1741614600.0,5.610407942969391,-0.3229579173553797
1741614660.0,5.610558695778105,-0.32289906823261794
1741614720.0,5.610709440881782,-0.32284021276665936
1741614780.0,5.610860178281403,-0.3227813509592372
1741614840.0,5.611010907977994,-0.32272248281208465
1741614900.0,5.6111616299725355,-0.32266360832693464
1741614960.0,5.611312344266038,-0.3226047275055169
1741615020.0,5.611463050859497,-0.3225458403495645
1741615080.0,5.611613749753907,-0.32248694686080887
1741615140.0,5.6117644409502985,-0.32242804704098305
1741615200.0,5.611915124449631,-0.3223691408918167
1741615260.0,5.6120658002529344,-0.3223102284150412
1741615320.0,5.612216468361202,-0.32225130961238785
1741615380.0,5.612367128775448,-0.32219238448558457
1741615440.0,5.612517781496667,-0.32213345303636626
1741615500.0,5.612668426525854,-0.32207451526646075
1741615560.0,5.612819063864019,-0.3220155711775959
1741615620.0,5.612969693512178,-0.3219566207715048
1741615680.0,5.613120315471323,-0.32189766404991715
1741615740.0,5.613270929742468,-0.3218387010145591
1741615800.0,5.613421536326588,-0.3217797316671636
1741615860.0,5.613572135224732,-0.32172075600945693
1741615920.0,5.613722726437878,-0.32166177404316865
1741615980.0,5.613873309967055,-0.3216027857700285
1741616040.0,5.614023885813239,-0.32154379119176413
1741616100.0,5.614174453977462,-0.3214847903101036
1741616160.0,5.614325014460718,-0.321425783126773
1741616220.0,5.6144755672640185,-0.3213667696435019
1741616280.0,5.614626112388376,-0.32130774986201993
1741616340.0,5.614776649834787,-0.3212487237840515
1741616400.0,5.61492717960428,-0.32118969141132453
1741616460.0,5.6150777016978495,-0.321130652745565
1741616520.0,5.61522821611649,-0.321071607788501
1741616580.0,5.615378722861233,-0.32101255654186034
1741616640.0,5.615529221933106,-0.3209534990073655
1741616700.0,5.615679713333072,-0.32089443518674626
1741616760.0,5.615830197062192,-0.3208353650817252
1741616820.0,5.615980673121428,-0.32077628869403024
1741616880.0,5.616131141511828,-0.3207172060253875
1741616940.0,5.616281602234385,-0.32065811707752134
1741617000.0,5.616432055290129,-0.3205990218521561
1741617060.0,5.616582500680038,-0.320539920351018
1741617120.0,5.616732938405177,-0.3204808125758297
1741617180.0,5.616883368466505,-0.320421698528319
1741617240.0,5.61703379086507,-0.3203625782102068
1741617300.0,5.617184205601866,-0.32030345162321927
1741617360.0,5.617334612677924,-0.32024431876907894
1741617420.0,5.617485012094255,-0.3201851796495104
1741617480.0,5.617635403851872,-0.3201260342662361
1741617540.0,5.617785787951769,-0.32006688262098054
1741617600.0,5.617936164394995,-0.32000772471546624
1741617660.0,5.61808653318256,-0.319948560551416
1741617720.0,5.618236894315443,-0.31988939013055234
1741617780.0,5.6183872477947085,-0.31983021345459794
1741617840.0,5.61853759362135,-0.3197710305252737
1741617900.0,5.618687931796399,-0.3197118413443023
1741617960.0,5.618838262320849,-0.31965264591340625
1741618020.0,5.618988585195732,-0.3195934442343066
1741618080.0,5.619138900422056,-0.31953423630872585
1741618140.0,5.619289208000855,-0.31947502213838325
1741618200.0,5.61943950793314,-0.31941580172500145
1741618260.0,5.6195898002199405,-0.31935657507029946
1741618320.0,5.619740084862268,-0.3192973421760001
1741618380.0,5.619890361861117,-0.3192381030438206
1741618440.0,5.620040631217554,-0.3191788576754837
1741618500.0,5.620190892932573,-0.3191196060727086
1741618560.0,5.620341147007188,-0.31906034823721435
1741618620.0,5.6204913934424425,-0.3190010841707219
1741618680.0,5.6206416322393515,-0.3189418138749487
1741618740.0,5.6207918633989085,-0.31888253735161726
1741618800.0,5.62094208692218,-0.31882325460244154
1741618860.0,5.621092302810158,-0.31876396562914244
1741618920.0,5.621242511063875,-0.318704670433441
1741618980.0,5.62139271168436,-0.31864536901704915
1741619040.0,5.621542904672624,-0.31858606138169315
1741619100.0,5.621693090029698,-0.3185267475290834
1741619160.0,5.621843267756594,-0.3184674274609425
1741619220.0,5.621993437854359,-0.3184081011789862
1741619280.0,5.622143600324005,-0.31834876868493184
1741619340.0,5.622293755166563,-0.3182894299804951
1741619400.0,5.6224439023830435,-0.3182300850673951
1741619460.0,5.622594041974495,-0.3181707339473458
1741619520.0,5.622744173941912,-0.3181113766220663
1741619580.0,5.622894298286342,-0.3180520130932705
1741619640.0,5.623044415008832,-0.31799264336267596
1741619700.0,5.6231945241103585,-0.3179332674319981
1741619760.0,5.623344625592005,-0.31787388530295096
1741619820.0,5.623494719454748,-0.317814496977252
1741619880.0,5.623644805699653,-0.3177551024566168
1741619940.0,5.623794884327731,-0.3176957017427576
1741620000.0,5.623944955340013,-0.3176362948373899
1741620060.0,5.6240950187375285,-0.3175768817422295
1741620120.0,5.624245074521307,-0.3175174624589903
1741620180.0,5.624395122692376,-0.3174580369893861
1741620240.0,5.624545163251769,-0.317398605335131
1741620300.0,5.6246951962005145,-0.3173391674979353
1741620360.0,5.624845221539659,-0.31727972347951816
1741620420.0,5.6249952392701985,-0.31722027328159
1741620480.0,5.625145249393195,-0.3171608169058648
1741620540.0,5.625295251909664,-0.31710135435405284
1741620600.0,5.625445246820651,-0.31704188562786995
1741620660.0,5.625595234127169,-0.31698241072902816
1741620720.0,5.625745213830282,-0.3169229296592363
1741620780.0,5.625895185930985,-0.3168634424202098
1741620840.0,5.6260451504303255,-0.3168039490136594
1741620900.0,5.626195107329351,-0.3167444494412969
1741620960.0,5.62634505662909,-0.31668494370483297
1741621020.0,5.626494998330556,-0.3166254318059798
1741621080.0,5.626644932434813,-0.3165659137464459
1741621140.0,5.626794858942873,-0.3165063895279435
1741621200.0,5.626944777855785,-0.31644685915218485
1741621260.0,5.627094689174576,-0.3163873226208803
1741621320.0,5.627244592900294,-0.3163277799357351
1741621380.0,5.627394489033972,-0.3162682310984647
1741621440.0,5.627544377576636,-0.3162086761107763
1741621500.0,5.627694258529316,-0.3161491149743785
1741621560.0,5.627844131893078,-0.3160895476909816
1741621620.0,5.627993997668934,-0.3160299742622961
1741621680.0,5.628143855857932,-0.315970394690029
1741621740.0,5.6282937064611165,-0.3159108089758889
1741621800.0,5.628443549479502,-0.3158512171215846
1741621860.0,5.628593384914171,-0.31579161912882453
1741621920.0,5.628743212766116,-0.3157320149993158
1741621980.0,5.628893033036387,-0.3156724047347671
1741622040.0,5.629042845726047,-0.31561278833688705
1741622100.0,5.629192650836125,-0.31555316580738085
1741622160.0,5.629342448367653,-0.3154935371479554
1741622220.0,5.629492238321658,-0.31543390236031943
1741622280.0,5.629642020699225,-0.31537426144617986
1741622340.0,5.629791795501364,-0.3153146144072419
1741622400.0,5.629941562729106,-0.31525496124521063
1741622460.0,5.6300913223835325,-0.31519530196179485
1741622520.0,5.63024107446564,-0.31513563655869964
1741622580.0,5.630390818976508,-0.3150759650376303
1741622640.0,5.630540555917168,-0.3150162874002919
1741622700.0,5.630690285288649,-0.3149566036483898
1741622760.0,5.630840007092015,-0.314896913783629
1741622820.0,5.630989721328297,-0.31483721780771473
1741622880.0,5.631139427998526,-0.31477751572235224
1741622940.0,5.631289127103781,-0.31471780752924494
1741623000.0,5.631438818645092,-0.3146580932300963
1741623060.0,5.631588502623491,-0.31459837282661146
1741623120.0,5.631738179040043,-0.31453864632049217
1741623180.0,5.631887847895775,-0.3144789137134453
1741623240.0,5.632037509191752,-0.3144191750071725
1741623300.0,5.632187162928989,-0.3143594302033773
1741623360.0,5.6323368091085655,-0.31429967930376146
1741623420.0,5.632486447731529,-0.31423992231002656
1741623480.0,5.632636078798911,-0.31418015922387954
1741623540.0,5.632785702311757,-0.31412039004701864
1741623600.0,5.632935318271115,-0.31406061478114905
1741623660.0,5.633084926678049,-0.31400083342796725
1741623720.0,5.633234527533607,-0.3139410459891801
1741623780.0,5.633384120838801,-0.31388125246648935
1741623840.0,5.633533706594729,-0.3138214528615914
1741623900.0,5.633683284802424,-0.3137616471761898
1741623960.0,5.633832855462912,-0.31370183541198615
1741624020.0,5.633982418577278,-0.31364201757068044
1741624080.0,5.63413197414655,-0.31358219365397266
1741624140.0,5.6342815221717775,-0.3135223636635627
1741624200.0,5.634431062654023,-0.3134625276011505
1741624260.0,5.6345805955943336,-0.3134026854684378
1741624320.0,5.634730120993774,-0.31334283726712103
1741624380.0,5.634879638853377,-0.3132829829988984
1741624440.0,5.635029149174203,-0.3132231226654751
1741624500.0,5.635178651957301,-0.31316325626854413
1741624560.0,5.635328147203719,-0.3131033838098071
1741624620.0,5.635477634914539,-0.31304350529096236
1741624680.0,5.63562711509077,-0.3129836207137063
1741624740.0,5.635776587733499,-0.312923730079737
1741624800.0,5.635926052843771,-0.31286383339075285
1741624860.0,5.636075510422649,-0.31280393064845197
1741624920.0,5.636224960471147,-0.31274402185453265
1741624980.0,5.6363744029903655,-0.3126841070106894
1741625040.0,5.6365238379813505,-0.31262418611862064
1741625100.0,5.636673265445166,-0.3125642591800228
1741625160.0,5.636822685382826,-0.3125043261965922
1741625220.0,5.636972097795446,-0.3124443871700236
1741625280.0,5.637121502684022,-0.31238444210201705
1741625340.0,5.637270900049652,-0.31232449099426546
1741625400.0,5.637420289893402,-0.3122645338484653
1741625460.0,5.6375696722162845,-0.3122045706663095
1741625520.0,5.637719047019398,-0.31214460144949807
1741625580.0,5.637868414303773,-0.3120846261997205
1741625640.0,5.63801777407049,-0.3120246449186784
1741625700.0,5.6381671263205995,-0.3119646576080578
1741625760.0,5.638316471055145,-0.3119046642695604
1741625820.0,5.638465808275211,-0.31184466490487395
1741625880.0,5.638615137981844,-0.3117846595157001
1741625940.0,5.638764460176092,-0.31172464810372497
1741626000.0,5.638913774859052,-0.3116646306706448
1741626060.0,5.63906308203174,-0.31160460721815625
1741626120.0,5.639212381695253,-0.3115445777479469
1741626180.0,5.639361673850638,-0.31148454226171335
1741626240.0,5.639510958498944,-0.3114245007611467
1741626300.0,5.6396602356412515,-0.31136445324793827
1741626360.0,5.639809505278626,-0.31130439972378093
1741626420.0,5.639958767412113,-0.3112443401903678
1741626480.0,5.640108022042781,-0.31118427464938997
1741626540.0,5.64025726917169,-0.3111242031025387
1741626600.0,5.6404065087999085,-0.31106412555150526
1741626660.0,5.640555740928499,-0.3110040419979825
1741626720.0,5.640704965558527,-0.3109439524436583
1741626780.0,5.640854182691074,-0.310883856890222
1741626840.0,5.641003392327153,-0.31082375533937023
1741626900.0,5.641152594467881,-0.3107636477927888
1741626960.0,5.641301789114304,-0.31070353425216735
1741627020.0,5.641450976267471,-0.31064341471919865
1741627080.0,5.641600155928479,-0.31058328919556893
1741627140.0,5.641749328098379,-0.31052315768296923
1741627200.0,5.641898492778213,-0.3104630201830891
1741627260.0,5.642047649969103,-0.310402876697618
1741627320.0,5.642196799672059,-0.3103427272282419
1741627380.0,5.6423459418881805,-0.3102825717766504
1741627440.0,5.64249507661855,-0.3102224103445311
1741627500.0,5.642644203864197,-0.3101622429335752
1741627560.0,5.6427933236261865,-0.31010206954546704
1741627620.0,5.642942435905636,-0.31004189018189604
1741627680.0,5.643091540703574,-0.30998170484455
1741627740.0,5.643240638021067,-0.3099215135351148
1741627800.0,5.643389727859211,-0.30986131625527663
1741627860.0,5.643538810219057,-0.30980111300672303
1741627920.0,5.643687885101684,-0.3097409037911435
1741627980.0,5.64383695250816,-0.30968068861021875
1741628040.0,5.643986012439547,-0.3096204674656385
1741628100.0,5.644135064896929,-0.30956024035908675
1741628160.0,5.644284109881351,-0.3095000072922531
1741628220.0,5.644433147393914,-0.3094397682668181
1741628280.0,5.644582177435683,-0.3093795232844698
1741628340.0,5.644731200007722,-0.30931927234689227
1741628400.0,5.644880215111113,-0.3092590154557697
1741628460.0,5.6450292227469205,-0.30919875261278645
1741628520.0,5.645178222916209,-0.3091384838196302
1741628580.0,5.645327215620079,-0.30907820907797995
1741628640.0,5.645476200859577,-0.30901792838952175
1741628700.0,5.645625178635786,-0.30895764175594154
1741628760.0,5.645774148949769,-0.30889734917892175
1741628820.0,5.645923111802628,-0.3088370506601415
1741628880.0,5.6460720671954245,-0.30877674620129014
1741628940.0,5.646221015129209,-0.30871643580404506
1741629000.0,5.646369955605096,-0.30865611947009225
1741629060.0,5.6465188886241515,-0.3085957972011106
1741629120.0,5.646667814187421,-0.3085354689987862
1741629180.0,5.646816732296024,-0.3084751348648015
1741629240.0,5.646965642950988,-0.30841479480083206
1741629300.0,5.647114546153432,-0.30835444880856555
1741629360.0,5.647263441904419,-0.308294096889681
1741629420.0,5.6474123302050145,-0.3082337390458592
1741629480.0,5.647561211056318,-0.3081733752787808
1741629540.0,5.647710084459395,-0.30811300559012667
1741629600.0,5.6478589504153245,-0.3080526299815758
1741629660.0,5.648007808925175,-0.3079922484548124
1741629720.0,5.648156659990043,-0.3079318610115137
1741629780.0,5.6483055036109775,-0.307871467653357
1741629840.0,5.6484543397891125,-0.3078110683820266
1741629900.0,5.6486031685254785,-0.30775066319919786
1741629960.0,5.648751989821173,-0.3076902521065517
1741630020.0,5.648900803677264,-0.3076298351057653
1741630080.0,5.649049610094846,-0.3075694121985229
1741630140.0,5.649198409075007,-0.3075089833864948
1741630200.0,5.649347200618807,-0.3074485486713635
1741630260.0,5.64949598472733,-0.30738810805480793
1741630320.0,5.649644761401676,-0.30732766153850377
1741630380.0,5.649793530642908,-0.30726720912412814
1741630440.0,5.64994229245211,-0.30720675081336
1741630500.0,5.650091046830381,-0.3071462866078751
1741630560.0,5.650239793778785,-0.3070858165093505
1741630620.0,5.650388533298422,-0.3070253405194635
1741630680.0,5.650537265390357,-0.3069648586398914
1741630740.0,5.650685990055688,-0.30690437087230793
1741630800.0,5.650834707295481,-0.3068438772183904
1741630860.0,5.650983417110837,-0.3067833776798143
1741630920.0,5.6511321195028525,-0.3067228722582551
1741630980.0,5.6512808144725755,-0.3066623609553884
1741631040.0,5.651429502021108,-0.3066018437728897
1741631100.0,5.651578182149546,-0.306541320712431
1741631160.0,5.651726854858956,-0.30648079177569126
1741631220.0,5.6518755201504565,-0.3064202569643426
1741631280.0,5.652024178025092,-0.3063597162800587
1741631340.0,5.65217282848398,-0.30629916972451515
1741631400.0,5.652321471528187,-0.30623861729938223
1741631460.0,5.652470107158811,-0.3061780590063389
1741631520.0,5.652618735376933,-0.30611749484705364
1741631580.0,5.652767356183656,-0.30605692482320207
1741631640.0,5.652915969580041,-0.30599634893645455
1741631700.0,5.65306457556719,-0.30593576718848814
1741631760.0,5.653213174146201,-0.3058751795809732
1741631820.0,5.653361765318158,-0.30581458611557827
1741631880.0,5.653510349084141,-0.3057539867939789
1741631940.0,5.653658925445233,-0.3056933816178471
1741632000.0,5.653807494402551,-0.30563277058885313
1741632060.0,5.653956055957161,-0.30557215370866897
1741632120.0,5.654104610110159,-0.30551153097896505
1741632180.0,5.654253156862632,-0.30545090240141326
1741632240.0,5.654401696215692,-0.30539026797768215
1741632300.0,5.654550228170407,-0.3053296277094437
1741632360.0,5.654698752727859,-0.3052689815983701
1741632420.0,5.65484726988918,-0.30520832964612626
1741632480.0,5.654995779655402,-0.30514767185438607
1741632540.0,5.655144282027677,-0.3050870082248179
1741632600.0,5.655292777007068,-0.3050263387590904
1741632660.0,5.655441264594676,-0.30496566345887205
1741632720.0,5.655589744791582,-0.3049049823258332
1741632780.0,5.655738217598886,-0.30484429536164226
1741632840.0,5.655886683017671,-0.30478360256796794
1741632900.0,5.656035141049053,-0.3047229039464751
1741632960.0,5.656183591694114,-0.3046621994988376
1741633020.0,5.656332034953937,-0.30460148922671704
1741633080.0,5.656480470829638,-0.30454077313178535
1741633140.0,5.6566288993223,-0.3044800512157077
1741633200.0,5.656777320433021,-0.3044193234801507
1741633260.0,5.656925734162885,-0.30435858992678305
1741633320.0,5.657074140513008,-0.3042978505572697
1741633380.0,5.657222539484472,-0.3042371053732792
1741633440.0,5.657370931078377,-0.30417635437647317
1741633500.0,5.657519315295807,-0.3041155975685218
1741633560.0,5.657667692137875,-0.30405483495109015
1741633620.0,5.657816061605684,-0.3039940665258434
1741633680.0,5.657964423700313,-0.3039332922944446
1741633740.0,5.658112778422881,-0.3038725122585607
1741633800.0,5.658261125774453,-0.3038117264198585
1741633860.0,5.658409465756145,-0.30375093477999954
1741633920.0,5.658557798369074,-0.30369013734064704
1741633980.0,5.658706123614306,-0.3036293341034696
1741634040.0,5.658854441492956,-0.303568525070127
1741634100.0,5.659002752006124,-0.30350771024228607
1741634160.0,5.659151055154912,-0.3034468896216083
1741634220.0,5.659299350940398,-0.3033860632097554
1741634280.0,5.65944763936372,-0.3033252310083939
1741634340.0,5.659595920425942,-0.30326439301918384
1741634400.0,5.65974419412818,-0.30320354924379017
1741634460.0,5.659892460471552,-0.3031426996838727
1741634520.0,5.66004071945712,-0.3030818443410965
1741634580.0,5.660188971086022,-0.3030209832171195
1741634640.0,5.660337215359321,-0.302960116313607
1741634700.0,5.660485452278168,-0.3028992436322186
1741634760.0,5.660633681843629,-0.3028383651746159
1741634820.0,5.6607819040568215,-0.3027774809424587
1741634880.0,5.660930118918826,-0.30271659093740866
1741634940.0,5.661078326430779,-0.3026556951611272
1741635000.0,5.661226526593761,-0.3025947936152724
1741635060.0,5.661374719408889,-0.3025338863015077
1741635120.0,5.661522904877245,-0.30247297322149097
1741635180.0,5.661671082999964,-0.3024120543768786
1741635240.0,5.66181925377813,-0.3023511297693374
1741635300.0,5.661967417212856,-0.30229019940051854
1741635360.0,5.662115573305227,-0.30222926327208693
1741635420.0,5.662263722056376,-0.3021683213856971
1741635480.0,5.662411863467387,-0.3021073737430108
1741635540.0,5.662559997539375,-0.30204642034568413
1741635600.0,5.66270812427344,-0.301985461195377
1741635660.0,5.662856243670699,-0.30192449629374407
1741635720.0,5.663004355732253,-0.30186352564244495
1741635780.0,5.663152460459218,-0.30180254924313793
1741635840.0,5.663300557852676,-0.3017415670974791
1741635900.0,5.663448647913761,-0.301680579207125
1741635960.0,5.663596730643555,-0.30161958557373175
1741636020.0,5.663744806043193,-0.3015585861989575
1741636080.0,5.663892874113775,-0.3014975810844569
1741636140.0,5.664040934856383,-0.30143657023188786
1741636200.0,5.6641889882721514,-0.3013755536429033
1741636260.0,5.664337034362196,-0.3013145313191612
1741636320.0,5.6644850731276,-0.30125350326231276
1741636380.0,5.664633104569499,-0.3011924694740178
1741636440.0,5.66478112868899,-0.3011314299559308
1741636500.0,5.664929145487174,-0.3010703847097045
1741636560.0,5.665077154965169,-0.3010093337369936
1741636620.0,5.665225157124107,-0.30094827703945104
1741636680.0,5.6653731519650545,-0.30088721461873463
1741636740.0,5.665521139489163,-0.30082614647649386
1741636800.0,5.665669119697514,-0.30076507261438507
1741636860.0,5.665817092591226,-0.3007039930340592
1741636920.0,5.665965058171432,-0.3006429077371693
1741636980.0,5.6661130164392315,-0.30058181672536965
1741637040.0,5.666260967395725,-0.30052072000031327
1741637100.0,5.666408911042029,-0.3004596175636513
1741637160.0,5.666556847379261,-0.3003985094170346
1741637220.0,5.666704776408538,-0.3003373955621162
1741637280.0,5.666852698130975,-0.3002762760005506
1741637340.0,5.667000612547675,-0.3002151507339836
1741637400.0,5.667148519659752,-0.3001540197640716
1741637460.0,5.667296419468324,-0.3000928830924621
1741637520.0,5.667444311974508,-0.3000317407208063
1741637580.0,5.667592197179423,-0.2999705926507569
1741637640.0,5.667740075084166,-0.29990943888396154
1741637700.0,5.667887945689872,-0.2998482794220714
1741637760.0,5.66803580899764,-0.2997871142667356
1741637820.0,5.6681836650085895,-0.29972594341960546
1741637880.0,5.668331513723852,-0.2996647668823284
1741637940.0,5.668479355144512,-0.29960358465655557
1741638000.0,5.668627189271719,-0.299542396743931
1741638060.0,5.668775016106575,-0.29948120314610943
1741638120.0,5.6689228356501955,-0.2994200038647347
1741638180.0,5.669070647903714,-0.2993587989014582
1741638240.0,5.669218452868216,-0.2992975882579273
1741638300.0,5.669366250544851,-0.2992363719357879
1741638360.0,5.669514040934701,-0.29917514993668937
1741638420.0,5.669661824038918,-0.29911392226227757
1741638480.0,5.6698095998586195,-0.29905268891419995
1741638540.0,5.669957368394906,-0.29899144989410253
1741638600.0,5.670105129648893,-0.29893020520363456
1741638660.0,5.670252883621715,-0.29886895484444015
1741638720.0,5.670400630314489,-0.29880769881816693
1741638780.0,5.670548369728333,-0.29874643712645715
1741638840.0,5.670696101864364,-0.298685169770962
1741638900.0,5.670843826723698,-0.298623896753322
1741638960.0,5.670991544307469,-0.29856261807518314
1741639020.0,5.671139254616797,-0.29850133373819465
1741639080.0,5.671286957652796,-0.2984400437439971
1741639140.0,5.671434653416566,-0.29837874809423465
1741639200.0,5.671582341909278,-0.29831744679055316
1741639260.0,5.671730023132011,-0.2982561398345984
1741639320.0,5.671877697085903,-0.29819482722800933
1741639380.0,5.672025363772069,-0.29813350897243523
1741639440.0,5.672173023191644,-0.2980721850695132
1741639500.0,5.672320675345746,-0.29801085552089096
1741639560.0,5.672468320235507,-0.29794952032821076
1741639620.0,5.672615957862027,-0.2978881794931131
1741639680.0,5.672763588226426,-0.29782683301724405
1741639740.0,5.67291121132987,-0.2977654809022423
1741639800.0,5.673058827173443,-0.29770412314975025
1741639860.0,5.67320643575828,-0.29764275976141036
1741639920.0,5.673354037085512,-0.29758139073886486
1741639980.0,5.6735016311562605,-0.29752001608375445
1741640040.0,5.673649217971657,-0.29745863579771964
1741640100.0,5.673796797532819,-0.2973972498824028
1741640160.0,5.673944369840864,-0.29733585833944115
1741640220.0,5.674091934896928,-0.297274461170477
1741640280.0,5.6742394927021245,-0.29721305837715256
1741640340.0,5.674387043257608,-0.29715164996110344
1741640400.0,5.674534586564494,-0.2970902359239718
1741640460.0,5.674682122623883,-0.2970288162673967
1741640520.0,5.674829651436927,-0.29696739099301683
1741640580.0,5.674977173004761,-0.29690596010247283
1741640640.0,5.675124687328483,-0.2968445235974019
1741640700.0,5.675272194409245,-0.2967830814794393
1741640760.0,5.675419694248166,-0.29672163375022925
1741640820.0,5.675567186846378,-0.296660180411407
1741640880.0,5.675714672205,-0.29659872146460975
1741640940.0,5.675862150325183,-0.2965372569114764
1741641000.0,5.676009621208026,-0.2964757867536423
1741641060.0,5.676157084854682,-0.29641431099274623
1741641120.0,5.6763045412662505,-0.2963528296304236
1741641180.0,5.6764519904439,-0.2962913426683116
1741641240.0,5.676599432388749,-0.29622985010804725
1741641300.0,5.676746867101895,-0.29616835195126595
1741641360.0,5.676894294584526,-0.2961068481996049
1741641420.0,5.677041714837706,-0.29604533885469764
1741641480.0,5.677189127862624,-0.2959838239181796
1741641540.0,5.6773365336603945,-0.29592230339168785
1741641600.0,5.677483932232118,-0.295860777276856
1741641660.0,5.677631323578963,-0.2957992455753213
1741641720.0,5.677778707702048,-0.295737708288712
1741641780.0,5.677926084602507,-0.29567616541866876
1741641840.0,5.678073454281473,-0.2956146169668234
1741641900.0,5.678220816740083,-0.29555306293480793
1741641960.0,5.678368171979453,-0.2954915033242577
1741642020.0,5.678515520000733,-0.295429938136808
1741642080.0,5.678662860805042,-0.29536836737408545
1741642140.0,5.678810194393533,-0.29530679103773083
1741642200.0,5.67895752076732,-0.29524520912937063
1741642260.0,5.679104839927557,-0.2951836216506403
1741642320.0,5.67925215187536,-0.2951220286031717
1741642380.0,5.679399456611866,-0.29506042998859494
1741642440.0,5.679546754138205,-0.2949988258085455
1741642500.0,5.679694044455551,-0.2949372160646481
1741642560.0,5.679841327564982,-0.29487560075854174
1741642620.0,5.67998860346767,-0.2948139798918531
1741642680.0,5.680135872164748,-0.2947523534662105
1741642740.0,5.680283133657335,-0.294690721483251
1741642800.0,5.680430387946599,-0.2946290839445978
1741642860.0,5.6805776350336386,-0.29456744085188635
1741642920.0,5.6807248749196075,-0.2945057922067433
1741642980.0,5.68087210760564,-0.2944441380108004
1741643040.0,5.681019333092887,-0.29438247826568437
1741643100.0,5.681166551382465,-0.2943208129730271
1741643160.0,5.681313762475527,-0.29425914213445525
1741643220.0,5.681460966373209,-0.2941974657515972
1741643280.0,5.6816081630766435,-0.2941357838260848
1741643340.0,5.681755352586964,-0.29407409635954124
1741643400.0,5.6819025349053245,-0.29401240335359663
1741643460.0,5.6820497100328415,-0.29395070480987945
1741643520.0,5.682196877970683,-0.2938890007300162
1741643580.0,5.682344038719968,-0.29382729111563544
1741643640.0,5.682491192281847,-0.29376557596836195
1741643700.0,5.682638338657439,-0.29370385528982235
1741643760.0,5.68278547784791,-0.29364212908164344
1741643820.0,5.682932609854397,-0.2935803973454535
1741643880.0,5.683079734678016,-0.2935186600828774
1741643940.0,5.683226852319938,-0.29345691729554013
1741644000.0,5.683373962781277,-0.2933951689850683
1741644060.0,5.6835210660631885,-0.293333415153085
1741644120.0,5.683668162166821,-0.293271655801217
1741644180.0,5.6838152510933115,-0.2932098909310909
1741644240.0,5.683962332843794,-0.2931481205443264
1741644300.0,5.6841094074194185,-0.29308634464255173
1741644360.0,5.684256474821321,-0.2930245632273902
1741644420.0,5.684403535050637,-0.29296277630046497
1741644480.0,5.684550588108534,-0.29290098386339913
1741644540.0,5.684697633996147,-0.29283918591781766
1741644600.0,5.684844672714594,-0.2927773824653418
1741644660.0,5.684991704265061,-0.29271557350759664
1741644720.0,5.6851387286486466,-0.29265375904620355
1741644780.0,5.685285745866522,-0.29259193908278563
1741644840.0,5.685432755919821,-0.2925301136189643
1741644900.0,5.685579758809712,-0.29246828265635927
1741644960.0,5.685726754537295,-0.29240644619659895
1741645020.0,5.685873743103758,-0.29234460424129766
1741645080.0,5.686020724510235,-0.2922827567920786
1741645140.0,5.686167698757859,-0.292220903850565
1741645200.0,5.686314665847766,-0.29215904541837645
1741645260.0,5.686461625781143,-0.2920971814971344
1741645320.0,5.686608578559088,-0.29203531208845673
1741645380.0,5.686755524182789,-0.2919734371939631
1741645440.0,5.6869024626533635,-0.2919115568152785
1741645500.0,5.687049393971963,-0.29184967095401554
1741645560.0,5.687196318139755,-0.29178777961179736
1741645620.0,5.687343235157859,-0.29172588279024375
1741645680.0,5.687490145027443,-0.29166398049097064
1741645740.0,5.687637047749643,-0.2916020727155997
1741645800.0,5.687783943325609,-0.29154015946574696
1741645860.0,5.687930831756494,-0.2914782407430322
1741645920.0,5.688077713043432,-0.2914163165490732
1741645980.0,5.688224587187593,-0.2913543868854827
1741646040.0,5.6883714541901105,-0.29129245175388563
1741646100.0,5.6885183140521365,-0.2912305111558964
1741646160.0,5.688665166774842,-0.2911685650931294
1741646220.0,5.6888120123593415,-0.2911066135672044
1741646280.0,5.688958850806789,-0.29104465657973566
1741646340.0,5.689105682118354,-0.2909826941323413
1741646400.0,5.689252506295186,-0.29092072622663734
1741646460.0,5.689399323338423,-0.29085875286423657
1741646520.0,5.689546133249213,-0.29079677404675686
1741646580.0,5.689692936028728,-0.2907347897758126
1741646640.0,5.689839731678101,-0.2906728000530183
1741646700.0,5.689986520198486,-0.2906108048799901
1741646760.0,5.690133301591033,-0.2905488042583424
1741646820.0,5.6902800758568945,-0.2904867981896879
1741646880.0,5.690426842997223,-0.2904247866756428
1741646940.0,5.6905736030131875,-0.29036276971781805
1741647000.0,5.690720355905921,-0.2903007473178298
1741647060.0,5.6908671016765595,-0.29023871947729074
1741647120.0,5.691013840326289,-0.29017668619781345
1741647180.0,5.691160571856264,-0.29011464748101085
1741647240.0,5.691307296267616,-0.2900526033284954
1741647300.0,5.691454013561497,-0.28999055374187993
1741647360.0,5.691600723739079,-0.289928498722777
1741647420.0,5.691747426801511,-0.2898664382727959
1741647480.0,5.691894122749928,-0.2898043723935493
1741647540.0,5.6920408115855174,-0.28974230108665155
1741647600.0,5.692187493309415,-0.2896802243537102
1741647660.0,5.692334167922771,-0.28961814219633614
1741647720.0,5.692480835426737,-0.28955605461614387
1741647780.0,5.692627495822501,-0.28949396161473895
1741647840.0,5.6927741491111625,-0.2894318631937359
1741647900.0,5.692920795293943,-0.28936975935474046
1741647960.0,5.693067434371959,-0.2893076500993635
1741648020.0,5.693214066346362,-0.28924553542921944
1741648080.0,5.693360691218323,-0.28918341534590886
1741648140.0,5.693507308988993,-0.2891212898510478
1741648200.0,5.693653919659541,-0.2890591589462403
1741648260.0,5.6938005232311015,-0.28899702263309895
1741648320.0,5.693947119704847,-0.28893488091322783
1741648380.0,5.69409370908194,-0.28887273378823786
1741648440.0,5.694240291363522,-0.28881058125973635
1741648500.0,5.694386866550776,-0.28874842332932915
1741648560.0,5.69453343464482,-0.2886862599986254
1741648620.0,5.694679995646858,-0.2886240912692291
1741648680.0,5.694826549558007,-0.28856191714275287
1741648740.0,5.694973096379456,-0.2884997376207973
1741648800.0,5.695119636112353,-0.28843755270497135
1741648860.0,5.69526616875787,-0.28837536239687744
1741648920.0,5.695412694317141,-0.2883131666981264
1741648980.0,5.695559212791351,-0.288250965610324
1741649040.0,5.695705724181638,-0.2881887591350707
1741649100.0,5.695852228489168,-0.2881265472739757
1741649160.0,5.695998725715113,-0.2880643300286411
1741649220.0,5.696145215860606,-0.2880021074006745
1741649280.0,5.696291698926852,-0.28793987939167803
1741649340.0,5.696438174914984,-0.2878776460032556
1741649400.0,5.696584643826156,-0.28781540723700955
1741649460.0,5.696731105661553,-0.28775316309454735
1741649520.0,5.69687756042231,-0.28769091357746923
1741649580.0,5.697024008109614,-0.28762865868738113
1741649640.0,5.697170448724618,-0.28756639842588344
1741649700.0,5.697316882268473,-0.28750413279458004
1741649760.0,5.697463308742347,-0.2874418617950698
1741649820.0,5.697609728147412,-0.2873795854289618
1741649880.0,5.697756140484817,-0.2873173036978513
1741649940.0,5.697902545755752,-0.287255016603344
1741650000.0,5.698048943961348,-0.28719272414704045
1741650060.0,5.698195335102778,-0.2871304263305392
1741650120.0,5.698341719181209,-0.28706812315544433
1741650180.0,5.698488096197811,-0.28700581462335456
1741650240.0,5.698634466153752,-0.28694350073587027
1741650300.0,5.69878082905017,-0.2868811814945938
1741650360.0,5.698927184888248,-0.2868188569011238
1741650420.0,5.699073533669158,-0.286756526957059
1741650480.0,5.69921987539405,-0.2866941916639981
1741650540.0,5.699366210064112,-0.2866318510235434
1741650600.0,5.699512537680479,-0.2865695050372917
1741650660.0,5.699658858244319,-0.2865071537068419
1741650720.0,5.699805171756836,-0.28644479703379266
1741650780.0,5.699951478219149,-0.28638243501974264
1741650840.0,5.700097777632443,-0.2863200676662889
1741650900.0,5.700244069997906,-0.2862576949750301
1741650960.0,5.700390355316672,-0.28619531694756156
1741651020.0,5.700536633589909,-0.2861329335854819
1741651080.0,5.700682904818806,-0.2860705448903882
1741651140.0,5.700829169004533,-0.2860081508638773
1741651200.0,5.700975426148239,-0.2859457515075463
1741651260.0,5.701121676251094,-0.2858833468229886
1741651320.0,5.701267919314252,-0.2858209368118047
1741651380.0,5.701414155338916,-0.28575852147558645
1741651440.0,5.701560384326238,-0.2856961008159306
1741651500.0,5.701706606277386,-0.2856336748344308
1741651560.0,5.701852821193532,-0.2855712435326858
1741651620.0,5.701999029075826,-0.2855088069122872
1741651680.0,5.702145229925456,-0.2854463649748303
1741651740.0,5.702291423743589,-0.2853839177219085
1741651800.0,5.702437610531398,-0.2853214651551173
1741651860.0,5.70258379029005,-0.28525900727605163
1741651920.0,5.702729963020698,-0.28519654408630163
1741651980.0,5.702876128724545,-0.2851340755874625
1741652040.0,5.703022287402744,-0.285071601781126
1741652100.0,5.703168439056445,-0.28500912266888556
1741652160.0,5.703314583686856,-0.28494663825233474
1741652220.0,5.7034607212951265,-0.2848841485330635
1741652280.0,5.703606851882425,-0.28482165351266703
1741652340.0,5.70375297544994,-0.28475915319273365
1741652400.0,5.703899091998823,-0.28469664757485685
1741652460.0,5.70404520153026,-0.28463413666062654
1741652520.0,5.7041913040454215,-0.28457162045163625
1741652580.0,5.704337399545477,-0.2845090989494743
1741652640.0,5.704483488031594,-0.2844465721557323
1741652700.0,5.704629569504961,-0.28438404007200213
1741652760.0,5.70477564396673,-0.2843215026998684
1741652820.0,5.704921711418088,-0.28425896004092643
1741652880.0,5.705067771860202,-0.2841964120967628
1741652940.0,5.705213825294244,-0.2841338588689673
1741653000.0,5.7053598717214005,-0.2840713003591301
1741653060.0,5.70550591114284,-0.28400873656883935
1741653120.0,5.705651943559714,-0.2839461674996834
1741653180.0,5.705797968973246,-0.2838835931532486
1741653240.0,5.705943987384551,-0.2838210135311251
1741653300.0,5.706089998794852,-0.2837584286349029
1741653360.0,5.706236003205283,-0.28369583846616486
1741653420.0,5.706382000617065,-0.2836332430265011
1741653480.0,5.706527991031336,-0.2835706423174963
1741653540.0,5.706673974449278,-0.2835080363407423
1741653600.0,5.70681995087208,-0.2834454250978185
1741653660.0,5.706965920300912,-0.2833828085903167
1741653720.0,5.7071118827369425,-0.28332018681982
1741653780.0,5.707257838181358,-0.2832575597879183
1741653840.0,5.70740378663533,-0.2831949274961911
1741653900.0,5.707549728100043,-0.2831322899462267
1741653960.0,5.707695662576667,-0.28306964713960986
1741654020.0,5.707841590066371,-0.28300699907792704
1741654080.0,5.707987510570343,-0.28294434576275956
1741654140.0,5.708133424089751,-0.2828816871956921
1741654200.0,5.708279330625783,-0.28281902337831305
1741654260.0,5.708425230179607,-0.2827563543122018
1741654320.0,5.708571122752413,-0.28269367999894146
1741654380.0,5.708717008345383,-0.28263100044011846
1741654440.0,5.708862886959673,-0.2825683156373141
1741654500.0,5.709008758596485,-0.2825056255921096
1741654560.0,5.709154623256971,-0.2824429303060898
1741654620.0,5.709300480942336,-0.2823802297808377
1741654680.0,5.709446331653751,-0.28231752401793275
1741654740.0,5.709592175392383,-0.2822548130189581
1741654800.0,5.709738012159436,-0.28219209678549484
1741654860.0,5.709883841956064,-0.28212937531912263
1741654920.0,5.710029664783469,-0.28206664862142794
1741654980.0,5.710175480642804,-0.2820039166939832
1741655040.0,5.710321289535291,-0.2819411795383769
1741655100.0,5.710467091462066,-0.2818784371561831
1741655160.0,5.71061288642433,-0.281815689548985
1741655220.0,5.71075867442327,-0.28175293671836366
1741655280.0,5.710904455460058,-0.28169017866589524
1741655340.0,5.711050229535881,-0.2816274153931593
1741655400.0,5.711195996651923,-0.281564646901737
1741655460.0,5.711341756809355,-0.28150187319320447
1741655520.0,5.711487510009345,-0.2814390942691446
1741655580.0,5.7116332562531165,-0.28137631013113007
1741655640.0,5.711778995541821,-0.28131352078074207
1741655700.0,5.711924727876663,-0.28125072621955666
1741655760.0,5.712070453258793,-0.28118792644915336
1741655820.0,5.712216171689417,-0.28112512147110824
1741655880.0,5.71236188316972,-0.2810623112869972
1741655940.0,5.712507587700856,-0.28099949589839984
1741656000.0,5.712653285284063,-0.2809366753068888
1741656060.0,5.712798975920475,-0.2808738495140435
1741656120.0,5.712944659611297,-0.2808110185214382
1741656180.0,5.713090336357698,-0.280748182330649
1741656240.0,5.713236006160883,-0.2806853409432519
1741656300.0,5.713381669022021,-0.28062249436081943
1741656360.0,5.713527324942316,-0.2805596425849295
1741656420.0,5.713672973922921,-0.2804967856171562
1741656480.0,5.713818615965056,-0.28043392345907386
1741656540.0,5.713964251069873,-0.2803710561122551
1741656600.0,5.714109879238578,-0.2803081835782759
1741656660.0,5.7142555004723565,-0.2802453058587088
1741656720.0,5.714401114772396,-0.28018242295512646
1741656780.0,5.714546722139865,-0.28011953486910296
1741656840.0,5.714692322575951,-0.2800566416022128
1741656900.0,5.714837916081876,-0.2799937431560248
1741656960.0,5.714983502658773,-0.2799308395321152
1741657020.0,5.7151290823078655,-0.2798679307320547
1741657080.0,5.71527465503034,-0.2798050167574141
1741657140.0,5.715420220827365,-0.27974209760976415
1741657200.0,5.715565779700145,-0.2796791732906792
1741657260.0,5.7157113316498505,-0.27961624380172834
1741657320.0,5.715856876677668,-0.2795533091444823
1741657380.0,5.7160024147848,-0.2794903693205154
1741657440.0,5.716147945972435,-0.2794274243313915
1741657500.0,5.716293470241759,-0.27936447417868643
1741657560.0,5.716438987593959,-0.27930151886396426
1741657620.0,5.716584498030206,-0.2792385583888009
1741657680.0,5.7167300015517,-0.27917559275476367
1741657740.0,5.71687549815965,-0.2791126219634181
1741657800.0,5.717020987855224,-0.279049646016335
1741657860.0,5.717166470639608,-0.27898666491508517
1741657920.0,5.717311946514006,-0.2789236786612342
1741657980.0,5.717457415479606,-0.2788606872563511
1741658040.0,5.717602877537576,-0.2787976907020033
1741658100.0,5.717748332689122,-0.2787346889997596
1741658160.0,5.717893780935447,-0.2786716821511858
1741658220.0,5.718039222277721,-0.2786086701578491
1741658280.0,5.718184656717147,-0.27854565302131506
1741658340.0,5.718330084254914,-0.2784826307431527
1741658400.0,5.71847550489219,-0.2784196033249277
1741658460.0,5.718620918630196,-0.2783565707682038
1741658520.0,5.718766325470121,-0.27829353307455
1741658580.0,5.7189117254131325,-0.2782304902455285
1741658640.0,5.719057118460452,-0.2781674422827064
1741658700.0,5.71920250461325,-0.27810438918764946
1741658760.0,5.7193478838727145,-0.27804133096191797
1741658820.0,5.719493256240065,-0.2779782676070826
1741658880.0,5.719638621716472,-0.2779151991247021
1741658940.0,5.71978398030312,-0.2778521255163454
1741659000.0,5.719929332001235,-0.2777890467835711
1741659060.0,5.720074676811965,-0.2777259629279448
1741659120.0,5.720220014736552,-0.2776628739510303
1741659180.0,5.7203653457761465,-0.2775997798543914
1741659240.0,5.720510669931969,-0.27753668063958664
1741659300.0,5.720655987205193,-0.2774735763081817
1741659360.0,5.720801297597036,-0.2774104668617385
1741659420.0,5.720946601108668,-0.2773473523018192
1741659480.0,5.721091897741296,-0.2772842326299824
1741659540.0,5.721237187496121,-0.2772211078477919
1741659600.0,5.721382470374315,-0.27715797795680797
1741659660.0,5.721527746377098,-0.2770948429585927
1741659720.0,5.7216730155056394,-0.27703170285470474
1741659780.0,5.721818277761162,-0.2769685576467061
1741659840.0,5.7219635331448355,-0.27690540733615526
1741659900.0,5.722108781657862,-0.2768422519246127
1741659960.0,5.722254023301447,-0.2767790914136387
1741660020.0,5.722399258076796,-0.2767159258047901
1741660080.0,5.72254448598506,-0.27665275509962894
1741660140.0,5.722689707027477,-0.27658957929971206
1741660200.0,5.722834921205235,-0.27652639840659804
1741660260.0,5.72298012851952,-0.27646321242184546
1741660320.0,5.723125328971521,-0.2764000213470129
1741660380.0,5.723270522562475,-0.27633682518365726
1741660440.0,5.723415709293534,-0.27627362393333527
1741660500.0,5.7235608891659036,-0.27621041759760556
1741660560.0,5.7237060621808045,-0.2761472061780232
1741660620.0,5.723851228339406,-0.2760839896761467
1741660680.0,5.72399638764293,-0.2760207680935313
1741660740.0,5.724141540092564,-0.27595754143173384
1741660800.0,5.724286685689494,-0.2758943096923092
1741660860.0,5.724431824434925,-0.2758310728768144
1741660920.0,5.724576956330077,-0.27576783098680274
1741660980.0,5.724722081376122,-0.275704584023831
1741661040.0,5.724867199574263,-0.27564133198945606
1741661100.0,5.725012310925703,-0.27557807488522607
1741661160.0,5.7251574154316485,-0.27551481271270123
1741661220.0,5.725302513093286,-0.2754515454734315
1741661280.0,5.725447603911817,-0.2753882731689754
1741661340.0,5.72559268788845,-0.2753249958008829
1741661400.0,5.725737765024369,-0.2752617133707054
1741661460.0,5.725882835320779,-0.2751984258800016
1741661520.0,5.726027898778901,-0.27513513333031964
1741661580.0,5.726172955399906,-0.27507183572321453
1741661640.0,5.726318005185015,-0.27500853306023615
1741661700.0,5.726463048135414,-0.2749452253429378
1741661760.0,5.72660808425229,-0.2748819125728712
1741661820.0,5.726753113536883,-0.2748185947515878
1741661880.0,5.726898135990381,-0.2747552718806376
1741661940.0,5.727043151613968,-0.2746919439615721
1741662000.0,5.72718816040885,-0.2746286109959429
1741662060.0,5.7273331623762305,-0.27456527298529987
1741662120.0,5.727478157517331,-0.2745019299311929
1741662180.0,5.727623145833323,-0.2744385818351718
1741662240.0,5.727768127325425,-0.2743752286987846
1741662300.0,5.727913101994827,-0.2743118705235831
1741662360.0,5.728058069842748,-0.27424850731111516
1741662420.0,5.728203030870376,-0.27418513906293085
1741662480.0,5.728347985078934,-0.2741217657805764
1741662540.0,5.7284929324696074,-0.27405838746560174
1741662600.0,5.7286378730436,-0.2739950041195532
1741662660.0,5.728782806802117,-0.27393161574398056
1741662720.0,5.728927733746363,-0.27386822234043207
1741662780.0,5.729072653877523,-0.27380482391045047
1741662840.0,5.729217567196839,-0.2737414204555857
1741662900.0,5.729362473705496,-0.27367801197738584
1741662960.0,5.729507373404681,-0.27361459847739544
1741663020.0,5.729652266295633,-0.2735511799571592
1741663080.0,5.729797152379521,-0.27348775641822354
1741663140.0,5.729942031657551,-0.27342432786213816
1741663200.0,5.730086904130961,-0.2733608942904425
1741663260.0,5.7302317698009375,-0.2732974557046865
1741663320.0,5.730376628668668,-0.2732340121064129
1741663380.0,5.7305214807353915,-0.2731705634971647
1741663440.0,5.730666326002277,-0.27310710987848985
1741663500.0,5.730811164470564,-0.2730436512519278
1741663560.0,5.73095599614144,-0.272980187619025
1741663620.0,5.731100821016108,-0.27291671898132597
1741663680.0,5.731245639095773,-0.2728532453403718
1741663740.0,5.731390450381657,-0.2727897666977072
1741663800.0,5.731535254874946,-0.2727262830548733
1741663860.0,5.731680052576863,-0.2726627944134147
1741663920.0,5.731824843488593,-0.27259930077487066
1741663980.0,5.7319696276113765,-0.2725358021407842
1741664040.0,5.732114404946382,-0.2724722985126964
1741664100.0,5.73225917549485,-0.2724087898921501
1741664160.0,5.732403939257967,-0.2723452762806847
1741664220.0,5.732548696236953,-0.27228175767984486
1741664280.0,5.732693446433014,-0.2722182340911664
1741664340.0,5.732838189847337,-0.2721547055161905
1741664400.0,5.73298292648116,-0.27209117195646
1741664460.0,5.733127656335653,-0.27202763341351255
1741664520.0,5.733272379412074,-0.27196408988888576
1741664580.0,5.733417095711589,-0.2719005413841243
1741664640.0,5.733561805235422,-0.2718369879007622
1741664700.0,5.7337065079847775,-0.271773429440339
1741664760.0,5.733851203960895,-0.271709866004394
1741664820.0,5.7339958931649235,-0.27164629759446657
1741664880.0,5.734140575598123,-0.27158272421209256
1741664940.0,5.734285251261679,-0.2715191458588097
1741665000.0,5.7344299201568125,-0.2714555625361573
1741665060.0,5.734574582284711,-0.2713919742456696
1741665120.0,5.7347192376466145,-0.27132838098888584
1741665180.0,5.734863886243727,-0.27126478276734023
1741665240.0,5.735008528077234,-0.27120117958257217
1741665300.0,5.735153163148358,-0.27113757143611583
1741665360.0,5.735297791458339,-0.27107395832950704
1741665420.0,5.735442413008346,-0.27101034026427995
1741665480.0,5.7355870277996,-0.2709467172419722
1741665540.0,5.7357316358333215,-0.27088308926411797
1741665600.0,5.735876237110718,-0.27081945633224963
1741665660.0,5.736020831632992,-0.2707558184479048
1741665720.0,5.736165419401365,-0.2706921756126159
1741665780.0,5.73631000041706,-0.2706285278279188
1741665840.0,5.736454574681262,-0.2705648750953442
1741665900.0,5.736599142195193,-0.27050121741642624
1741665960.0,5.736743702960077,-0.270437554792699
1741666020.0,5.736888256977099,-0.2703738872256949
1741666080.0,5.737032804247498,-0.27031021471694466
1741666140.0,5.737177344772478,-0.2702465372679858
1741666200.0,5.737321878553245,-0.2701828548803421
1741666260.0,5.73746640559102,-0.27011916755555293
1741666320.0,5.7376109258869885,-0.2700554752951454
1741666380.0,5.737755439442408,-0.26999177810065367
1741666440.0,5.737899946258467,-0.2699280759736049
1741666500.0,5.738044446336384,-0.2698643689155315
1741666560.0,5.738188939677366,-0.2698006569279641
1741666620.0,5.738333426282634,-0.2697369400124335
1741666680.0,5.738477906153409,-0.26967321817046835
1741666740.0,5.738622379290878,-0.26960949140359947
1741666800.0,5.738766845696262,-0.2695457597133523
1741666860.0,5.738911305370803,-0.26948202310126085
1741666920.0,5.739055758315686,-0.26941828156885067
1741666980.0,5.73920020453215,-0.2693545351176524
1741667040.0,5.739344644021381,-0.26929078374919135
1741667100.0,5.7394890767846025,-0.26922702746499827
1741667160.0,5.739633502823053,-0.2691632662666003
1741667220.0,5.73977792213792,-0.26909950015552286
1741667280.0,5.739922334730423,-0.2690357291332948
1741667340.0,5.740066740601786,-0.26897195320144346
1741667400.0,5.74021113975323,-0.2689081723614923
1741667460.0,5.740355532185941,-0.26884438661497206
1741667520.0,5.740499917901159,-0.2687805959634064
1741667580.0,5.740644296900106,-0.2687168004083191
1741667640.0,5.740788669183987,-0.2686529999512389
1741667700.0,5.740933034754004,-0.2685891945936896
1741667760.0,5.741077393611416,-0.2685253843371965
1741667820.0,5.74122174575739,-0.26846156918328334
1741667880.0,5.741366091193167,-0.26839774913347386
1741667940.0,5.741510429919951,-0.26833392418929686
1741668000.0,5.741654761938981,-0.26827009435227084
1741668060.0,5.74179908725146,-0.26820625962392114
1741668120.0,5.741943405858612,-0.26814242000577154
1741668180.0,5.74208771776164,-0.2680785754993439
1741668240.0,5.742232022961784,-0.2680147261061619
1741668300.0,5.742376321460228,-0.2679508718277492
1741668360.0,5.7425206132582325,-0.26788701266562426
1741668420.0,5.742664898356983,-0.2678231486213143
1741668480.0,5.7428091767577,-0.26775927969633584
1741668540.0,5.742953448461607,-0.26769540589221447
1741668600.0,5.7430977134699415,-0.26763152721046685
1741668660.0,5.743241971783892,-0.2675676436526183
1741668720.0,5.743386223404695,-0.2675037552201839
1741668780.0,5.743530468333558,-0.2674398619146907
1741668840.0,5.743674706571701,-0.26737596373765543
1741668900.0,5.743818938120365,-0.26731206069059654
1741668960.0,5.74396316298075,-0.2672481527750342
1741669020.0,5.744107381154064,-0.26718423999248864
1741669080.0,5.744251592641547,-0.2671203223444782
1741669140.0,5.744395797444417,-0.26705639983251966
1741669200.0,5.744539995563881,-0.26699247245813484
1741669260.0,5.7446841870011776,-0.26692854022284057
1741669320.0,5.744828371757509,-0.26686460312815175
1741669380.0,5.744972549834101,-0.2668006611755902
1741669440.0,5.745116721232155,-0.266736714366671
1741669500.0,5.745260885952946,-0.2666727627029125
1741669560.0,5.745405043997626,-0.26660880618582977
1741669620.0,5.745549195367468,-0.26654484481693935
1741669680.0,5.745693340063677,-0.26648087859775627
1741669740.0,5.745837478087458,-0.2664169075298007
1741669800.0,5.745981609440067,-0.26635293161458407
1741669860.0,5.746125734122691,-0.2662889508536213
1741669920.0,5.746269852136551,-0.26622496524843264
1741669980.0,5.7464139634829055,-0.26616097480052603
1741670040.0,5.746558068162939,-0.2660969795114234
1741670100.0,5.746702166177891,-0.266032979382631
1741670160.0,5.746846257528967,-0.2659689744156689
1741670220.0,5.7469903422174236,-0.265904964612047
1741670280.0,5.747134420244446,-0.26584094997328
1741670340.0,5.747278491611259,-0.2657769305008831
1741670400.0,5.747422556319115,-0.2657129061963658
1741670460.0,5.747566614369222,-0.2656488770612431
1741670520.0,5.747710665762782,-0.2655848430970266
1741670580.0,5.747854710501054,-0.26552080430522584
1741670640.0,5.747998748585222,-0.26545676068735585
1741670700.0,5.748142780016544,-0.2653927122449263
1741670760.0,5.7482868047962254,-0.2653286589794487
1741670820.0,5.748430822925503,-0.26526460089243437
1741670880.0,5.748574834405566,-0.26520053798539495
1741670940.0,5.748718839237687,-0.2651364702598382
1741671000.0,5.748862837423052,-0.26507239771727403
1741671060.0,5.749006828962902,-0.26500832035921557
1741671120.0,5.749150813858458,-0.264944238187169
1741671180.0,5.749294792110942,-0.2648801512026475
1741671240.0,5.749438763721593,-0.26481605940715564
1741671300.0,5.749582728691615,-0.2647519628022031
1741671360.0,5.749726687022231,-0.2646878613892995
1741671420.0,5.749870638714677,-0.2646237551699512
1741671480.0,5.750014583770179,-0.26455964414566774
1741671540.0,5.750158522189956,-0.26449552831795725
1741671600.0,5.750302453975247,-0.2644314076883241
1741671660.0,5.750446379127259,-0.26436728225827805
1741671720.0,5.750590297647228,-0.2643031520293253
1741671780.0,5.750734209536377,-0.26423901700297037
1741671840.0,5.750878114795928,-0.26417487718072113
1741671900.0,5.751022013427102,-0.26411073256408213
1741671960.0,5.751165905431139,-0.26404658315456125
1741672020.0,5.751309790809278,-0.26398242895366136
1741672080.0,5.751453669562705,-0.2639182699628903
1741672140.0,5.751597541692661,-0.2638541061837491
1741672200.0,5.7517414072004005,-0.2637899376177423
1741672260.0,5.751885266087112,-0.26372576426637945
1741672320.0,5.752029118354051,-0.26366158613115814
1741672380.0,5.752172964002423,-0.2635974032135846
1741672440.0,5.752316803033465,-0.263533215515165
1741672500.0,5.752460635448401,-0.2634690230373969
1741672560.0,5.7526044612484695,-0.2634048257817865
1741672620.0,5.752748280434892,-0.26334062374983647
1741672680.0,5.75289209300889,-0.2632764169430461
1741672740.0,5.753035898971684,-0.26321220536291984
1741672800.0,5.753179698324518,-0.2631479890109605
1741672860.0,5.753323491068608,-0.26308376788866367
1741672920.0,5.753467277205196,-0.2630195419975392
1741672980.0,5.753611056735504,-0.262955311339081
1741673040.0,5.753754829660752,-0.2628910759147918
1741673100.0,5.7538985959821645,-0.262826835726171
1741673160.0,5.754042355700995,-0.26276259077471936
1741673220.0,5.754186108818449,-0.262698341061938
1741673280.0,5.754329855335767,-0.26263408658932264
1741673340.0,5.7544735952541695,-0.262569827358376
1741673400.0,5.754617328574896,-0.26250556337059555
1741673460.0,5.754761055299166,-0.2624412946274788
1741673520.0,5.754904775428223,-0.26237702113052325
1741673580.0,5.755048488963268,-0.26231274288122985
1741673640.0,5.755192195905559,-0.26224845988109613
1741673700.0,5.755335896256317,-0.26218417213161616
1741673760.0,5.755479590016765,-0.262119879634289
1741673820.0,5.755623277188141,-0.2620555823906123
1741673880.0,5.755766957771666,-0.2619912804020817
1741673940.0,5.7559106317685815,-0.2619269736701948
1741674000.0,5.756054299180107,-0.26186266219644555
1741674060.0,5.756197960007483,-0.26179834598232965
1741674120.0,5.756341614251931,-0.2617340250293446
1741674180.0,5.75648526191469,-0.26166969933898454
1741674240.0,5.756628902996981,-0.26160536891274155
1741674300.0,5.756772537500044,-0.2615410337521132
1741674360.0,5.756916165425102,-0.2614766938585935
1741674420.0,5.757059786773392,-0.26141234923367823
1741674480.0,5.757203401546136,-0.26134799987885604
1741674540.0,5.757347009744593,-0.26128364579562274
1741674600.0,5.757490611369946,-0.26121928698547414
1741674660.0,5.7576342064234725,-0.26115492344990243
1741674720.0,5.757777794906393,-0.2610905551903963
1741674780.0,5.757921376819911,-0.26102618220845
1741674840.0,5.758064952165301,-0.2609618045055555
1741674900.0,5.758208520943768,-0.26089742208320693
1741674960.0,5.758352083156533,-0.26083303494289134
1741675020.0,5.75849563880487,-0.2607686430861045
1741675080.0,5.758639187889967,-0.26070424651433327
1741675140.0,5.758782730413079,-0.2606398452290701
1741675200.0,5.758926266375447,-0.2605754392318036
1741675260.0,5.7590697957782915,-0.26051102852402785
1741675320.0,5.759213318622851,-0.2604466131072264
1741675380.0,5.7593568349103315,-0.26038219298289494
1741675440.0,5.759500344642006,-0.2603177681525188
1741675500.0,5.759643847819096,-0.2602533386175867
1741675560.0,5.759787344442824,-0.26018890437958914
1741675620.0,5.759930834514411,-0.2601244654400132
1741675680.0,5.760074318035133,-0.26006002180034765
1741675740.0,5.760217795006192,-0.2599955734620777
1741675800.0,5.760361265428828,-0.2599311204266921
1741675860.0,5.760504729304262,-0.2598666626956815
1741675920.0,5.760648186633753,-0.2598022002705275
1741675980.0,5.760791637418538,-0.259737733152719
1741676040.0,5.760935081659821,-0.2596732613437412
1741676100.0,5.761078519358842,-0.2596087848450812
1741676160.0,5.761221950516858,-0.25954430365822595
1741676220.0,5.761365375135109,-0.2594798177846573
1741676280.0,5.761508793214779,-0.2594153272258639
1741676340.0,5.761652204757162,-0.2593508319833259
1741676400.0,5.761795609763461,-0.2592863320585338
1741676460.0,5.761939008234917,-0.25922182745296585
1741676520.0,5.7620824001727495,-0.25915731816811083
1741676580.0,5.762225785578233,-0.2590928042054505
1741676640.0,5.762369164452572,-0.25902828556646673
1741676700.0,5.76251253679699,-0.25896376225264467
1741676760.0,5.762655902612758,-0.25889923426546624
1741676820.0,5.7627992619011,-0.25883470160641486
1741676880.0,5.762942614663255,-0.25877016427696886
1741676940.0,5.763085960900426,-0.25870562227861704
1741677000.0,5.763229300613888,-0.25864107561283417
1741677060.0,5.763372633804863,-0.2585765242811038
1741677120.0,5.76351596047459,-0.25851196828491113
1741677180.0,5.763659280624307,-0.2584474076257311
1741677240.0,5.763802594255256,-0.2583828423050454
1741677300.0,5.763945901368637,-0.25831827232433757
1741677360.0,5.764089201965728,-0.2582536976850824
1741677420.0,5.7642324960477485,-0.2581891183887652
1741677480.0,5.764375783615956,-0.2581245344368608
1741677540.0,5.764519064671556,-0.2580599458308491
1741677600.0,5.7646623392158025,-0.25799535257220857
1741677660.0,5.7648056072499365,-0.2579307546624192
1741677720.0,5.764948868775179,-0.2578661521029592
1741677780.0,5.765092123792787,-0.25780154489530344
1741677840.0,5.765235372303981,-0.257736933040932
1741677900.0,5.765378614310002,-0.2576723165413213
1741677960.0,5.765521849812107,-0.257607695397948
1741678020.0,5.765665078811516,-0.25754306961229034
1741678080.0,5.76580830130945,-0.2574784391858232
1741678140.0,5.765951517307186,-0.257413804120023
1741678200.0,5.766094726805943,-0.25734916441636463
1741678260.0,5.766237929806962,-0.2572845200763264
1741678320.0,5.766381126311482,-0.25721987110137956
1741678380.0,5.766524316320725,-0.25715521749300074
1741678440.0,5.766667499835962,-0.25709055925266466
1741678500.0,5.766810676858402,-0.25702589638184614
1741678560.0,5.766953847389297,-0.2569612288820183
1741678620.0,5.7670970114298905,-0.25689655675465584
1741678680.0,5.7672401689814015,-0.2568318800012319
1741678740.0,5.767383320045088,-0.2567671986232178
1741678800.0,5.767526464622186,-0.25670251262208826
1741678860.0,5.76766960271394,-0.2566378219993164
1741678920.0,5.767812734321567,-0.2565731267563718
1741678980.0,5.767955859446344,-0.2565084268947292
1741679040.0,5.7680989780894745,-0.25644372241585994
1741679100.0,5.7682420902522145,-0.2563790133212319
1741679160.0,5.768385195935804,-0.25631429961231983
1741679220.0,5.768528295141482,-0.25624958129059333
1741679280.0,5.768671387870487,-0.25618485835752364
1741679340.0,5.768814474124041,-0.2561201308145804
1741679400.0,5.768957553903436,-0.2560553986632314
1741679460.0,5.769100627209859,-0.25599066190494973
1741679520.0,5.769243694044565,-0.2559259205412031
1741679580.0,5.769386754408831,-0.25586117457345775
1741679640.0,5.769529808303841,-0.25579642400319014
1741679700.0,5.76967285573087,-0.2557316688318594
1741679760.0,5.769815896691141,-0.2556669090609385
1741679820.0,5.769958931185927,-0.25560214469189535
1741679880.0,5.770101959216431,-0.255537375726196
1741679940.0,5.770244980783913,-0.25547260216531004
1741680000.0,5.770387995889609,-0.2554078240107
